patient,0,1,2,3,4,5,6,7,8,9,10,11,12,13,14,15,16,17,18,19,20,21,22,23,24,25,26,27,28,29,tumor,project
TCGA-F1-6874-01,0.17408610711465836,0.2340647012807312,0.4863992444383722,0.41127931507709553,0.430230327403049,0.015041488566596088,0.0,0.0018132660803246677,0.0,0.8422039657611987,0.0,0.0,0.17497722041395933,0.0,0.0,0.0,0.11840026147665088,0.0,0.04185984014481361,0.08814875483090288,0.0,0.11138140802933402,0.0,0.16811259909748805,0.0,0.0,0.0,0.18639056899065493,0.0005409446581112534,0.07990636425474733,1,STAD
TCGA-CG-5719-01,0.21210755661713415,0.4684597428466087,0.5427382015262473,0.0010408447475374171,0.03453683070330129,0.0,0.1716709532908845,0.35163982834831375,0.23471983098120172,0.07440626174354191,0.020518684280417768,0.0,0.2717501056682004,0.0,0.0,0.0,0.0,0.09345073786965105,0.05171437688410819,0.0,0.0,0.10256006856187622,0.0,0.2948186890510796,0.0,0.09526185476928134,0.07637236721188717,0.21937079645212493,0.0,0.08297646478778219,1,STAD
TCGA-CG-4477-01,0.017376449890445754,0.0,0.20745647861646896,0.5210972139582043,0.0,0.1413158365336142,0.0634466794799021,0.0,0.0022091420705278825,0.0,0.10654264001098274,0.0,0.28373046702860305,0.0,0.06934609987148116,0.0039701293287934545,0.0,0.07528186722349244,0.0666943771727091,0.0,0.5301720204691955,0.0,0.1640162495756522,0.055396109201739555,0.003407054043669848,0.0,0.0,0.00012594528945713117,0.0,0.5256653764345086,1,STAD
TCGA-CG-5725-01,0.0,0.0,0.0,0.0,0.0,0.0,0.0,0.017176700935022864,0.0,0.7831756010225435,0.0,0.0,0.0,0.0,0.9999999999999999,0.0,0.0,0.0,0.0,0.0,0.0,0.0,0.0,0.14770094476087997,0.0,0.0,0.0,0.0,0.18973177777336145,0.0,1,STAD
TCGA-BR-4280-01,0.6899001840454944,0.1469037709482932,0.0,0.33441454982087143,0.5749611125616542,0.1789478959594627,0.0,0.008430218918754938,0.0,0.0,0.036677356519297745,0.018499617729436802,0.005499759408494114,0.0,0.0,0.00412545933783877,0.0,0.041371943721192836,0.0,0.0,0.0,0.0,0.33495937807824616,0.0,0.04483569119156739,0.0,0.0,0.0,0.0,0.0,1,STAD
TCGA-BR-6707-01,0.713246420792454,0.07112483085647892,0.06733253225080227,0.16983688796765795,0.0095462695769625,0.023897227281486903,0.7289457591691411,0.0047116817780318175,0.0,0.6347788254889615,0.0,0.0,0.0,0.0,0.0,0.0,0.0,0.0,0.0,0.0,0.0,0.0,0.0,0.2669606574312721,0.021730106519195935,0.0,0.17234427849750772,0.0,0.0483859189881846,0.22413704125071762,1,STAD
TCGA-CG-4466-01,0.21485888791004662,0.0,0.2709181132368636,0.16548033537935114,0.0,0.0,0.0,0.0,0.0,0.0,0.0,0.0,0.05644067476775693,0.3109358700328321,0.010485683783117053,0.0,0.00854477290932931,0.10753685199695112,0.0,0.09647388877024099,0.0,0.1021564307982965,0.605018026154269,0.0,0.525835147077198,0.0,0.0,0.0,0.035641995503298995,0.4929293972063679,1,STAD
TCGA-CG-4444-01,0.35337820888464133,0.2457283965668878,0.09901413501841046,0.1969570842077098,0.18622597538943292,0.23128172726411686,0.0,0.0,0.0,0.6382720166490422,0.0,0.0,0.19755052219945685,0.21879817275665162,0.0,0.12952207670332655,0.0,0.020145084641786958,0.0,0.10347003274289703,0.006642994885157651,0.0,0.2955451245745185,0.0,0.04159851587251878,0.16762593418814858,0.0,0.0,0.22563168369470538,0.25292740806700054,1,STAD
TCGA-CG-4442-01,0.46988586200959165,0.0,0.0,0.0007484008297732747,0.0,0.0,0.0,0.016831947210443305,0.16863189571348258,0.5591653066352005,0.0,0.0,0.33875361593949105,0.0,0.0,0.3597299437653383,0.02032494894717372,0.0,0.0,0.0,0.0,0.048449550628890004,0.012535317162101088,0.006192347613416448,0.9999999999999999,0.0,0.0,0.0,0.13647423367332276,0.2730261375629653,1,STAD
TCGA-CG-4436-01,0.5396703560252435,0.0,0.0,0.3165985218923981,0.0,0.0,0.0,0.0,0.0,0.5752742754206389,0.05503859660516531,0.0,0.26076661541779583,0.0,0.0,0.0,0.0,0.0,0.11952096958763941,0.0,0.0,0.0,1.0,0.0,0.2949495996348723,0.0,0.0,0.0,0.0,0.0,1,STAD
TCGA-D7-6815-01,0.3840564158905829,0.9814550079436242,0.21541313367547824,0.0,0.25978704694585447,0.29570310840372854,0.0,0.0,0.054878139870407315,0.0,0.07545772591755676,0.0003814940831314862,0.04522213157297996,0.3110728138366961,0.02234933841654846,0.0,0.0036133677699300504,0.0,0.0,0.04821855562911098,0.0,0.23013032509998496,0.19258919393610513,0.04058902466627835,0.04016843925223969,0.0,0.0,0.036949751005281826,0.16558070812658363,0.0,1,STAD
TCGA-CG-4476-01,0.36674518128021366,0.5807391861533643,0.18917411979669618,0.09489977606447095,0.0715871182960948,0.14316564395854953,0.0,0.2577896179601324,0.0,0.8703113793399662,0.0,0.02635345612341112,0.237987338706878,0.18546085254297914,0.0,0.02448402575463016,0.0,0.0,0.3928463940360778,0.0,0.0,0.0,0.06451742149881382,0.0,0.0,0.13639392980972556,0.0,0.0,0.21872864552537324,0.27903398526815565,1,STAD
TCGA-BR-6458-01,0.7948207355299828,0.46661629566413454,0.0,0.0,0.0,0.0,0.0,0.003243193188978074,0.0,0.0,0.12551704232856675,0.0,0.0,0.0,0.0,0.2701713824877517,0.0,0.06036853606653521,0.0,0.0,0.0,0.0,0.0,0.19038953945589626,0.3443263889436523,0.4700589536433211,0.05656906872594884,0.007775395237802438,0.4759530325487225,0.011566461512020393,1,STAD
TCGA-BR-8486-01,0.474072773290234,0.8533778143494206,0.0,0.3139744868951631,0.11203540499576556,0.32944480458665726,0.005870158476543151,0.06639689794274148,0.030131719382681575,0.0,0.0,0.0,0.01438437198880979,0.07527675131788913,0.029844617761027245,0.0,0.13570936459510458,0.0,0.01791653338062491,0.011015455543416744,0.0,0.0,0.3820561443040605,0.00929737807206017,0.0,0.0,0.0,0.19024018367292633,0.27779701584952593,0.045237202121867034,1,STAD
TCGA-CD-5803-01,0.25715310249581314,0.49942952084256237,0.44855286144641154,0.14585970800199033,0.0011995382039152612,0.0,0.2826445509358815,0.5107397741541875,0.005479169595315253,0.04991049617146382,0.09150635790022073,0.0,0.07382815432859405,0.08444750849018125,0.0,0.3043363607372977,0.0,0.042402391183353955,0.022634671810066714,0.0,0.021115649929496966,0.0,0.0,0.17239904230331235,0.01735311094309174,0.211723382857991,0.042861968783842505,0.06159079454771288,0.0,0.0,1,STAD
TCGA-D7-6528-01,0.5816371319279098,0.0,0.10813954838825372,0.03534871440519781,0.28552098296913786,0.0,0.0,0.0460300125981816,0.2219729185061774,0.0,0.1904811295573884,0.0,0.0,0.0,0.0,0.0,0.0,0.0,0.0,0.0,0.0,0.10586521174786091,0.5891309203216698,0.0,0.0,0.0,0.04046980817216654,0.12405484149668695,0.10059970676656534,0.0,1,STAD
TCGA-BR-4201-01,0.3282903733871987,0.0,0.0,0.1439367921858025,0.04665605743520152,0.0,0.0,0.1692650005147776,0.15285323085453564,0.0,0.009959192836184124,0.03052299549968576,0.4764803653229606,0.0,0.023069535216931294,0.21133394749816486,0.03816543899664052,0.05557207682734938,0.0,0.0,0.16882399705730436,0.013727463254657044,0.028056950166278332,0.12917686001198445,0.2880732888584133,0.19026595593269177,0.08137113649022716,0.0,0.11489183838516019,0.3745476280363944,1,STAD
TCGA-CG-4465-01,0.744657046562434,0.04473279926635139,0.0,0.22006339684452955,0.4879627735150339,0.29600402485178806,0.0,0.0,0.03740714482833299,0.0,0.0,0.0,0.5179775193749092,0.0,0.0,0.0,0.0,0.004130069526216935,0.0,0.0,0.0,0.0006718165424391525,0.010159139248647944,0.12015459672949694,0.0,0.0,0.0,0.0,0.1872197027144245,0.15373610906938462,1,STAD
TCGA-BR-8373-01,0.5138507163105077,0.8826263682039389,0.0,0.0,0.0066850377147700596,0.04754161759676951,0.0,0.16311776099200898,0.0,0.0,0.15725565900626085,0.0,0.35400208327359517,0.40023485761928546,0.0,0.10657387852822504,0.7587144680169464,0.0,0.0,0.0,0.0,0.0,0.09713103051527117,0.0,0.0,0.0,0.009734346205431907,0.06330570244922154,0.0,0.0,1,STAD
TCGA-BR-4256-01,0.40618481547876045,0.0,0.0,0.28908680876109805,0.0,0.0,0.0,0.6003186513997876,0.0,0.8685931416247282,0.04387102727168855,0.00788399527901273,0.42754807207481965,0.0,0.0,0.33299886809565615,0.0,0.06960285649072902,0.0,0.0,0.0,0.0,0.0,0.13275253297059159,0.3767920016211484,0.11523415128771305,0.0,0.0,0.09435101589106486,0.0195027329977606,1,STAD
TCGA-BR-6565-01,0.4231514318725714,0.278750514586598,0.0,0.10959625148429893,0.22329388407021378,0.04744652967565167,0.07909646009771026,0.33480763929470136,0.0013754643169482433,0.6049703126369282,0.0,0.0,0.0,0.20305269357122724,0.0,0.41859396435057555,0.08448830054420085,0.0,0.0,0.0,0.0,0.0,0.43579144588252544,0.19358194565918735,0.0,0.0012293246868447974,0.016214939514215987,0.0,0.21017140672404788,0.0,1,STAD
TCGA-D7-6520-01,0.6430685514316362,0.6054102924974296,0.021471724775288418,0.0,0.0,0.13683960267194312,0.0,0.10900339938835817,0.0,1.0,0.0,0.0,0.0,1.0,0.0,0.0,0.012879982796530192,0.0,0.0,0.0,0.0,0.0021773734785244274,0.0,1.0,0.0,0.0,0.0,0.0,0.0,0.0,1,STAD
TCGA-HU-A4H0-01,0.6366055591555513,0.0,0.0,0.28537134352111365,0.013538677503304961,0.03972674346466761,0.143713398295097,0.0,0.0,0.5548897093581948,0.0,0.0,0.0,0.04403776687430932,0.008429553757926991,0.19898456633411074,0.0,0.0,0.0,0.0,0.01129199931576638,0.05214609150526755,0.07527807636393395,0.0,0.09276291066951144,0.0,0.6924983650404831,0.0,0.0,0.0,1,STAD
TCGA-CG-5730-11,0.845750742404475,0.08635747193951317,0.02532950978700342,0.0,0.0,1.0,0.07035982537543611,0.24638413387973762,0.0,0.0,0.027408776500262296,0.0,0.0,0.0,0.003975829434590463,0.0,0.0,0.011037046355994923,0.2937780245391222,0.10713213568175714,0.0,0.0,0.0,0.12453200036691345,0.10806104024883872,0.019004088382144877,0.0,0.0,0.0,0.0,0,STAD
TCGA-BR-6705-01,0.5115394675942396,0.2179050817077986,0.0,0.019567835854160057,0.0,0.0,0.014414642648426606,0.49716738584846454,0.2076150639064248,0.0,0.10555580708700531,0.0,0.0,0.0,0.0,0.0,0.13707302520821768,0.0,0.0,0.0,0.002856699933887694,0.06893994587930075,0.0,0.04287284413566042,0.14447987217067185,0.7564433164475195,0.0953291038973118,0.06011068179947784,0.2768329189453676,0.0,1,STAD
TCGA-D7-6522-01,0.30179882986502266,0.39178519330387274,0.0,0.019952588964348057,0.1832941068771993,0.3850166239885359,0.30628026221792776,0.16443319092515363,0.048757036264847696,0.7865636933121279,0.029509312131838827,0.006546202414210732,0.23280943070370033,0.0,0.0,0.27473446255558626,0.0,0.0,0.0,0.02458121447773634,0.0,0.0,0.0,0.0,0.0,0.4995977849911692,0.0,0.045628391687677544,0.0,0.0,1,STAD
TCGA-CG-5722-01,0.36729749738922024,0.0,0.07375956260675845,0.0,0.0,0.0225964347841231,1.0,0.11339138419296471,0.0,0.0,0.1041095958631823,0.0,0.3945811147733864,0.0339228627662912,0.0,0.0,0.0,0.0,0.2026986844865441,0.009549388289316087,0.0696927790228021,0.04035102209073148,0.0,0.0,0.09403095548699865,0.0,0.0,0.03395270057996266,0.0,0.13921001310407724,1,STAD
TCGA-CG-5717-01,0.6735250591842551,0.07368859185257921,0.0,0.31924221997733837,0.0,0.0,0.0,0.0,0.0,0.8744175114937519,0.0,0.0,0.14472110982856612,0.0,0.023294427710795988,0.0,0.0,0.055732800309475986,0.11298519747374647,0.0,1.0,0.0,0.0,0.0,0.0,0.22167822682495578,0.0,0.0,0.0,0.0,1,STAD
TCGA-FP-7998-01,0.36702495102300503,0.5041530562216311,0.0,0.5598111909847252,0.0,0.0,0.2634428095715845,0.4770491777183469,0.0,0.7678702107078524,0.034092082503860824,0.0024339369882053767,0.0,0.0,0.0,0.21121406090900927,0.0,0.0,0.0,0.0,0.0,0.01614251705715584,0.0,0.0,0.0,0.043352805220935625,0.2839194095277024,0.0,0.0,0.030915662656040035,1,STAD
TCGA-CG-4474-01,0.49025931732449785,0.7096788979720676,0.07909689515452976,0.0008898077494192731,0.3218988911151368,0.34287499858716813,0.180577858412414,0.0,0.0014253297673288326,0.0,0.0,0.0,0.5167955587849381,0.0,0.0,0.10485817535886431,0.0,0.0,0.10029420089558076,0.018322569945312405,0.0,0.02038703344550448,0.03594190072943284,0.0,0.0,0.0,0.009685547585324741,0.0,0.10900972666734643,0.3032068158875377,1,STAD
TCGA-BR-6456-01,0.5614458426856186,0.6284140630263771,0.0,0.0853596403680572,0.11124150318000457,0.011013330789429994,0.01673993852360127,0.4826639754881517,0.1853691497888455,0.0,0.0,0.04958335493202458,0.0,0.0,0.0,0.05776337007523225,0.0164164819691106,0.0,0.044141092979674744,0.1808386668713847,0.0,0.0,0.21114492117170336,0.19438720736949905,0.0,0.0,0.0,0.0,0.5287459537925536,0.0,1,STAD
TCGA-BR-6564-01,0.3047526514752122,0.2907091924901525,0.1480699250263209,0.0,0.014266149070343228,0.11881844874748017,0.1680299134880585,1.0,0.010805910072919056,0.0,0.07607935145122367,0.010735801880506417,0.0,0.0,0.019019815192910704,0.0,0.014312945096305601,0.06100880429065579,0.13795610072175232,0.01545532799365483,0.0,0.0,0.0,0.1385818421933399,0.0,0.18128454758011514,0.08065223341126283,0.20157624618297942,0.023411765964925925,0.0011803168954464794,1,STAD
TCGA-F1-6177-01,0.5381663053040711,0.0,0.0,0.0,1.0,0.0,0.013856729786527166,0.0,0.0,0.8195661471631738,0.010876560074759067,0.0,0.0,0.10167534128736525,0.0,0.0,0.0,0.014970974539382398,0.0,0.0,0.0,0.11746638775042821,0.0,0.0,0.196772864385224,0.0,0.0292520269071505,0.0,0.0,0.0,1,STAD
TCGA-BR-4255-01,0.4585389814873162,0.5025214549722158,0.23621147971845,0.0,0.0,0.0,0.17128669473725028,0.5777440139767449,0.07384578249685857,0.028852520323420446,0.049922635339343366,0.0,0.2619189090537981,0.1274032386770801,0.0,0.02529407558425699,0.0012386464966103773,0.08319015286178358,0.08600982889547168,0.0,0.0055354988190293875,0.0,0.0016490282080600244,0.06675374036784212,0.105243759270722,0.19899667457652762,0.03120116676174167,0.017723445355116496,0.2824192578905326,0.09628618597452986,1,STAD
TCGA-CD-5799-01,0.5573366931903949,0.0,0.5618101370639352,0.0,0.15816434587122602,0.14471451532279322,0.019561105985544655,0.0,0.0905024866740769,0.809347093265899,0.0,0.0,0.0,0.0,0.0,0.0,0.0,0.0,0.0,0.00345766480901303,0.0,0.07854544471732083,0.17031199618460238,0.6775259208219175,0.0,0.07470639000688135,0.0,0.16265811016280174,0.1446849987564567,0.0,1,STAD
TCGA-BR-4367-01,0.8067085375237971,0.44641422618397547,0.36792636220817176,0.0,0.0,0.004542004786550452,0.08424338010578884,0.0,0.0,0.5754385659052388,0.0,0.0,0.7863154427152649,0.022138317605846974,0.0,0.3703158522178301,0.0,0.0,0.0,0.0,0.0,0.0,0.10797616519759344,0.04725410707702273,0.0649452097246205,0.04261910126499772,0.056766136290651796,0.0,0.09101859870390633,0.0,1,STAD
TCGA-B7-5818-01,0.8283340533891368,0.0,0.0,0.1462735918301637,0.0,0.0,0.3243111812824635,0.0,0.0,0.5358694547142508,0.0,0.0,0.0,0.0,0.0,0.0,0.0,0.0,0.0,0.0,0.0,0.9565390852912733,0.0,0.193190550228842,0.0,0.0,0.0,0.018987302300334477,0.0,0.0,1,STAD
TCGA-BR-4279-01,0.4164200642312838,0.0,0.005556572198313573,0.0,0.0,0.0431965846957892,0.07105544082165655,0.39623427084640966,0.0,0.8684625246594224,0.0,0.0,0.712275705158497,0.0,0.0,0.0,0.0,0.11387209759999618,0.26624482695481766,0.027864586417518027,0.0,0.003956685278272354,0.26509360627045603,0.0,0.0,0.32580165954608253,0.0,0.0,0.0,0.3454781096802789,1,STAD
TCGA-CG-5721-01,0.5387481100779095,0.0,0.0,0.18733095917121217,0.00042364659988327236,0.0,0.0,0.022221549309309804,0.042598129349985886,0.4805175784390095,0.1299012861213804,0.0,0.0,0.0,0.0,1.0,0.0,0.3528504778424163,0.0,0.0,0.0,0.0418286119899315,0.0,0.0,0.0,0.0,0.0,0.08242916620773162,0.0024907278907990503,0.0,1,STAD
TCGA-BR-7722-01,0.33986992905935204,0.6796377927550852,0.9198105745388978,0.0,0.0,0.0,0.16048861956218732,0.13708718945314619,0.0,0.9282837863233367,0.0,0.0,0.0,0.0,0.0,0.0,0.0,0.031974919476509336,0.2566271317755697,0.0,0.06431778341306975,0.0,0.0,0.4708749279182414,0.0,0.0,0.08516675448796418,0.0,0.0,0.05145975611866641,1,STAD
TCGA-D7-6518-01,0.3180196249772054,0.3738734300757209,0.07013365616345629,0.0,0.0,0.0,0.21550557864855682,0.5741441181434407,0.07264190179597117,0.5908383643462484,0.0,0.0,0.0938085231360283,0.0,0.0,0.0,0.0,0.17434768064261288,0.0,0.347434173861796,0.03062995135092529,0.0,0.38582097386320624,0.0,0.0,0.2525128491331723,0.0,0.0,0.0,0.0069223464775948805,1,STAD
TCGA-CG-5732-01,0.2554975059338019,0.3679194066284223,0.19525290062339265,0.2474003640577535,0.0,0.31541032760487114,0.12573263595126735,0.0,0.0,0.5276789747511568,0.0,0.025560259261828682,0.0,0.6316016377394845,0.0,0.010247893059553894,0.017884858347503772,0.021349391796807324,0.27444619527227615,0.0,0.0,0.10865714846392131,2.5906458828206852e-05,0.010753843317989094,0.0,0.0,0.0,0.43246647877839667,0.0,0.0,1,STAD
TCGA-D7-6822-01,0.010754026733585418,0.368118906794376,0.0,0.0628854689194099,0.0,0.0,0.0,0.0,0.0,0.2777465882023268,0.40874067056013713,0.0,0.12771546450553478,0.0,0.22961073909203616,0.08703677412552041,0.062238736553022436,0.14436456888326507,0.0,0.09618419376308447,0.0,0.0,0.09889769629393616,0.0,0.31237502913741033,0.0,0.19581542117264153,0.021148608123747706,0.0,0.0,1,STAD
TCGA-BR-6457-01,0.2789772316396225,0.2805171752002678,0.17878947281362104,0.0,0.018172948365706414,0.06464553126448332,0.19290630160966094,0.7043791867165536,0.0,0.6716411261856869,0.04481405459581634,0.0,0.0,0.0,0.0,0.02463920003451572,0.04112001062482884,0.0,0.056241974263460094,0.06014797333851728,0.0,0.0,0.09566269443096319,0.173973868964982,0.24887920427041194,0.4697763184358601,0.021088715911784597,0.15796055358174751,0.0,0.0,1,STAD
TCGA-D7-6526-01,0.4963847023538954,0.029874754362415063,0.29676224072948526,0.0,0.10492226531739496,0.0,0.053984686293634856,0.19598500723906642,0.09751992932442181,0.0,0.0,0.0,0.17188668857498568,0.8732669622569921,0.0,0.0,0.0,0.0,0.0,0.0,0.0,0.0,0.4408589774872711,0.0,0.0,0.03606346847889454,0.08013944014325694,0.2047366564540356,0.1744068656414618,0.0,1,STAD
TCGA-IN-7806-01,0.4869157370360669,0.5404733527329663,0.6094279685405217,0.0,0.15681028199016417,0.17274630840023875,0.0,0.062355451556024455,0.0,0.5228141937398483,0.048103540339322584,0.0,0.0,0.0,0.0,0.0,0.0,0.0,0.0,0.14228828595918366,0.5438519582675331,0.0,0.09057021153922297,0.08473621342614045,0.0,0.0,0.0,0.0011774646297578453,0.023033614329812598,0.0,1,STAD
TCGA-CG-5723-01,0.40157233425360395,0.0,0.0,0.23854349620802684,0.0,0.0,0.0,0.12374027945492905,0.1498504866529858,0.7734810665971108,0.0,0.0,0.013693794139024969,0.0,0.0,0.2536009380518241,0.0,0.9999999999999999,0.0,0.0,0.020927514834697937,0.0,0.0,0.0,0.0,0.0,0.0,0.0,0.03278784185672851,0.0,1,STAD
TCGA-CG-4306-01,0.5837258809395499,0.1700881880128496,0.017688284193781077,0.0,0.12671428782437252,0.0,0.017248232297511636,0.0,0.006526097998478976,0.697605253514348,0.0,0.0,0.6495924623012611,0.0,0.0,0.24420063801172834,0.0,0.07358075780871215,0.22160064259313084,0.0,0.0017768311868907435,0.006856936931405609,0.0,0.0,0.44446822399695274,0.0,0.07242636666921401,0.0,0.13871546942402838,0.19428623170312925,1,STAD
TCGA-B7-5816-01,0.8655467732243998,0.0,0.0,0.34471320712458603,0.0,0.0,0.0,0.0,0.22123511288954611,0.0,0.0,0.0,0.3940526164040326,0.0,0.0,0.0,0.0,0.024723348502098993,0.0,0.0,0.0,0.11685523454703392,0.0,0.6317278989268238,0.1977415000629138,0.2680169480776707,0.0,0.10650060558651754,0.0,0.0,1,STAD
TCGA-CG-5726-01,0.765130609614625,0.0,0.20176636715216253,0.0,0.1743955380592652,0.1154640918867947,0.1635460094972238,0.008205366800315143,0.0,0.3458980400145128,0.0,0.0,0.0,0.07681052904913462,0.0,0.0,0.0,0.0,0.02789334509739627,0.0,0.0,0.0,0.011292416593742404,0.0,0.9730794881384228,0.0,0.0,0.15130566129053902,0.0,0.0,1,STAD
TCGA-BR-4369-01,0.0,0.41229807432376836,0.007412330126924196,0.07972726017191174,0.0,0.12949955083318107,0.007925386853362849,0.0,0.0,0.6228177678211936,0.014317292962502174,0.007322992183050481,0.17866793344143742,0.1650576671201302,0.04042802748009046,0.34615797630317247,1.0,0.07456200351156754,0.04097061532905638,0.03504651350780722,0.0,0.1231995081238108,0.06083676618478199,0.0,0.009431621963216898,0.0,0.0,0.0,0.0,0.36792031462214486,1,STAD
TCGA-CG-5720-01,0.6180244113547423,0.29625850790225083,0.0,0.06124241326979136,0.41121201569143084,0.4802787299693076,0.23018230925370328,0.0,0.0,0.8523552418709274,0.0,0.0,0.36905081997402767,0.0,0.0,0.0,0.0,0.012757440888477682,0.0,0.0,0.0,0.0,0.07937311037967372,0.0,0.005006870824767414,0.10609176948950662,0.0,0.08128755845333839,0.0,0.0,1,STAD
TCGA-D7-6527-01,0.6032746470565747,0.693252249681204,0.0,0.0,0.0,0.08574140223482929,0.13052104674603363,0.0,0.0,0.477356036888206,0.0,0.039921899314461086,0.0,0.12005618412663714,0.0,0.0,0.0,0.06675683500867342,0.10919968796735381,0.010562897792979926,0.0,0.0,0.026622115670032816,0.0,0.10388637145808345,0.0610480962176596,0.0,0.5732944101400483,0.48545552428596767,0.0,1,STAD
TCGA-CG-5733-11,0.9179548306830356,0.33583402355859426,0.0,0.0,0.0,0.055420195059456084,0.1320125877316785,0.1243510188692963,0.0,0.018527098139030574,0.07133904945057326,0.04586914031243258,0.04590380111044185,0.0,0.0038327126610521235,0.12919469147862064,0.0038853708329230686,0.0,0.9204924895948182,0.03443249763466929,0.0,0.0,0.0038496149185787325,0.007920474014692714,0.0,0.03775381180204032,0.0,0.0,0.0,0.0,0,STAD
TCGA-BR-4267-01,0.3337847245197713,0.6514872604725799,0.0,0.057875574605794226,0.0,0.0,0.0,0.0,0.12585489053669352,0.7758954106319434,0.0,0.0,0.16649188034280094,0.0,0.0,0.0,0.0,0.13799136037672333,0.1546540416036986,0.0,0.0,0.034795389102519315,0.0,0.0,0.42048146771782485,0.0,0.3429673031659623,0.16972301312334273,0.0,0.24704618735671163,1,STAD
TCGA-BR-4187-01,0.37963374199008953,0.22998344731162523,0.0,0.1586460850344005,0.0,0.4039568772245035,0.0,0.6751875700596087,0.0,0.8996781573464517,0.0092884510043835,0.023564465678550615,0.44691887048540685,0.04149591177489282,0.0,0.03085947632062269,0.0,0.0,0.0,0.0,0.0,0.04804633050529375,0.21876750021023733,0.0,0.0,0.3107276377696778,0.0,0.0,0.0,0.11228969768181073,1,STAD
TCGA-BR-6801-01,0.4151193750224166,0.46503753579412366,0.0,0.0,0.03505237670724705,0.033873119589549645,0.0,0.5097670518847558,0.4319445271994429,0.6026049140705038,0.19111679656521025,0.0,0.0,0.0,0.0,0.0,0.0,0.0,0.0,0.0,0.0,0.0,0.6913740204806077,0.0,0.0,0.0,0.012807928328294964,0.0,0.0,0.0,1,STAD
TCGA-BR-6454-01,0.03693354686166287,1.0,0.5341360970645944,0.24067612449723244,0.0,0.12067926000772362,0.24005552377513273,0.0,0.0,0.49759889002075236,0.06362756607194348,0.0,0.0,0.25288076401148224,0.0,0.04229916254562562,0.0,0.3442586250229074,0.0,0.0,0.0,0.2100233766134567,0.0,0.009861784080882527,0.0,0.0,0.0,0.10461227270805191,0.0,0.0,1,STAD
TCGA-CG-5728-11,0.8711361061758636,0.20638183913253694,0.0,0.06263673331836696,0.0,0.043310245575445,0.11489320190149739,0.10848579854116353,0.0,0.0,0.05689138830627757,0.026626076951524403,0.0,0.0,0.0,0.2501418957611192,0.019684085280960287,0.0,0.9153924867430805,0.048553593328013754,0.0,0.0,0.0,0.0,0.0,0.09059133506576372,0.0,0.0,0.0,0.0,0,STAD
TCGA-BR-4363-01,0.35466566838093744,0.1674206029870857,0.19186122030960856,0.4144387724265525,0.0,0.0,0.0,0.0820668808006058,0.0,0.0,0.016578784038114823,0.0,0.0,0.0,0.0,0.0,0.0,0.1337311296607405,0.1089450832173191,0.0,0.0,0.14711357599184186,0.0,0.44447611062462555,0.16844449869873188,0.2119770800295926,0.0,0.0,0.13418278372519943,0.5182068680695352,1,STAD
TCGA-CG-5721-11,1.0,0.1283149098771186,0.0,0.0,0.0,0.0,0.003092135825297152,0.15552378937923392,0.0,0.8213501843885125,0.0002861462372851893,0.04402634971713148,0.0,0.0,0.0,0.1723687388229424,0.0,0.04418893815661613,1.0,0.0030074754511856274,0.0,0.0,0.02781635051854022,0.0,0.0,0.0,0.0,0.0,0.0,0.0,0,STAD
TCGA-BR-4292-01,0.6747350943247077,0.0,0.05648998489084529,0.2852237116770221,0.3313303303864007,0.09802213557706593,0.0,0.0,0.0,0.0,0.0,0.0,0.1217443271399285,0.05330656014229081,0.0,0.14133615841091265,0.0,0.0,0.1710617220722456,0.0,0.0,0.0,0.08962042995211067,0.0,0.3739918590725937,0.0,0.0,0.17256152942782993,0.0,0.14543262030154383,1,STAD
TCGA-BR-4253-01,0.6048943813335224,0.0,0.11053735072246096,0.7758709749261324,0.01467316958403536,0.07455038554401407,0.2279613701649727,0.0,0.0,0.0,0.0,0.0,0.31240948241818584,0.0,0.0,0.03206557349323342,0.0,0.0,0.0,0.0,0.0,0.026860014534613372,0.0,0.0,0.0,0.0,0.27144163271821253,0.0,0.0,0.12783815810986768,1,STAD
TCGA-D7-6525-01,0.46211940427421805,0.6081771568958705,0.0,0.16459450364753447,0.0,0.0,0.0,0.021855749863963037,0.9999999999999999,0.5465585896487997,0.016544434033959707,0.006549602814196099,0.0,0.446982659947821,0.0,0.0,0.0,0.0,0.0,0.0,0.0,0.043227622240469034,0.0,0.0,0.006920205400979237,0.0,0.006012681895964299,0.0,0.0,0.09288307444226525,1,STAD
TCGA-D7-6817-01,0.05812857831848358,0.6730289396110084,0.4506198645638033,0.13496043887663653,0.0,0.22864629261704095,0.1003866236309146,0.0335332404156165,0.06100585237544585,0.7015583570316812,0.0,0.0,0.0,0.27585205536759005,0.02308042135838029,0.07368975846408977,0.05775832815525991,0.0,0.17912223802810923,0.07847318606152874,0.03148712417838145,0.15715045691447443,0.026924756000076787,0.0,0.34012287044699635,0.0,0.0,0.10560908775041579,0.0,0.16595009987328152,1,STAD
TCGA-D7-5578-01,0.4453962074238347,0.5480926427362137,0.0,0.0,0.20766692469257042,0.3328638253613684,0.2967574084122472,0.055708492375547064,0.05460793001986331,0.5591912109060857,0.006547332776233762,0.0,0.20832799514107359,0.14732197003806316,0.005787546957618266,0.08550064501223019,0.0,0.0,0.007982411935561975,0.040045975788956675,0.0,0.0,0.19942754863104828,0.0,0.039266021941162355,0.08757312870012839,0.020228828432383862,0.15439290532429925,0.15835916012093892,0.0,1,STAD
TCGA-CG-4460-01,0.1371507838304871,0.22671287694349906,0.0,0.0,0.04194889713672107,0.025919402590982202,0.02076870623480172,0.0,0.0,0.0,0.0,0.03438571159036401,0.0,0.0,0.09300646661027315,0.0,0.1611653890763607,0.330266034925216,0.29447389153189557,0.08596012069982183,0.0,0.0,0.0,0.0,0.18491813375587943,0.0,0.0,0.006570862294493545,0.8191896040597896,0.48932052812417315,1,STAD
TCGA-HU-8608-01,0.6778015936856483,0.19694127817011922,0.0,1.0,0.0,0.00871209693644867,0.15085649312903446,0.0,0.0,0.8671318463103534,0.0,0.0,0.0,0.0,0.0,0.0,0.05227045547357762,0.0,0.0,0.002347476468760773,0.0,0.0,0.0,0.0,0.0,0.0028598789421996024,0.16222780009149665,0.07466284171222129,0.0,0.0,1,STAD
TCGA-BR-8682-01,0.3292069754331437,0.8278206739220874,0.20980197592967625,0.12687662012504794,0.15536075988056036,0.466238965414038,0.0,0.6960004834019579,0.0,0.926801851292832,0.0016331453008125256,0.0,0.057690236938397976,0.0,0.0,0.04969386667668686,0.0,0.0,0.06773761791837507,0.0,0.0,0.0,0.1311686096672374,0.0,0.0,0.0,0.0,0.0,0.011853221857863938,0.07720180993069853,1,STAD
TCGA-CD-5801-01,0.6015625999481179,0.10501154556429686,0.0,0.0,0.0,0.0,0.31273397394973207,0.0,0.0,0.3707842281606354,0.0,0.0,0.01527975727065073,0.0,0.0,0.38052074745784953,0.0,0.08678934382183724,0.010704654161912236,0.0,0.0,0.0,0.0,0.1353988545226856,0.0,0.042869228645754424,0.767995678617977,0.0,0.0,0.0,1,STAD
TCGA-BR-6852-01,0.6218728790740164,0.0,0.0,0.33519658854843376,0.23987256345472852,0.028504344439925205,0.0,0.0,0.1462734820405543,0.0,0.007220470743340677,0.0,0.0,0.0,0.0,0.5702312022556598,0.004379217270668241,0.0,0.0,0.0,0.028254545614120156,0.00912677840754094,0.0,0.34857905794689575,0.07421043261785247,0.11863929425805798,0.021334181221755868,0.16201337857580847,0.0,0.14652928789324704,1,STAD
TCGA-BR-6453-01,0.4661478398807244,0.11724330148479528,0.06458792022953004,0.0,0.20848785284193475,0.44715227984480177,0.2816832085849161,0.05397218634252455,0.0,0.911184024601061,0.0,0.01233281535314201,0.0,0.0,0.0,0.21352157618824177,0.0,0.0,0.046035890021703274,0.042123651561767984,0.023406427276081,0.0,0.04459255672169745,0.0,0.03523876514885675,0.6144543362860405,0.0,0.008483102209143611,0.0,0.0,1,STAD
TCGA-BR-4370-01,0.33267741909699544,0.21382442483701225,0.036048679794737325,0.1521869925076136,0.05335482207558275,0.012705309641771936,0.0,0.4087358916148942,0.12067530279643525,0.0,0.05374256574919784,0.015227634358987668,0.5385633085655426,0.020128844753734106,0.0,0.32789640327374103,0.0,0.0,0.054614289294381974,0.0,0.02491961482490107,0.03138130480300678,0.0,0.12484690432864162,0.4088774951592997,0.003762195553331226,0.05273321510332958,0.0,0.0,0.2971951707228826,1,STAD
TCGA-BR-6453-11,0.4289082093922367,0.0,0.10381092339423763,0.10053541229017647,0.0,0.6933021372669899,0.07392600391922736,0.35872337121121345,0.0,0.8526640373572151,0.0009507530194977838,0.0012146570191939813,0.0,0.03007987666393352,0.0,0.0,0.02745877329223294,0.015493770011543765,0.4823731970335947,0.06876012675770826,0.0016492886735215726,0.0,0.031899778752395615,0.04154307585965686,0.14609047238640954,0.0849287665415481,0.0002998963730356914,0.041115612881207374,0.0,0.11433745985583897,0,STAD
TCGA-BR-8690-01,0.24850835274296845,0.0,0.0,0.0,0.0,0.0,0.025424023450162977,0.1342438480552362,0.1608654362455174,0.0,0.0,0.0,0.0,0.0,0.007401000262524145,0.8683830755275215,0.44283660208606557,0.0,0.0,0.0,0.0,0.0,0.561303876576695,0.32827556370310745,0.0,0.0,0.0,0.0,0.0,0.2846284699470071,1,STAD
TCGA-CG-4469-01,0.25972831819719455,0.0,1.0,0.27821895414306586,0.4105167100012404,0.0,0.0,0.0,0.0,0.7282020955389352,0.020398263585219564,0.0,0.4532310339990253,0.17686287941799858,0.0,0.017633465157475763,0.0,0.0,0.0,0.0019489150908505635,0.0,0.02442581841875135,0.016781413047621013,0.0,0.0,0.0,0.0,0.0,0.0,0.01201465558268968,1,STAD
TCGA-BR-6803-01,0.35467762798414454,0.40135503798690425,0.4627117615988097,0.0,0.0,0.0,0.2632758098600702,0.8666851897171469,0.0,0.0,0.034961442663133786,0.011767309318866374,0.0,0.0,0.014709123950285665,0.0,0.022707105506679967,0.009101317425038905,0.2917641808686398,0.010496948849006506,0.0,0.1061123660551447,0.009570574900786893,0.08948220997158739,0.04159758951211356,0.18308629909947352,0.003774684870783762,0.07990170284154605,0.05308718421452889,0.0,1,STAD
TCGA-D7-6818-01,0.5219250027487661,0.0,0.0,0.051803066039637774,0.0,0.007303374664036497,0.0,0.06868668270262995,0.0,0.18080932897875243,0.023670952609503495,0.0018542497870557065,0.009897683927223861,0.03697659500875842,0.0,0.002567619319341905,0.0,0.023099792664993336,0.0,1.0,0.0,0.0,0.0,0.48568117420050955,0.14708688838842943,0.006397005450295977,0.0,0.052515281268814835,0.2650727936692706,0.0,1,STAD
TCGA-CG-4443-01,0.06395262277906182,0.0,0.0,0.0,0.0,0.0,0.0,0.0,0.0,0.9150382866673675,0.47835177449927097,0.0,0.0,0.0,0.0,0.0,0.0,0.0,0.0,0.0,0.0,0.0,0.0,0.0,0.0,0.0,0.0,0.4338586535919867,0.0,1.0,1,STAD
TCGA-BR-4357-01,0.0,0.0,0.0,0.5217505219409948,0.12971881579393627,0.003361136785551879,0.0,0.08326064529522395,0.1645808643830302,0.8568510934868677,0.03245212724741498,0.0,0.09478172881530528,0.7493371510046096,0.014571746225437233,0.05730575607719547,0.0,0.0,0.0,0.0,0.0,0.0,0.08660760547320456,0.19869133736854283,0.0,0.06859636250584544,0.0,0.2202093078987794,0.14672490953270245,0.27359589377056415,1,STAD
TCGA-CG-5718-01,0.38164317996953867,0.0,0.0,0.30875349215687864,0.0,0.0,0.04913852248691693,0.0,0.0,0.0,0.21584536565993626,0.0,0.02625226594465763,0.3352973035501772,0.0,0.0,0.0,0.0,0.2025110097363174,0.0,0.0,0.0,0.24032481024204957,0.5580435928662295,0.0,0.0,0.043101848853165745,0.40540280982980686,0.0,0.0,1,STAD
TCGA-CD-8529-01,0.0,0.5324465564212889,0.19218764074000858,0.24473777655035578,0.0,0.26096329261825424,0.09719061833163259,0.2191155069204387,0.09182710889996193,0.7808515302566283,0.0,0.0,0.12349029922822063,0.1889418313242948,0.038841544570757544,0.2164010015514386,0.0,0.0,0.032649319759476665,0.044050744961776696,0.0,0.015544516786295908,0.0,0.0,0.08573467185684289,0.10671033502115872,0.08520985428826834,0.3226375257594516,0.053008808950130736,0.16893652307736692,1,STAD
TCGA-CG-4462-01,0.5340802114780754,0.6916916558544899,0.4468304576392673,0.00974493722304632,0.0,0.041516096141649916,0.04030637279285058,0.18879904309365805,0.0,0.08235301024418246,0.05318710492311295,0.020942326850158222,1.0,0.0,0.0,0.0,0.0,0.0,0.035008037762248805,0.0,0.016874582297258488,0.06266396654743492,0.0,0.0,0.016033117731902188,0.2965976967337623,0.048187771278165564,0.04136628356850003,0.0,0.054831761958003045,1,STAD
TCGA-F1-6875-01,0.0,0.0,0.15420855290583102,0.0,0.0,0.0,0.0,0.0,0.0,0.3280527836323548,0.9999999999999999,0.0,0.0,0.0,0.0,0.0,0.0,0.10654524689452698,0.0,0.0,0.0,0.0,0.0,0.09028184821234898,0.06567647134488641,0.0,0.0,0.0,0.26210952012388133,0.0,1,STAD
TCGA-BR-6706-01,0.3488139017140142,0.21022654915351324,0.038833962147173794,0.31630931393201295,0.0009579687522309212,0.07284867899854099,0.2439399842816273,0.547283391439389,0.08024003881360213,0.6482144122260923,0.0,0.0,0.0,0.0,0.0,0.1639497130547749,0.049419835646131,0.0,0.0,0.007458974004082061,0.0034919695569957145,0.06930136348494757,0.013864581277001575,0.1944803046102188,0.02114519077718729,0.21384592366594177,0.29205442331462483,0.0,0.0,0.01793399606652314,1,STAD
TCGA-BR-A4J4-01,0.4634945043011014,0.027084825771488033,0.0,0.0,0.0,0.10724176020174907,0.0,0.2487182075304334,0.0,0.6890153418791473,0.0,0.0,0.05829619402192021,0.0,0.0,0.31404390750132155,0.0,0.0,0.0,0.0,0.1914603606623222,1.0,0.0,0.0,0.0,0.0,0.17465652173375343,0.0,0.0,0.08434785770901089,1,STAD
TCGA-CG-5734-01,0.4980021261396718,0.05962562877630166,0.03357979293017946,0.21828506373098916,0.06590774398788919,0.37963405678975426,0.13466089770264256,0.0,0.09834903431554012,0.7625004435103389,0.0,0.0,0.251758933842225,0.0,0.0,0.06157124446482567,0.0,0.043538886497400835,0.38655574855914576,0.006734872219299489,0.0,0.0,0.17246819459440949,0.0,0.09732200845043663,0.0,0.0,0.23456722602454336,0.0,0.0,1,STAD
TCGA-CG-5722-11,0.7909426145836173,0.0021642147161391417,0.09436873425620025,0.056111242164679276,0.0058832861126477285,0.0,0.014503534368405785,0.7617024641501288,0.0,0.0,0.05948725017280158,0.023464844038310985,0.0,0.0,0.0,0.0,0.04620567359994916,0.0,0.818616531513249,0.08124661306905948,0.0,0.02206695662691995,0.0,0.0,0.0709510282515632,0.0,0.007637156102805168,0.05168896572556946,0.0,0.0,0,STAD
TCGA-CD-5800-01,0.07585321003179046,0.0,0.0,0.0,0.13861571718091098,0.0,0.22005870161034363,0.0,0.20363617042308635,0.0,0.034176717379015994,0.015129299822359084,0.0,0.6642120336599653,0.12969256152232425,0.013883346208310481,0.6512301791323065,0.021982932244542955,0.0,0.0,0.0,0.0,0.07205551375545301,0.03257394824975534,0.0,0.10546307813481406,0.0,0.3746502235876441,0.0,0.025732887667267685,1,STAD
TCGA-CG-4301-01,0.312816915005697,0.5687076400086813,0.23146930606173471,0.011286101436261364,0.0,0.0,0.0,0.0868018313134052,0.18376496408990278,0.0,0.0,0.037223447472258836,0.37640539716353616,0.0,0.0,0.0,0.010511227536435512,0.1420115016721803,0.3450135297365602,0.0,0.020033684699556166,0.16502026524822194,0.06325357019942672,0.0,0.0,0.0,0.05572591384734155,0.0,0.16730866211498646,0.5103095449792576,1,STAD
TCGA-BR-8381-01,0.27173989282224686,0.3268405300753316,0.0,0.10645427006672398,0.026891311781685946,0.009382529903181431,0.6266881375287234,0.0,0.0,0.80320661974825,0.011761112088753642,0.0,0.16105125593903957,0.0,0.0,0.3093958155073284,0.1149055441151739,0.0,0.0,0.0,0.0,0.13208387218066697,0.03463199941080949,0.1534513791267329,0.01933228207903811,0.0,0.08074143031962276,0.0,0.10830630433491964,0.3458478210726295,1,STAD
TCGA-D7-6524-01,0.34583196834113417,0.6083763696111354,0.3408335047339691,0.0,0.10780637664124952,0.03550789064677861,0.20447200895086023,0.2514304051824742,0.1237933609851361,0.8884936215654098,0.009333996502076206,0.0,0.677499850993528,0.0,0.0,0.0,0.0,0.0,0.0,0.029156041759273384,0.035950951172215924,0.047067318372306766,0.005102181856290218,0.0,0.14730704012608345,0.07248062538228449,0.032700352777713895,0.18152216618189376,0.0,0.0,1,STAD
TCGA-BR-4294-01,0.09968459290815579,0.0,0.01056383837323767,0.0,0.0,0.0,0.0,0.0,0.0,0.6270185797510919,0.0,1.0,0.0,0.0,0.0,0.0,0.0,0.0,0.0,0.0,0.0,0.0,0.0,0.0,0.0,0.0,0.006135890120312369,0.0,0.0,0.0,1,STAD
TCGA-CG-4475-01,0.09723575567065398,0.21163772017003035,0.0023267999483922025,0.0,0.04511861970204746,0.0,0.0,0.2888147998835787,0.0,0.742095830573076,0.0,0.0,0.34150604329859774,0.0,0.0,0.0,0.09946682564870964,0.40887398509632283,0.0,0.0,0.0,0.258528144047412,0.05668983293403168,0.0051386966341340915,0.0,0.0,0.0,0.2525965731698488,0.2796402350749844,0.5434350814184363,1,STAD
TCGA-D7-6521-01,0.14981187708405272,0.9383078781306718,0.5336521461921534,0.05512088602704216,0.0,0.09733167358539421,0.07647919938150195,0.0923355164231844,0.0,0.6212186871103547,0.0,0.08342513007582456,0.0,0.011170775157675644,0.0,0.1051226464886933,0.0,0.12443868426063213,0.17457052631614398,0.0828541955452456,0.0,0.31462124065778835,0.0,0.3135173360707277,0.0,0.11813668215829733,0.0,0.0,0.015904900232393427,0.0,1,STAD
TCGA-D7-5577-01,0.8454509033861651,0.0,0.05247198087769133,0.11180031074758912,0.0,0.0,0.5110175363162381,0.0,0.18041359344800206,0.0,0.0,0.0,0.3422434635320227,0.000233005470795339,0.0,0.033417407867820235,0.0,0.0,0.019874822722529058,0.0,0.024434488051947832,0.058574730561234245,0.0,0.008933828551015644,0.0,0.0,0.4477968509550519,0.031173403250412745,0.0,0.0,1,STAD
TCGA-BR-6455-01,0.7058992192941834,0.03381823660090477,0.0,0.0468187096462012,0.0,0.0,0.6518811223005282,0.16312710464808725,0.0,0.9060309641980538,0.0,0.0,0.0,0.0,0.0,0.0,0.0,0.0,0.0,0.0,0.0,0.04072618043124909,0.03753383835718883,0.020413619369725088,0.1543687155719165,0.14153461766732553,0.15129837955788536,0.0,0.2628129956192132,0.16705345557383816,1,STAD
TCGA-D7-A4YX-01,0.8702806801101661,0.0,0.0,0.4862468518979352,0.0,0.0,0.004987909262173984,0.0,0.11875021487504124,0.6630300930999874,0.0,0.0,0.0,0.0,0.0,0.09411172390604503,0.0,0.0,0.0,0.0,0.0,0.0,0.0,0.026153078057058268,0.0,0.0,0.6275455314652876,0.0,0.0,0.012085343372648065,1,STAD
TCGA-CD-5798-01,0.29921674208160615,0.1450662270890145,0.21839967641212868,0.0,0.0,0.0491101898075458,0.08807025610669464,0.8117096359891613,0.4066958894130966,0.7427626251425635,0.0,0.0,0.3144101258860968,0.0,0.0,0.03920370567872917,0.0,0.10496918169105378,0.006998903038876662,0.0,0.0,0.0,0.03190510871955831,0.027876384541287318,0.0,0.0,0.10972821618917239,0.22916603284348297,0.0,0.0,1,STAD
TCGA-HF-7136-01,0.36401750931864413,0.4624034243691123,0.0,0.0,0.017847443408773485,0.0,0.0,0.0,0.13052219300035334,0.92725702663262,0.0,0.008426950482742003,0.16298994375851714,0.1240335263672337,0.15411329723683997,0.0,0.9910022212006856,0.13787243379279784,0.0,0.002642892391083942,0.009948725559607427,0.0,0.0,0.053962846046173546,0.08310714878388284,0.0,0.0,0.03424242216779478,0.128743534548323,0.0,1,STAD
TCGA-BR-6566-01,0.6751734837031348,0.0,0.0,0.0,0.5792116199243967,0.21094126706968488,0.11914835303060829,0.0,0.17923467714239844,0.0,0.0,0.0,0.2771192428862391,0.0,0.0,0.2264637814473586,0.0,0.0,0.0,0.0,0.0,0.0,0.0,0.4903353032679217,0.0,0.0,0.0,0.010759134286021847,0.0,0.0,1,STAD
TCGA-CG-4472-01,0.12823823422102365,0.39036488121818075,0.6963416397257143,0.0010260219062082218,0.0625486805411508,0.0,0.018009642689404116,0.48718603795358756,0.0,0.6633858748980065,0.0,0.0,0.4277554038711262,0.2162264300418028,0.0,0.3267370732983985,0.0,0.0638055242553044,0.1219207967821965,0.0,0.04318681624066564,0.0,0.009630657905544723,0.0,0.017507713217541167,0.049623560159242026,0.12635442695224086,0.0,0.0,0.1396372254841397,1,STAD
TCGA-BR-4368-01,0.4387804572961156,0.0,0.1817709468646717,0.0528993081238082,0.0,0.0,0.0,0.5185616076936879,0.0,0.012797644421853221,0.04030801726114704,0.005241665192490121,0.30254649469436257,0.0,0.006360543454701861,0.7559295089293208,0.0,0.0,0.0029141793215569024,0.0,0.0,0.0,0.0,0.0,0.48202669595126063,0.0,0.0,0.0,0.07488769017289634,0.21110719865207805,1,STAD
TCGA-CG-4441-01,0.22568757468997308,0.5405999074048495,0.44800323199469744,0.21240059596520391,0.21118848059430614,0.0824325208233558,0.048648212712308646,0.0,0.0,0.8139162517194571,0.0,0.0,0.12357107745709582,0.0,0.03751064638363447,0.0,0.0,0.051685484865408304,0.0,0.03944689651497697,0.0,0.1550819498561497,0.03530285722952257,0.5597436209453741,0.21554867515794277,0.0,0.0,0.08999680241300491,0.0,0.0,1,STAD
TCGA-CG-4437-01,0.6091837958881912,0.10200196762198852,0.08889450875289523,0.1524296381742193,0.12762047586165562,0.0,0.10684472550347797,0.046923729658011566,0.15718502400266557,0.6778447289460138,0.0,0.0,0.160912866383636,0.0,0.0,0.29133032065548403,0.0,0.0,0.18624957890811322,0.0,0.0,0.008063839358152816,0.0,0.42862548123674515,0.16541230872309262,0.0,0.037205294320863315,0.1427376124149698,0.0,0.0,1,STAD
TCGA-CG-5720-11,0.5875326205417349,0.10631151460814726,0.033529240667938214,0.09126696426350109,0.0,0.6316275038916431,0.0852368195450222,0.10299778185681496,0.0,0.7788037696886699,0.024144966035809623,0.026237011259883546,0.0,0.0430703271499596,0.0,0.06081856422676131,0.039537974691278094,0.0,0.6118444194079253,0.05141715161809632,0.0,0.02011399094672557,0.0,0.0,0.045151894644495275,0.0,0.018273872142288355,0.11215968036637249,0.0,0.03240426336428396,0,STAD
TCGA-CG-4305-01,0.3922839292722336,0.23897886099026716,0.29028925394296823,0.0,0.03728667911089962,0.2146536865074531,0.0,0.015268659076948203,0.0,0.6964203243477994,0.0,0.0,0.4167324094396207,0.050526198840576825,0.0,0.6168505294201893,0.0,0.0,0.06787077806159905,0.0,0.0,0.0103264238986452,0.0,0.11886707053119427,0.20125016531336404,0.019651738340560016,0.09009685452452575,0.0,0.13495808432925901,0.26019178467456455,1,STAD
TCGA-BR-6802-01,0.5304211095057244,0.0,0.06444495289256919,0.26693882508904326,0.134655281195763,0.0,0.002653662114803796,0.07979902056332987,0.3196473348194368,0.6553511344411073,0.0,0.0,0.1507539028897239,0.0,0.0,0.32636097074890336,0.0,0.020136750837616672,0.1638889305314207,0.0,0.06164209910854517,0.0,0.0,0.0,0.17439153538447713,0.0,0.11033789620334979,0.20480363327683862,0.0,0.0,1,STAD
TCGA-CG-4440-01,0.4943617886868758,0.0,0.7611958598505543,0.0,0.0,0.12668600536724073,0.0,0.0,0.046778188584071095,0.0,0.0,0.0,0.35673860324126855,0.0,0.0,0.19272401566350583,0.0,0.0,0.0,0.0,0.0,0.12252412119396161,0.08692426573459526,0.0,0.0,0.0,0.0,0.0,1.0,0.0,1,STAD
TCGA-BR-6452-01,0.6509421846709025,0.5244869935736544,0.07050818851092006,0.008434720670347657,0.16133694164642842,0.0025141939325305763,0.15701903918681423,0.0,0.020546899077883523,0.0,0.0,0.0,0.24013625105380043,0.020162592996361556,0.0,0.265033534074868,0.0,0.007490400433431884,0.07137794205864313,0.0,0.0,0.05212297620416082,0.0,0.1635797421475353,0.6807826207741168,0.0,0.02783755696683892,0.09408741160831814,0.0,0.05593626731907523,1,STAD
TCGA-D7-8570-01,0.3507237098617031,0.46154639797657665,0.0,0.4828984088852998,0.0,0.0,0.4061832320611687,0.042537043904036675,0.0,0.8954477471900296,0.012732642400817687,0.04032051078310308,0.0,0.0,0.0,0.07177570286156819,0.0,0.0,0.0,0.0,0.0,0.0,0.0,0.297170780508845,0.0,0.02735634616294186,0.25335099267923716,0.0,0.07552352871029507,0.12800528785256896,1,STAD
TCGA-BR-6454-11,0.5503058213887305,0.0,0.13149423297481008,0.16176374892012857,0.0077254741698595635,0.12711110345457285,0.10988502017796732,0.710460605379513,0.024323681320157917,0.815336131274873,0.0036258795189522677,0.0,0.0,0.0,0.0,0.04110230428224908,0.044975076092397134,0.0,0.7271807009763328,0.009162894317162737,0.0016861114100234602,0.0,0.0,0.0,0.062451048847268376,0.015024960218002925,0.0021269976802042,0.08083588470944206,0.0,0.0,0,STAD
TCGA-HU-A4G6-01,0.7472634138908897,0.0,0.0,0.0,0.0,0.0,0.0,0.0,0.0,0.04836386434216941,0.07920222761284147,0.0,0.0,0.03453198949174514,0.0,0.0,0.0,0.0,0.0,0.0,0.0,0.0,0.11143584557506614,0.0,0.08712373335630738,0.0,1.0,0.10789880272692808,0.0,0.0,1,STAD
TCGA-BR-4191-01,0.05289512759293183,0.5532352235464942,0.0648387333959364,0.4305056488512711,0.0,0.08673129693018194,0.1040358399881719,0.007089383899319482,0.0,0.8108200349252856,0.0,0.0,0.13081110169837157,0.05854871997597435,0.0,0.0,0.03578316585416783,0.01744302358626695,0.24187718692286214,0.0,0.0021822622125869592,0.04766098083848107,0.21303206617548048,0.26610170776175185,0.169577957452452,0.028848982882765238,0.039197309313278486,0.032774685201982665,0.0,0.5135417757660913,1,STAD
TCGA-CG-4304-01,0.11316657591919044,0.8447439537731695,0.00020606002191734206,0.3057775549710958,0.07560862906356025,0.3344447952080325,0.0,0.0,0.0,0.7232253658018067,0.020826425908441915,0.0,0.22177835119447956,0.0,0.0,0.08186221657790772,0.07723825890334998,0.0,0.0279695025041126,0.0,0.0,0.09355357938747424,0.20848760599292876,0.12428234568668702,0.1977312177953578,0.0,0.06253930348505042,0.05877912100188072,0.0,0.3488042707083019,1,STAD
TCGA-CG-5734-11,0.7439883319274885,0.0,0.03570348377694646,0.0,0.0,0.9060526682304941,0.0,0.10902614290636593,0.056477527967428984,0.7841728258025145,0.0,0.010575133126363987,0.006342820087677984,0.0,0.0,0.0,0.0,0.014912172508672192,0.4858207474604107,0.0,0.0,0.0,0.0,0.1805193513827409,0.021957278107500398,0.10396280690934546,0.011120775820690154,0.04362309232417685,0.03140366281317294,0.01941695944858441,0,STAD
TCGA-CG-5724-01,0.3210433964992657,0.0,0.0,0.24897282557829853,0.0,0.0,0.0,0.0,0.9854425631616694,0.5544592644108911,0.05059166620479656,0.0,0.0,0.24028692262215667,0.0,0.06533548225929012,0.0,0.0,0.0,0.0,0.0,0.0,0.0476437812014228,0.0,0.3266181666316253,0.14044193171149102,0.0,0.0016872145896200243,0.09435121208041605,0.0,1,STAD
TCGA-BR-4257-01,0.9633686508355437,0.22346099000654868,0.0,0.03190340792216555,0.08843274188161816,0.0,0.030301481652175187,0.0,0.0643580948641759,0.0,0.0,0.0,0.6702417346224115,0.0,0.007419046077570995,0.20744717394007767,0.0,0.0301806985782935,0.0,0.0,0.0,0.0,0.07645274715499738,0.07253634956397458,0.6289777001602631,0.043163741666091965,0.0,0.033691126492235005,0.0,0.0,1,STAD
TCGA-D7-6820-01,0.5210796787225612,0.0,0.2355972781016307,0.24427034115163945,0.0,0.0,0.0,0.0,0.0,0.6593189316144671,0.0,0.0,0.0,0.0,0.0,0.0,0.08612357578158619,0.0,0.0,0.0,0.0,0.08795634750232996,0.0,0.0,0.01696550812509564,0.0,0.0,1.0,0.3357992224582489,0.0,1,STAD
TCGA-CG-4449-01,0.32668475080810416,0.1984745969914698,0.0,0.0,0.0,0.0,0.06947935320301372,0.054016342067008276,0.04759135294443729,0.8242871056296099,0.0,0.0,0.6011825690445813,0.5661592920589515,0.028528234399333368,0.08438659345577428,0.0,0.0025253482249798713,0.0,0.0,0.048272538306849334,0.0,0.0,0.0,0.0,0.0728189194084695,0.0,0.2820692513932526,0.40137361587695164,0.48976641579404206,1,STAD
TCGA-D7-6519-01,0.05533523064339206,0.35401214622782207,0.8710317764524859,0.0,0.0,0.0,0.026882021997315663,0.07025190459646209,0.5812271910896831,0.0,0.02469753211710955,0.02876462821395243,0.0,0.0,0.13022484412547708,0.0,0.03525457024169149,0.32902001084368204,0.0,0.0,0.04116393174109586,0.0,0.0,0.0,0.0,0.05854565869574178,0.0,0.0,0.0,0.1885761130069446,1,STAD
TCGA-CD-5813-01,0.7540270671645319,0.10311895983951105,0.026552855906901235,0.0,0.0,0.0,0.0,0.0,0.050578128985161744,0.7226855330419295,0.0,0.0,0.00836394159858891,0.0,0.0017103962642324923,0.17668617138103304,0.0013557335914497312,0.09066062518043845,0.0,0.2117761007416376,0.0,0.0,0.27884293251523096,0.0,0.019176013078127625,1.0,0.0434654552040594,0.0,0.0,0.017173404376307225,1,STAD
