,0,1,2,3,4,5,6,7,8,9,10,11,12,13,14,15,16,17,18,19,20,21,22,23,24,25,26,27,28,29,tumor,project
TCGA-B7-5816-01,0.84669733,0.50210667,0.617191,0.4059943,0.16790819,0.62275594,0.68071884,0.49231416,0.6029249,0.82769334,0.6566402,0.5553101,0.46373722,0.25464696,0.44269493,0.73725116,0.14914083,0.7288135,0.41365564,0.22024429,0.110495746,0.6747471,0.73288053,0.3232783,0.6582551,0.48463607,0.37356716,0.9407342,0.30567598,0.45008618,1,STAD
TCGA-B7-5818-01,0.861222,0.80744886,0.8832321,0.10068506,0.09809172,0.22664732,0.90614086,0.13097101,0.22175694,0.4815315,0.90443647,0.20983517,0.7874856,0.10121524,0.7529502,0.25130415,0.32239547,0.85732985,0.12982237,0.07303333,0.2495107,0.24874896,0.34922123,0.04932794,0.8863758,0.15398788,0.7272743,0.72010523,0.42788962,0.81856865,1,STAD
TCGA-BR-4187-01,0.21120512,0.1470392,0.43387023,0.93481386,0.9591903,0.9543913,0.17855921,0.919797,0.58196497,0.6531727,0.34905273,0.9263,0.09841356,0.5950311,0.05151673,0.8827331,0.3114874,0.21120156,0.83618546,0.8718897,0.43752956,0.76379585,0.58884555,0.8448273,0.22004023,0.8296034,0.11543679,0.32140338,0.3677403,0.13718976,1,STAD
TCGA-BR-4191-01,0.40584502,0.35469607,0.4881799,0.6702625,0.4918298,0.6327591,0.33009797,0.4144855,0.81019473,0.52738446,0.3838509,0.74356425,0.24469611,0.5956894,0.29695362,0.66671467,0.49339974,0.5737643,0.6549587,0.45676255,0.48140955,0.6648555,0.550195,0.5644963,0.33123735,0.75317794,0.574857,0.5296155,0.3931595,0.2116567,1,STAD
TCGA-BR-4201-01,0.3867196,0.4027193,0.67652684,0.6379175,0.45030248,0.740196,0.27969474,0.3653423,0.9964464,0.7339588,0.49537188,0.86998236,0.07819313,0.5496796,0.10943806,0.83441377,0.23900884,0.7866134,0.5402044,0.40116745,0.27750367,0.8716426,0.816502,0.5589316,0.4285872,0.8093326,0.5916369,0.7026285,0.07395041,0.13930996,1,STAD
TCGA-BR-4253-01,0.964437,0.58812594,0.7604036,0.1817922,0.026486874,0.40679663,0.8528461,0.27445906,0.41043925,0.66661114,0.8320417,0.36245358,0.6676496,0.16811538,0.67274654,0.4581921,0.1991961,0.8325159,0.24162066,0.0,0.13752824,0.39964753,0.5171793,0.05529034,0.8228663,0.2950076,0.62800395,0.9165818,0.385831,0.65101844,1,STAD
TCGA-BR-4256-01,0.47557828,0.48417583,0.69024056,0.6502712,0.47655678,0.848732,0.35924804,0.5765793,0.88057286,0.93771,0.55189306,0.8529126,0.09877336,0.39170367,0.039699845,0.9962607,0.04901135,0.7446207,0.50712466,0.51880306,0.10468042,0.99999994,0.9812104,0.6461642,0.50555986,0.7355973,0.2790779,0.81756383,0.0,0.20149039,1,STAD
TCGA-BR-4257-01,0.9999999,0.48943767,0.5184768,0.33560532,0.087124586,0.52164495,0.8269262,0.52414066,0.4016384,0.73628765,0.66172904,0.398964,0.66359127,0.20081747,0.6509814,0.601174,0.2524884,0.6224373,0.42411906,0.15519279,0.1669265,0.48877662,0.55645716,0.22040638,0.6856775,0.36106628,0.34957832,0.9278745,0.53397346,0.577515,1,STAD
TCGA-BR-4267-01,0.78720534,0.49337688,0.48834673,0.46060592,0.21434093,0.5442622,0.6550598,0.47413224,0.56565636,0.66570574,0.53720164,0.50454074,0.5221472,0.33265835,0.5236198,0.63659394,0.36484465,0.6150638,0.50719607,0.28613552,0.28754908,0.58062613,0.57610995,0.37697607,0.5501976,0.49750626,0.40671766,0.7946112,0.48936442,0.4512024,1,STAD
TCGA-BR-4279-01,0.24733913,0.16405037,0.57171786,0.85352844,0.8544901,0.9666611,0.18077463,0.80263317,0.7098602,0.74314517,0.4485948,0.9749484,0.030230656,0.57384086,0.0,0.9209912,0.17410249,0.3950513,0.7312684,0.7291947,0.31858778,0.8289873,0.7093635,0.74635553,0.3109836,0.8450047,0.23884243,0.4568547,0.18795791,0.11113702,1,STAD
TCGA-BR-4280-01,0.92744935,0.451243,0.30625317,0.3750847,0.22332585,0.3099041,0.8668875,0.52190155,0.08808535,0.32843485,0.5196807,0.20052242,0.906903,0.29348904,0.9274748,0.26228,0.6839652,0.31579262,0.56771755,0.266583,0.5399108,0.1152987,0.076629795,0.22599077,0.54004604,0.26645005,0.4236118,0.5491713,0.99999994,0.7087018,1,STAD
TCGA-BR-4292-01,0.8936142,0.37306586,0.32075357,0.43303287,0.22054547,0.42902777,0.77078635,0.54199016,0.28398472,0.4523068,0.49625742,0.34448445,0.75125754,0.34899998,0.78767866,0.41298836,0.57506216,0.38264406,0.5959494,0.2509266,0.45918792,0.27399185,0.24220708,0.2677174,0.5085626,0.38836032,0.41879985,0.6470148,0.8509902,0.5734359,1,STAD
TCGA-BR-4294-01,0.1954084,0.19669208,0.48386535,0.80170643,0.7068181,0.72003376,0.14903468,0.45696187,0.86728334,0.44379094,0.3198311,0.89012516,0.09794688,0.7439296,0.17795563,0.6727878,0.53608704,0.478732,0.7609186,0.5667489,0.58723783,0.66159165,0.4865482,0.6508199,0.20844895,0.8882853,0.635219,0.34408295,0.37052947,0.08580352,1,STAD
TCGA-BR-4357-01,0.4697089,0.23393026,0.5279446,0.58254004,0.42284846,0.57484114,0.36757886,0.3176669,0.7751052,0.43698072,0.45470858,0.7212892,0.29582098,0.6334933,0.40986615,0.5313565,0.51017106,0.59989005,0.62418467,0.27332112,0.5072385,0.49857494,0.41270512,0.37450787,0.3734063,0.7298212,0.7765374,0.52539176,0.44838113,0.2352194,1,STAD
TCGA-BR-4363-01,0.47605684,0.3967099,0.66304183,0.5932951,0.40657812,0.71975017,0.35685325,0.39809853,0.9025479,0.7394164,0.53103495,0.81046224,0.15754357,0.4993093,0.18350634,0.8020543,0.22387552,0.75900054,0.5221681,0.36039418,0.25275105,0.8105498,0.77686137,0.5002157,0.47105044,0.7455467,0.5576987,0.7348475,0.13325667,0.20097663,1,STAD
TCGA-BR-4367-01,0.81921184,0.52892494,0.49881205,0.47530758,0.24065119,0.6086428,0.6836912,0.5858622,0.51401293,0.77180415,0.5640167,0.5075687,0.5195848,0.2583714,0.4747434,0.7261759,0.26344234,0.5922164,0.49426913,0.3547442,0.19972754,0.6537353,0.6653066,0.4297412,0.58419573,0.46908164,0.24653411,0.8468724,0.44189516,0.47384876,1,STAD
TCGA-BR-4368-01,0.47969964,0.45924446,0.6719609,0.62728727,0.44377053,0.7912236,0.36346996,0.50520396,0.88640803,0.8565956,0.5381061,0.8279072,0.12976333,0.4312662,0.10279977,0.9174366,0.12745392,0.7481274,0.51420635,0.4595874,0.1674928,0.9248394,0.8986392,0.59261113,0.4902668,0.73528266,0.38366407,0.78523105,0.061614513,0.20587893,1,STAD
TCGA-BR-4369-01,0.0,0.0,0.34948397,0.89428693,0.8448612,0.6137233,0.0,0.3345949,0.88441765,0.087441325,0.16001958,0.9157852,0.09419611,0.99999994,0.2813742,0.4332169,0.88656336,0.32050848,0.9281588,0.5717429,0.9300122,0.42057198,0.13879406,0.63557565,0.0040191635,1.0,0.9273841,0.02082634,0.6215801,0.0,1,STAD
TCGA-BR-4370-01,0.4672465,0.51267886,0.63346523,0.64392906,0.43638885,0.7653862,0.36292446,0.49462444,0.901122,0.83994937,0.49346054,0.80506754,0.14340732,0.43307054,0.10894202,0.919389,0.18391794,0.7410327,0.5295539,0.4981658,0.2006656,0.9456527,0.9022967,0.64007235,0.46406418,0.73526895,0.3597694,0.7725785,0.09106761,0.20866634,1,STAD
TCGA-BR-6452-01,0.8787086,0.48823336,0.4456999,0.42885786,0.18714654,0.5209466,0.74022156,0.5365052,0.43730932,0.6583426,0.55591756,0.4290657,0.62249637,0.27843058,0.6125498,0.59804213,0.37312767,0.54858,0.50769544,0.27389646,0.28107738,0.50591224,0.5140744,0.33654356,0.57935894,0.4235975,0.3377363,0.8057202,0.5878961,0.5247189,1,STAD
TCGA-BR-6453-01,0.30847034,0.37206075,0.28260526,0.8873731,0.7824364,0.75962174,0.29714912,0.8045354,0.5723895,0.5554681,0.2296994,0.73130643,0.27687308,0.55183864,0.22264653,0.7923956,0.5551315,0.22425508,0.83799005,0.8724096,0.55360544,0.73312914,0.53003913,0.8847109,0.19122648,0.7400868,0.100617945,0.34571838,0.56439704,0.23499285,1,STAD
TCGA-BR-6453-11,0.18277168,0.25158218,0.119936466,0.99999994,0.9450346,0.71669436,0.2187303,0.85498464,0.47530368,0.32786626,0.08466943,0.71798,0.3175137,0.68837714,0.29851252,0.65965754,0.8078114,0.0,0.99999994,0.99241567,0.7975525,0.57284015,0.27806538,0.9559934,0.026063345,0.7848332,0.13188356,0.08598682,0.81083524,0.21009572,0,STAD
TCGA-BR-6454-01,0.55821633,0.45382205,0.37752452,0.6402775,0.43179798,0.5830585,0.4852376,0.53724295,0.6139241,0.5501827,0.3677917,0.5879372,0.4240903,0.47011358,0.42536968,0.6531684,0.5336582,0.46613628,0.66033673,0.51245767,0.46742088,0.61820996,0.5116762,0.5865991,0.3653647,0.6184897,0.3619718,0.570935,0.5588155,0.34606183,1,STAD
TCGA-BR-6454-11,0.260484,0.23874179,0.36316773,0.937114,0.92736435,0.9174586,0.23838323,0.95986044,0.52422744,0.65915805,0.307387,0.849084,0.17486477,0.5425537,0.09854913,0.8891268,0.36518002,0.17072663,0.84692323,0.92891586,0.45085913,0.7756283,0.59126925,0.8984379,0.21486884,0.77767503,0.0050165653,0.3354408,0.44515312,0.19066732,0,STAD
TCGA-BR-6455-01,0.7658417,0.46885327,0.5731591,0.48224396,0.2745492,0.65956664,0.62164986,0.56039304,0.58590245,0.7986776,0.60181636,0.59024173,0.43011072,0.2945469,0.4005039,0.75495166,0.18941015,0.6434709,0.47832614,0.32470864,0.16489047,0.6851618,0.7068035,0.40792388,0.5923975,0.52278733,0.31659395,0.85139114,0.33660567,0.41720498,1,STAD
TCGA-BR-6456-01,0.34934768,0.387248,0.45001197,0.7918284,0.6620445,0.77886176,0.29718965,0.6682123,0.7244934,0.6650253,0.35089636,0.7936033,0.191735,0.52737767,0.1573478,0.8402228,0.38586614,0.44249403,0.71314204,0.7029133,0.40922916,0.811555,0.6749576,0.76684415,0.30015165,0.7603354,0.24718863,0.50640595,0.345989,0.20186998,1,STAD
TCGA-BR-6457-01,0.21502039,0.12949756,0.47395724,0.9326147,0.97374725,0.99769473,0.1738205,0.9502139,0.5830676,0.70622855,0.3860116,0.95669675,0.068378404,0.57623273,0.012068231,0.9222983,0.23423263,0.22673526,0.8180264,0.8699254,0.38249892,0.79381704,0.634844,0.8387642,0.24631456,0.83342373,0.08966434,0.35121828,0.30792767,0.12927489,1,STAD
TCGA-BR-6458-01,0.5969906,0.4626151,0.5640123,0.581175,0.38251328,0.69368726,0.4822132,0.5317073,0.7161787,0.7602206,0.51651454,0.68624073,0.3061654,0.3940915,0.28513122,0.79614484,0.25102833,0.64213234,0.53854764,0.4273998,0.24192536,0.76708144,0.73690486,0.52898765,0.4936108,0.6334339,0.35475504,0.7544219,0.2800752,0.31320494,1,STAD
TCGA-BR-6564-01,0.20903823,0.122532934,0.46747917,0.9386728,0.9835491,0.9985299,0.1698561,0.95609343,0.5770645,0.6982497,0.3806129,0.9575541,0.06904931,0.5815,0.013507325,0.91841435,0.24230447,0.2151605,0.8255626,0.87711096,0.3914593,0.7876719,0.62487537,0.84286934,0.23936462,0.83555293,0.087788284,0.33959597,0.31743962,0.12791328,1,STAD
TCGA-BR-6565-01,0.5757967,0.42197487,0.3998227,0.64230597,0.46138006,0.63084507,0.4953555,0.6044268,0.56874245,0.59857213,0.40490383,0.6047601,0.41678163,0.44125426,0.4034314,0.68557656,0.45905733,0.4435485,0.65378815,0.5249758,0.4163543,0.62573814,0.5338346,0.58075625,0.3906887,0.60668266,0.3029865,0.58794284,0.53202015,0.35432804,1,STAD
TCGA-BR-6566-01,0.87425613,0.40914002,0.28903675,0.47400212,0.2626102,0.45481557,0.7638816,0.6076051,0.26433444,0.4807084,0.4645974,0.34415662,0.7468126,0.32993644,0.7554658,0.45998955,0.57544667,0.34093535,0.61997724,0.3377431,0.45677286,0.32231107,0.275937,0.346277,0.48718578,0.38823104,0.31519443,0.6341019,0.8565233,0.5742953,1,STAD
TCGA-BR-6705-01,0.22430614,0.13431379,0.606431,0.83279157,0.8292097,0.9446686,0.15176347,0.71518785,0.77643645,0.70654166,0.45957088,1.0,0.0,0.6188953,0.0014599301,0.88485,0.18947726,0.45103174,0.7165208,0.65999657,0.3383528,0.80719995,0.6906221,0.69540703,0.31000385,0.87514365,0.3637783,0.45283133,0.15939552,0.08166255,1,STAD
TCGA-BR-6706-01,0.49643442,0.52872944,0.6283945,0.66899073,0.4846601,0.8343909,0.39171302,0.6316692,0.8198775,0.93274486,0.514292,0.8049078,0.15072048,0.36251348,0.06924384,1.0,0.09308529,0.6845259,0.53239644,0.58216536,0.12656367,0.99884415,0.96597993,0.69697195,0.4882732,0.7035417,0.18366003,0.8021547,0.07063353,0.2358873,1,STAD
TCGA-BR-6707-01,0.91263413,0.6107533,0.63944095,0.32499266,0.1199615,0.5222329,0.7889008,0.45634145,0.45956966,0.7751514,0.7083556,0.4260037,0.59525037,0.17001355,0.55131745,0.6376478,0.18929076,0.7298982,0.3478381,0.20260194,0.12263906,0.57825565,0.6527232,0.27087143,0.726343,0.36437112,0.3693561,0.9247237,0.37947932,0.57710195,1,STAD
TCGA-BR-6801-01,0.52856266,0.40991595,0.38242608,0.6755965,0.5024884,0.63757676,0.45892578,0.60937595,0.5841963,0.5732289,0.37378043,0.62451106,0.3938577,0.4724666,0.38349366,0.68589264,0.49179208,0.41957128,0.6822256,0.56249136,0.45248342,0.6310143,0.51973915,0.6164094,0.35484204,0.6335335,0.30603075,0.5438327,0.5417731,0.330571,1,STAD
TCGA-BR-6802-01,0.89215994,0.48745963,0.5176281,0.4030611,0.16398025,0.5568551,0.7373572,0.52248085,0.48137966,0.72912973,0.6121638,0.4662254,0.5779896,0.25588095,0.5643792,0.643535,0.27300447,0.6197659,0.46089435,0.23188317,0.20174593,0.55495346,0.5917823,0.3067141,0.6268458,0.4313895,0.35223812,0.87263125,0.48479694,0.51048744,1,STAD
TCGA-BR-6803-01,0.23416576,0.15236387,0.4829084,0.9219281,0.95482326,1.0,0.18922296,0.9531374,0.58456707,0.73292583,0.39701676,0.94965744,0.07271156,0.5544829,0.0082685165,0.93891275,0.21150088,0.24392222,0.8025505,0.8660582,0.3567322,0.8131141,0.66286886,0.8388096,0.2634659,0.82227635,0.069568574,0.38037133,0.29035914,0.13841815,1,STAD
TCGA-BR-6852-01,0.79939735,0.42659733,0.58037555,0.41713345,0.19223309,0.57405144,0.64342886,0.43114677,0.60528076,0.6992277,0.61701137,0.5551873,0.47467843,0.34015518,0.49808964,0.6370811,0.26645464,0.6880726,0.45882285,0.18750143,0.22363788,0.57131165,0.60108876,0.28526312,0.6021248,0.5137835,0.5023994,0.841881,0.39563447,0.429143,1,STAD
TCGA-BR-7722-01,0.5730438,0.52955115,0.41171628,0.6590946,0.4468434,0.658984,0.49666524,0.6284215,0.6201675,0.6938278,0.39381856,0.6117198,0.3851879,0.39009196,0.3320487,0.7838906,0.40573728,0.49105376,0.6302679,0.59080774,0.3526442,0.75380456,0.66638964,0.66690075,0.4047791,0.6074677,0.19670755,0.6540407,0.44976407,0.34923643,1,STAD
TCGA-BR-8373-01,0.21874887,0.30157408,0.2972048,0.84064555,0.69672,0.6097957,0.20995021,0.4904477,0.76112646,0.32431194,0.18020305,0.75013006,0.24463332,0.7364826,0.30693555,0.5972122,0.7689466,0.34131342,0.84362864,0.6797425,0.73925173,0.5957669,0.36309764,0.7494712,0.12299051,0.8288175,0.5280198,0.25188193,0.6131358,0.15782066,1,STAD
TCGA-BR-8381-01,0.63525605,0.4037138,0.6252759,0.49884683,0.29132968,0.6367999,0.4965697,0.39279234,0.7644355,0.7043316,0.5747132,0.6836479,0.3153435,0.431067,0.34876707,0.70452744,0.25616693,0.7327152,0.48872888,0.25560275,0.24816632,0.6782842,0.6762231,0.3777749,0.5351449,0.6339669,0.5618471,0.7843362,0.26720864,0.31129885,1,STAD
TCGA-BR-8486-01,0.48986307,0.35255882,0.17049861,0.7297535,0.557829,0.4975294,0.46409875,0.5982614,0.44893333,0.29419228,0.21457541,0.50947505,0.5418364,0.58034354,0.57598335,0.47846752,0.8324767,0.20643282,0.8259672,0.6207419,0.73281455,0.40443778,0.20722917,0.63628685,0.20762694,0.615185,0.3690741,0.31220573,0.8901963,0.37076753,1,STAD
TCGA-BR-8682-01,0.2768071,0.30576983,0.27438062,0.93947417,0.888626,0.8352028,0.27157784,0.9274856,0.500754,0.5823762,0.23500842,0.77017355,0.2524042,0.5482631,0.17826697,0.8319874,0.5037921,0.1339056,0.8768896,0.95304024,0.5383061,0.73618585,0.52456033,0.928487,0.17447996,0.7497418,0.0,0.29901126,0.5661378,0.22530328,1,STAD
TCGA-BR-8690-01,0.35931668,0.26840964,0.49532247,0.6826968,0.53370214,0.6346122,0.28525174,0.38923576,0.81924915,0.46386623,0.38182318,0.77882373,0.21830273,0.65816903,0.30139452,0.6186473,0.52328104,0.5525988,0.6800307,0.4301297,0.530903,0.60593176,0.47957528,0.5297109,0.30281872,0.78840435,0.6662726,0.46632427,0.41082922,0.17996411,1,STAD
TCGA-BR-A4J4-01,0.74127483,0.3412347,0.5905136,0.42694092,0.22505629,0.56307656,0.5877856,0.37425065,0.6402012,0.6190047,0.60836804,0.59447205,0.4405134,0.41907042,0.5039772,0.57707924,0.31452098,0.6835613,0.48296398,0.14662671,0.287911,0.5093953,0.5243389,0.24420157,0.5668479,0.5598253,0.63106173,0.7733049,0.41038692,0.38753778,1,STAD
TCGA-CD-5798-01,0.44438043,0.46857163,0.5356798,0.75041413,0.61222845,0.8609148,0.36566013,0.7565359,0.7092483,0.8703025,0.44891292,0.8002939,0.17590153,0.3912472,0.081870615,0.9824041,0.16875386,0.51908624,0.6254964,0.707735,0.21083993,0.94587964,0.8691072,0.77579194,0.41250858,0.7081697,0.07977599,0.6760692,0.19216228,0.23918705,1,STAD
TCGA-CD-5799-01,0.77049565,0.41186306,0.24198881,0.56234646,0.3653658,0.4865831,0.68773586,0.65483814,0.2897262,0.45659,0.38803983,0.38585287,0.6942241,0.37658828,0.6905902,0.49574026,0.63102496,0.27729803,0.6854686,0.46211767,0.51819766,0.37061495,0.27974164,0.46429244,0.4079931,0.44188303,0.25758785,0.5476079,0.8675711,0.5265205,1,STAD
TCGA-CD-5800-01,0.072057605,0.015733719,0.27731532,0.8540844,0.7789128,0.5221508,0.07379097,0.3034417,0.8047503,0.0,0.13499218,0.81618476,0.21122184,0.99171007,0.4139536,0.333007,1.0,0.2766434,0.9395528,0.52691054,0.99999994,0.3106221,0.023025386,0.5828596,0.0,0.9399146,0.9572463,0.0,0.7696922,0.06492235,1,STAD
TCGA-CD-5801-01,0.94996953,0.7557694,0.7763072,0.18853384,0.046358228,0.39452547,0.88604015,0.30979663,0.36506736,0.71859455,0.8306062,0.31113285,0.6928127,0.08127999,0.6351521,0.5082124,0.18283385,0.84320647,0.20402896,0.11770791,0.10454512,0.48128298,0.594929,0.15940171,0.84914476,0.24077952,0.487479,0.9229103,0.34979987,0.70827544,1,STAD
TCGA-CD-5803-01,0.3904436,0.37479773,0.5920395,0.7556574,0.65308964,0.8939731,0.3047462,0.7238137,0.7564639,0.851644,0.47936583,0.87223303,0.10649526,0.4483139,0.041760843,0.96914804,0.13276547,0.5423879,0.62558293,0.6626662,0.21257508,0.9253938,0.8518782,0.73051405,0.4073473,0.7594882,0.18340588,0.64694124,0.13438708,0.18759258,1,STAD
TCGA-CD-5813-01,0.32590035,0.28634343,0.5883873,0.7861436,0.7181368,0.90438175,0.24721593,0.7150559,0.76301634,0.7846721,0.46354234,0.9145139,0.07240367,0.5175323,0.03479775,0.9285393,0.17123008,0.5030392,0.6647818,0.6630051,0.2727583,0.873605,0.77997476,0.7189967,0.36412686,0.80281806,0.2568305,0.5656999,0.15743378,0.14889301,1,STAD
TCGA-CD-8529-01,0.29436627,0.3533912,0.36822754,0.8233779,0.6911359,0.71110034,0.26441598,0.61883706,0.7174852,0.51985157,0.26877832,0.7677412,0.2242648,0.6101994,0.22393766,0.7407699,0.5559385,0.37399983,0.78000635,0.7174053,0.555191,0.71848565,0.5360545,0.7765921,0.21760249,0.7832866,0.3339054,0.38748133,0.47849792,0.1900243,1,STAD
TCGA-CG-4301-01,0.3289909,0.378706,0.49985757,0.7332791,0.56515396,0.69680536,0.26619178,0.46272284,0.86459494,0.5832068,0.3575275,0.80626035,0.16355336,0.60320735,0.1906426,0.75542474,0.45226586,0.572716,0.6740178,0.5542943,0.45930976,0.7698357,0.63902473,0.66639024,0.30174538,0.80145305,0.4985464,0.517914,0.31315568,0.16265796,1,STAD
TCGA-CG-4304-01,0.5101304,0.3988659,0.34066853,0.6642059,0.46971977,0.5561601,0.44902998,0.51070374,0.6107422,0.45649785,0.32739836,0.59272397,0.4267452,0.5353439,0.45558164,0.58889365,0.6244219,0.41934317,0.7051978,0.5142674,0.556808,0.55068856,0.41663814,0.5807504,0.31273,0.6449688,0.4344068,0.48505944,0.6291035,0.32636422,1,STAD
TCGA-CG-4305-01,0.5730306,0.44476727,0.4667339,0.6064428,0.4025054,0.62336457,0.47957456,0.5122903,0.6695431,0.6280573,0.43748045,0.6344567,0.36962774,0.44892633,0.37103957,0.7001926,0.4163014,0.5541225,0.60371196,0.45259804,0.37616187,0.6689837,0.5972273,0.541784,0.42216116,0.6301176,0.39483202,0.64821774,0.43615547,0.32690722,1,STAD
TCGA-CG-4306-01,0.7496681,0.47036204,0.49502036,0.48805463,0.2593351,0.57481694,0.62192965,0.49796975,0.57574534,0.67262506,0.53179383,0.538004,0.48713532,0.34883398,0.48601437,0.65765667,0.3496371,0.60007805,0.522388,0.3173176,0.28827262,0.5990131,0.58683,0.40294474,0.534137,0.5217745,0.3938908,0.77190226,0.466837,0.42734808,1,STAD
TCGA-CG-4436-01,0.8933011,0.2603486,0.2672533,0.43276733,0.2556259,0.388397,0.7751147,0.543115,0.1928801,0.3236453,0.4798081,0.31620944,0.8110664,0.40653497,0.8856694,0.2933576,0.67532825,0.28421378,0.64756805,0.21526542,0.5613278,0.116626605,0.06557517,0.19970563,0.4704706,0.378663,0.5002321,0.54306924,0.9938412,0.59070545,1,STAD
TCGA-CG-4437-01,0.8029027,0.5087174,0.47514877,0.4902501,0.263691,0.6017113,0.6737951,0.5933828,0.49701792,0.737216,0.5443585,0.5045804,0.52748287,0.27818114,0.48851252,0.70435333,0.3002563,0.55837166,0.5176872,0.36962774,0.23552012,0.626608,0.6253965,0.43674675,0.5610753,0.47432584,0.25279373,0.8087042,0.48005196,0.47149634,1,STAD
TCGA-CG-4440-01,0.7260803,0.24289235,0.39742458,0.47234195,0.29631537,0.45244208,0.6077412,0.40753055,0.4591878,0.3645288,0.4859016,0.48702592,0.5930791,0.508164,0.6968212,0.3761642,0.60156524,0.45066863,0.6197339,0.19385102,0.5335634,0.26436436,0.20777261,0.23618442,0.44384706,0.5270893,0.66928756,0.55207974,0.75077367,0.4395644,1,STAD
TCGA-CG-4441-01,0.7627002,0.47674128,0.34847492,0.523799,0.29096806,0.5044341,0.66215837,0.55402404,0.4453016,0.5503842,0.43756455,0.4410416,0.6060597,0.3625945,0.6031065,0.568476,0.52789557,0.4458931,0.6058655,0.39501008,0.4229287,0.48990005,0.43155962,0.44771576,0.461559,0.47717398,0.32810837,0.66031015,0.68702507,0.48303205,1,STAD
TCGA-CG-4442-01,0.8431337,0.30623755,0.5787611,0.35549802,0.1515634,0.5065575,0.67249435,0.35388178,0.5487095,0.57494795,0.6510651,0.52124166,0.5399573,0.3927583,0.6233656,0.48799032,0.33528453,0.66804755,0.4601866,0.04529044,0.29336494,0.3898844,0.42878854,0.12834609,0.61116815,0.49307245,0.6818402,0.7939562,0.5013593,0.45381308,1,STAD
TCGA-CG-4443-01,0.5015578,0.36423782,0.53001994,0.56259155,0.345012,0.54802084,0.39937788,0.27881882,0.8345925,0.49668053,0.44144183,0.68812394,0.3044651,0.5833521,0.39413303,0.58240837,0.50306714,0.6762696,0.5847,0.2835723,0.46595818,0.5896987,0.5129217,0.41773582,0.39719886,0.7108201,0.73038113,0.6066986,0.40205672,0.2509318,1,STAD
TCGA-CG-4444-01,0.46250597,0.28802463,0.34335795,0.68164057,0.52949554,0.5657893,0.4032846,0.5047843,0.59661496,0.38506356,0.32845253,0.63041675,0.40435353,0.6015263,0.46538052,0.53329533,0.6529561,0.37497368,0.7395031,0.4917999,0.6115364,0.4731131,0.32596046,0.5404829,0.28104386,0.6787104,0.52026165,0.40636933,0.66128504,0.2966724,1,STAD
TCGA-CG-4449-01,0.33615574,0.35928383,0.5689088,0.6745633,0.48826838,0.661072,0.255315,0.32961804,0.9578651,0.56306285,0.40007395,0.82697487,0.13457909,0.63642913,0.20145506,0.7135589,0.43967116,0.68464595,0.62339914,0.42541835,0.4487034,0.74920726,0.64076525,0.56940526,0.33398256,0.82288146,0.669879,0.5598913,0.25094908,0.13892244,1,STAD
TCGA-CG-4460-01,0.11081833,0.11969349,0.4297663,0.82712704,0.7380073,0.64792854,0.08316019,0.35498825,0.9042608,0.26786852,0.24688739,0.8953575,0.09813982,0.86900616,0.23733339,0.5470557,0.71258634,0.43875152,0.8249512,0.5371201,0.7513038,0.5470777,0.32587522,0.624479,0.1191118,0.9414642,0.8147245,0.20781422,0.48072273,0.044602826,1,STAD
TCGA-CG-4462-01,0.4232923,0.47110704,0.5124537,0.73428416,0.5685026,0.7850146,0.35041147,0.64344424,0.7635034,0.7732659,0.41043776,0.7793038,0.19163781,0.45030367,0.13525021,0.9021178,0.281155,0.5478283,0.6349156,0.6520512,0.2966439,0.89077914,0.7966244,0.74145836,0.37940252,0.7263014,0.2150116,0.63770175,0.2454702,0.22675328,1,STAD
TCGA-CG-4465-01,0.8169775,0.38315895,0.30422264,0.49178368,0.28571188,0.45737758,0.71120906,0.56369233,0.32498765,0.45130375,0.44980073,0.38473946,0.6983522,0.37999022,0.725408,0.45181876,0.5961277,0.3614227,0.6311884,0.3317671,0.48702973,0.3280798,0.26947767,0.35093486,0.4600678,0.43286175,0.3855878,0.6018557,0.8294685,0.5317987,1,STAD
TCGA-CG-4466-01,0.64866483,0.22631517,0.39906138,0.49597085,0.31445193,0.4328291,0.54070586,0.32962728,0.54629785,0.30354887,0.44688046,0.5250891,0.54212105,0.58155775,0.6736229,0.3499358,0.6664843,0.47740304,0.64055496,0.18726456,0.5980843,0.26499766,0.18477528,0.24877068,0.3961255,0.58463854,0.7743299,0.50027055,0.73894036,0.38663614,1,STAD
TCGA-CG-4469-01,0.9178586,0.3501062,0.35825258,0.3861556,0.17978191,0.39917794,0.7881395,0.48112616,0.28526467,0.42585957,0.53612006,0.33410937,0.76618016,0.35489768,0.82426363,0.3626709,0.56993496,0.42274785,0.5640237,0.16972443,0.4566484,0.22175495,0.20695007,0.18910974,0.5390736,0.37533355,0.51099277,0.6590842,0.8465622,0.5861939,1,STAD
TCGA-CG-4472-01,0.37571648,0.3991997,0.50971156,0.76615524,0.6360063,0.8122908,0.3083545,0.67042625,0.74942064,0.7409938,0.40351528,0.81636775,0.16327494,0.49122953,0.11815472,0.8887422,0.2887401,0.5013398,0.66816723,0.6726186,0.3276043,0.860888,0.7528302,0.7452291,0.34961385,0.7555529,0.23365164,0.57707226,0.25771675,0.20017888,1,STAD
TCGA-CG-4474-01,0.48490092,0.4527838,0.2651478,0.72822964,0.5324439,0.574373,0.44715124,0.60886043,0.55982506,0.46797663,0.26167575,0.57118803,0.44545665,0.51336896,0.4362088,0.63397855,0.66627836,0.3315311,0.7559632,0.64999527,0.58420146,0.59526,0.4305759,0.6995596,0.26661736,0.63633674,0.2806663,0.44344115,0.6834926,0.3384989,1,STAD
TCGA-CG-4475-01,0.31245205,0.33867142,0.5579837,0.71766984,0.5615154,0.71677196,0.23856866,0.42344612,0.91442215,0.59709746,0.39520758,0.85139537,0.11529344,0.62373054,0.1589962,0.7597343,0.40173176,0.6246327,0.65005755,0.5021479,0.43119723,0.7762969,0.6599481,0.62368476,0.32070616,0.82851905,0.5718777,0.5358823,0.24417429,0.13291816,1,STAD
TCGA-CG-4476-01,0.25871062,0.2856154,0.3537764,0.8766436,0.7969527,0.7790821,0.23648304,0.7339645,0.64760184,0.53380257,0.26728937,0.80377924,0.20278269,0.61395913,0.18612441,0.77087706,0.51999635,0.28067994,0.8233544,0.7966616,0.5524798,0.7135905,0.5190757,0.81965274,0.19443831,0.7948839,0.24400502,0.33204395,0.49086103,0.17931537,1,STAD
TCGA-CG-4477-01,0.25604776,0.22298446,0.57960224,0.6835255,0.53262573,0.6360898,0.17808643,0.23980656,1.0,0.43000355,0.38824183,0.8782095,0.09448734,0.75738955,0.22590324,0.6084326,0.5218389,0.6722183,0.66093653,0.3533159,0.5533128,0.6376668,0.5072304,0.49481612,0.28141475,0.88685405,0.8743936,0.4520418,0.28903222,0.08213027,1,STAD
TCGA-CG-5717-01,0.32386777,0.31438288,0.6374124,0.67292106,0.51568186,0.7242123,0.23028111,0.3537181,0.97949165,0.62599105,0.4546463,0.8870987,0.07404882,0.62967366,0.13758743,0.76152337,0.33197767,0.7164291,0.59883726,0.40917325,0.3790577,0.78569686,0.6983785,0.5501932,0.36568135,0.8442075,0.6699418,0.5915791,0.15441006,0.11227082,1,STAD
TCGA-CG-5718-01,0.6979226,0.3356513,0.34879106,0.53134465,0.33862472,0.48050314,0.599866,0.48695695,0.45612124,0.41790494,0.42859697,0.47974986,0.5843787,0.47225934,0.64164513,0.45929503,0.6088847,0.41234237,0.64719737,0.3286226,0.5257392,0.3645693,0.28556377,0.3703599,0.41269603,0.5271094,0.5092007,0.55053467,0.7457073,0.44026524,1,STAD
TCGA-CG-5719-01,0.42058143,0.4894881,0.45938465,0.74742866,0.57042956,0.7508774,0.3592068,0.6437737,0.73899055,0.72598636,0.36773735,0.7445853,0.22879338,0.46052873,0.1733685,0.8711169,0.35711887,0.5075772,0.662819,0.6791506,0.35124177,0.8628557,0.7493666,0.76470345,0.34864,0.7164196,0.20370734,0.6002327,0.3182037,0.2410069,1,STAD
TCGA-CG-5720-01,0.71447706,0.46970245,0.13579667,0.6416195,0.43384415,0.47456014,0.66564167,0.7193128,0.2589776,0.41391668,0.28208864,0.3574984,0.71631277,0.3902595,0.6872524,0.5093735,0.7452472,0.17749542,0.76024294,0.6078684,0.60449743,0.3963117,0.25436252,0.5988296,0.32536575,0.4495079,0.1426878,0.4636519,0.9618487,0.5268567,1,STAD
TCGA-CG-5720-11,0.26140347,0.41673866,0.037787676,0.95264345,0.8027424,0.58545274,0.3060971,0.76125765,0.48637488,0.2825993,0.020063773,0.5880208,0.43251738,0.6479137,0.40772915,0.60883886,0.94839555,0.039839916,0.98153985,0.97228044,0.8519019,0.5675748,0.26407537,0.97023106,0.02472572,0.72134304,0.13083583,0.13147718,0.9153843,0.27711672,0,STAD
TCGA-CG-5721-01,0.8376243,0.39150414,0.6889511,0.37082064,0.16593635,0.6347213,0.65277684,0.43363798,0.6307898,0.80072904,0.7191166,0.60598487,0.4241641,0.3009116,0.44454643,0.6904128,0.103085995,0.7706849,0.39062965,0.11166388,0.09970623,0.6112049,0.68988204,0.21424103,0.68306834,0.51238585,0.5201582,0.9362623,0.26047325,0.42050081,1,STAD
TCGA-CG-5721-11,0.42079583,0.5418545,0.28758743,0.81329906,0.62478554,0.6960023,0.39679128,0.7438374,0.60325265,0.6319385,0.24528518,0.6433001,0.34463313,0.45451736,0.2630198,0.8246305,0.5374583,0.33136696,0.7606108,0.82642615,0.48077527,0.80371773,0.6330151,0.8775703,0.26092815,0.67045563,0.053035438,0.4878397,0.5370769,0.29835516,0,STAD
TCGA-CG-5722-01,0.5516932,0.48717716,0.5214535,0.61519134,0.40411294,0.6722835,0.4536171,0.5165287,0.74072057,0.7169934,0.45910108,0.68242604,0.3017133,0.42583865,0.28269106,0.78629166,0.3274233,0.62015355,0.5721115,0.47432193,0.3023854,0.77523494,0.71694714,0.58191025,0.44517463,0.6547747,0.35695863,0.70681447,0.31633905,0.296795,1,STAD
TCGA-CG-5722-11,0.21565348,0.16031161,0.37893546,0.96723074,0.99999994,0.9639349,0.19501635,1.0,0.5111049,0.6518345,0.31758085,0.8993195,0.13329345,0.57406116,0.06375171,0.8941016,0.3372219,0.13250273,0.8710879,0.9479797,0.455958,0.7601076,0.5694812,0.89923567,0.19777629,0.8080996,0.011705875,0.2898021,0.42965287,0.1609856,0,STAD
TCGA-CG-5723-01,0.6550424,0.41209707,0.6693426,0.48311186,0.2781403,0.66823244,0.5052902,0.4059773,0.7769917,0.76751035,0.6149868,0.7021806,0.29317153,0.4000349,0.3151263,0.7471969,0.17686915,0.7709562,0.45657206,0.24090326,0.18248016,0.719199,0.7386274,0.36707395,0.5726744,0.62927437,0.5382579,0.83737963,0.19956067,0.31090122,1,STAD
TCGA-CG-5724-01,0.74268675,0.20563522,0.5928578,0.40076673,0.23771316,0.53379536,0.58090466,0.33343536,0.5934038,0.51133525,0.63269675,0.596799,0.46624395,0.48339272,0.58110696,0.46194327,0.36319032,0.6439512,0.50240535,0.052423,0.3540411,0.3601939,0.37468266,0.12927634,0.5571451,0.56476474,0.77700937,0.7029987,0.48836008,0.38681865,1,STAD
TCGA-CG-5725-01,0.36977562,0.19894776,0.59872895,0.57916427,0.40801406,0.55547637,0.2659089,0.14980102,0.95807964,0.3830196,0.44906008,0.80589646,0.1861861,0.7381569,0.35313502,0.50374264,0.53854203,0.71989876,0.608063,0.19018945,0.54902613,0.51800156,0.42375946,0.33684602,0.3453174,0.8245856,1.0,0.5050168,0.34861672,0.14242522,1,STAD
TCGA-CG-5726-01,0.9044814,0.6034169,0.41142622,0.3293429,0.21828914,0.2775579,0.89460176,0.46935362,0.0704878,0.36375275,0.58424217,0.16453803,0.91128373,0.21569216,0.88979787,0.26902625,0.62909853,0.40528488,0.47357446,0.29872787,0.48693955,0.16305418,0.1430693,0.2478331,0.6116216,0.21104074,0.40836498,0.56462526,0.8989307,0.7670966,1,STAD
TCGA-CG-5728-11,0.34278175,0.41920504,0.3202799,0.842162,0.704668,0.7335263,0.3194037,0.7339506,0.6278842,0.58277977,0.25580662,0.72020775,0.27625078,0.53269184,0.2272417,0.7966787,0.5310739,0.31025305,0.78973216,0.80856323,0.51652753,0.7594713,0.5774549,0.84744406,0.22906086,0.7309396,0.1506142,0.41349936,0.5144374,0.2405122,0,STAD
TCGA-CG-5730-11,0.30240974,0.48722944,0.0,0.94569314,0.7679431,0.55979973,0.35126948,0.77955276,0.45653003,0.29769808,0.0,0.5356622,0.4822313,0.6057968,0.436888,0.61848664,0.9727065,0.02921579,0.9781187,1.0,0.84822416,0.5839931,0.27960235,1.0,0.031009331,0.68396807,0.060337305,0.15701818,0.9533826,0.3144462,0,STAD
TCGA-CG-5732-01,0.36638448,0.29859737,0.1537889,0.80338824,0.6578588,0.5215707,0.3618456,0.59088326,0.5070088,0.2329237,0.1560109,0.57830375,0.46513584,0.6693426,0.5165052,0.47566825,0.8927623,0.16881049,0.88611376,0.6851955,0.812276,0.41319677,0.17478493,0.69940925,0.12747577,0.6935452,0.41631576,0.20841786,0.88708407,0.2990231,1,STAD
TCGA-CG-5733-11,0.35418662,0.44616798,0.2910199,0.8450915,0.6960762,0.7155179,0.3359638,0.74163175,0.6094749,0.5724249,0.23566666,0.69313014,0.3035213,0.5228623,0.24812031,0.79014504,0.5627184,0.29239705,0.7983886,0.8272938,0.5330117,0.7554967,0.56674683,0.86499035,0.22069833,0.7162105,0.12342024,0.408485,0.55009794,0.256657,0,STAD
TCGA-CG-5734-01,0.5846299,0.4212428,0.15708283,0.7070799,0.5233426,0.5152893,0.55073386,0.6925332,0.35887772,0.38557833,0.24470064,0.452106,0.6058825,0.47635043,0.5939689,0.53267646,0.76168305,0.18504927,0.7979752,0.6543078,0.64963186,0.44010526,0.2679606,0.65524083,0.262514,0.5416819,0.2077148,0.3905952,0.89768016,0.438466,1,STAD
TCGA-CG-5734-11,0.289059,0.46261176,0.012841582,0.94984823,0.7834747,0.5727143,0.33652085,0.78075886,0.46244895,0.29690933,0.007985443,0.5543526,0.4649515,0.6172684,0.42443055,0.6192001,0.9595663,0.029326625,0.9798943,0.9950505,0.8460073,0.5806911,0.27698064,0.9926904,0.029707909,0.6956818,0.075831294,0.14889643,0.9392493,0.30254608,0,STAD
TCGA-D7-5577-01,0.9611398,0.7455542,0.7715054,0.16034305,0.042724013,0.3424772,0.91364735,0.28005108,0.2998048,0.64490193,0.84183043,0.26515955,0.74902546,0.08569121,0.703835,0.4246756,0.23800942,0.8182697,0.19949716,0.08931452,0.1526416,0.38920668,0.5001068,0.11111179,0.85492086,0.2058922,0.5415755,0.8744144,0.419213,0.7486605,1,STAD
TCGA-D7-5578-01,0.4683372,0.4060931,0.19583595,0.7639761,0.5929554,0.56483704,0.4454255,0.6659029,0.4765316,0.39789537,0.21954606,0.5477663,0.487232,0.53809077,0.48110378,0.5873571,0.7434787,0.22320342,0.8150463,0.70131403,0.6584221,0.52341837,0.33117503,0.7207041,0.21915957,0.6282556,0.24812531,0.35638034,0.79504967,0.35288614,1,STAD
TCGA-D7-6518-01,0.22451556,0.15201268,0.50407755,0.89099693,0.90108967,0.9516972,0.1749151,0.8424814,0.65732974,0.6852687,0.3963077,0.95160526,0.062444344,0.5947815,0.030601919,0.8907671,0.25470793,0.31078702,0.78350407,0.7888075,0.3882342,0.78884155,0.64010596,0.7874335,0.26204294,0.84228694,0.20213872,0.38452655,0.2800405,0.11979897,1,STAD
TCGA-D7-6519-01,0.4297605,0.29236844,0.5186272,0.64312637,0.4871217,0.6410465,0.34099412,0.41204637,0.78328097,0.5216995,0.42833638,0.75222075,0.2497578,0.5988119,0.31739593,0.63899535,0.45732573,0.5754925,0.6408185,0.39898157,0.4634698,0.61493987,0.5174404,0.49625003,0.3574304,0.7452029,0.6212102,0.53538716,0.3898128,0.21782131,1,STAD
TCGA-D7-6520-01,0.3933442,0.42562255,0.37227887,0.7406119,0.5541802,0.63075966,0.34771395,0.53081167,0.72270423,0.5167303,0.29366028,0.68905634,0.30079708,0.56628907,0.30943662,0.6953021,0.5782085,0.44912148,0.72310615,0.6163337,0.5362698,0.68954813,0.53425443,0.6999686,0.27123532,0.7258485,0.38888082,0.46982902,0.50397956,0.2448257,1,STAD
TCGA-D7-6521-01,0.31880042,0.3786244,0.3669666,0.8254872,0.69367296,0.732745,0.28722668,0.6686948,0.6874932,0.56681806,0.27931833,0.75816333,0.23455054,0.5703087,0.21180296,0.77774835,0.5161077,0.36270005,0.7725049,0.7468544,0.51629996,0.7483597,0.573929,0.7991594,0.23543519,0.76257575,0.25605673,0.41554374,0.4666691,0.20816179,1,STAD
TCGA-D7-6522-01,0.28385386,0.29841956,0.37178412,0.8816029,0.8146838,0.8288553,0.25612217,0.8103637,0.61146283,0.6113458,0.29709566,0.8117353,0.19681013,0.5625819,0.15052748,0.8321899,0.43608752,0.269907,0.8093406,0.8324675,0.4832661,0.7600231,0.58120024,0.8434957,0.2249392,0.7758121,0.1422571,0.37280506,0.4488607,0.19365416,1,STAD
TCGA-D7-6524-01,0.5406028,0.57775307,0.42144316,0.692155,0.474106,0.6985129,0.4709339,0.66141564,0.6590611,0.7544272,0.38008046,0.6411087,0.33953688,0.37294167,0.2603244,0.8588229,0.36572957,0.5061756,0.6297102,0.65728855,0.31783336,0.84517854,0.75313675,0.741591,0.39849284,0.6272699,0.121881306,0.67381877,0.3853956,0.32741147,1,STAD
TCGA-D7-6525-01,0.6801872,0.27239975,0.59964406,0.4541582,0.2802986,0.5806757,0.5316292,0.36348808,0.66322964,0.57724446,0.5992514,0.6415435,0.39621964,0.4762352,0.48039532,0.55763924,0.3309902,0.6653319,0.5098879,0.14836487,0.32618862,0.48512003,0.48543125,0.24028304,0.5339482,0.6035174,0.6923694,0.71467257,0.40518323,0.34679735,1,STAD
TCGA-D7-6526-01,0.55726063,0.24874601,0.2657362,0.6394882,0.49152988,0.49313137,0.4953342,0.5287052,0.44376194,0.29331934,0.32625604,0.5253667,0.545468,0.5832822,0.62131006,0.4168413,0.7447009,0.27853233,0.7616682,0.44485465,0.674935,0.3144429,0.16736373,0.4600964,0.28674424,0.5988844,0.5234854,0.36834198,0.8439632,0.38103783,1,STAD
TCGA-D7-6527-01,0.50433946,0.40850708,0.2655485,0.7154116,0.5365804,0.5732577,0.4612556,0.6209943,0.51825786,0.44933996,0.28066024,0.5639428,0.4661335,0.5154797,0.4659915,0.60413754,0.66275716,0.30753568,0.7585247,0.62339085,0.58839846,0.54528594,0.386428,0.659366,0.27538863,0.62338084,0.2978083,0.4316504,0.7123345,0.35162497,1,STAD
TCGA-D7-6528-01,0.8378087,0.38791898,0.3613088,0.38579237,0.27257687,0.31383616,0.7899572,0.44978583,0.15153098,0.2711092,0.5302357,0.26419425,0.83609927,0.36774433,0.8887703,0.22485793,0.69548297,0.34779793,0.56940126,0.23730707,0.58059895,0.08962637,0.040360652,0.19892555,0.5175934,0.32363248,0.5600419,0.48479223,0.950886,0.65567076,1,STAD
TCGA-D7-6815-01,0.51714635,0.3023639,0.13392136,0.7089552,0.54481226,0.45003325,0.4908579,0.57971406,0.38827688,0.21161793,0.20865485,0.46796143,0.6031579,0.6033548,0.6624603,0.39089274,0.904222,0.15974106,0.84531385,0.5754325,0.7937321,0.29671592,0.09365223,0.5759218,0.1966632,0.5918319,0.4290205,0.2669661,0.99188423,0.39835787,1,STAD
TCGA-D7-6817-01,0.28323272,0.32334992,0.27772844,0.80995804,0.6543979,0.5842469,0.26862717,0.5051469,0.70380485,0.32798433,0.19299291,0.6975883,0.30674148,0.6967074,0.36180297,0.57749635,0.7735753,0.32787555,0.83053684,0.65931016,0.7271962,0.5643955,0.34362507,0.72198236,0.14904246,0.78105426,0.4960527,0.27944946,0.65989965,0.20452236,1,STAD
TCGA-D7-6818-01,0.13934907,0.14557043,0.31810814,0.9235095,0.8834832,0.74598134,0.13563946,0.6611774,0.67835957,0.35645503,0.20691156,0.85192096,0.1663925,0.76317924,0.21468061,0.6515115,0.66726035,0.21654852,0.902811,0.7775134,0.7151488,0.58959234,0.34617162,0.79046744,0.09511907,0.87318146,0.43236315,0.16440761,0.5808903,0.11312412,1,STAD
TCGA-D7-6820-01,0.8070427,0.35040978,0.2793109,0.48408073,0.29640937,0.41030872,0.7151446,0.5334016,0.28115904,0.36092633,0.43623793,0.35498422,0.7390759,0.41252488,0.78752244,0.3682862,0.67588675,0.32218045,0.6506071,0.31202567,0.5596155,0.23666805,0.1637714,0.31591082,0.43883455,0.42173195,0.45203954,0.53414494,0.9114959,0.5493494,1,STAD
TCGA-D7-6822-01,0.6078677,0.31017235,0.4744098,0.51977795,0.32204348,0.50959253,0.49689913,0.34278077,0.6618737,0.44608942,0.4672786,0.59797055,0.43449137,0.5432154,0.5280358,0.49496195,0.53637284,0.5761318,0.5968381,0.24260756,0.48708326,0.44675756,0.38215786,0.33449605,0.42385665,0.6250598,0.6950929,0.58899,0.55333334,0.33820397,1,STAD
TCGA-D7-8570-01,0.83942616,0.5007192,0.66249114,0.3869719,0.14240324,0.625597,0.6649392,0.44135934,0.6616409,0.8442863,0.68067855,0.5817433,0.42861953,0.26445562,0.4186185,0.74536777,0.116687715,0.79125917,0.38571924,0.1752724,0.08564049,0.6961863,0.7667014,0.29555622,0.6764369,0.5033197,0.43396473,0.9711662,0.24411426,0.4289679,1,STAD
TCGA-D7-A4YX-01,0.91656685,0.9643153,1.0,0.0,0.0,0.16968948,0.9827588,0.036153674,0.22050178,0.5398047,0.99999994,0.1475867,0.8230767,0.0,0.7593251,0.2466916,0.24401951,0.99999994,0.0,0.01431632,0.15802252,0.2834513,0.43001497,0.0,1.0,0.07443011,0.75198025,0.81359595,0.32286876,0.89571553,1,STAD
TCGA-F1-6177-01,0.89334786,0.6971923,0.5404456,0.19813502,0.16211057,0.114587784,0.952733,0.2575071,0.0,0.21468662,0.68401533,0.061196208,0.9999999,0.19567621,1.0,0.06824103,0.70067656,0.51078933,0.35336292,0.18237486,0.54778504,0.0,0.0,0.10579726,0.696635,0.1177994,0.64383256,0.49208975,0.9099053,0.87392336,1,STAD
TCGA-F1-6874-01,0.67521536,0.37897262,0.31846523,0.5606172,0.35578,0.48037517,0.58931607,0.5050585,0.4656083,0.4219387,0.3900586,0.4741724,0.5811384,0.4696555,0.6234652,0.4837626,0.63778996,0.3956194,0.6658199,0.38752905,0.5427001,0.40224203,0.30684245,0.4324738,0.38718608,0.53329927,0.45756432,0.5369849,0.755474,0.43588674,1,STAD
TCGA-F1-6875-01,0.67260873,0.19280538,0.45537117,0.46864682,0.3031606,0.46363086,0.54825836,0.33331516,0.54784477,0.3483501,0.5049259,0.55018014,0.52132046,0.5639445,0.6549367,0.367122,0.5823654,0.51256317,0.6068577,0.13940957,0.5370574,0.26916283,0.2154789,0.19928703,0.43951964,0.5812513,0.7916217,0.5435873,0.6782277,0.38501203,1,STAD
TCGA-FP-7998-01,0.7104825,0.59522283,0.70575005,0.4944551,0.25089508,0.7535466,0.55598474,0.52561545,0.7936663,1.0,0.64328104,0.699889,0.26473704,0.2486279,0.1931566,0.95251006,0.0,0.8332937,0.39445716,0.3595175,0.0,0.9479717,1.0,0.5016202,0.6443016,0.5883137,0.2621914,0.99999994,0.043399125,0.33920234,1,STAD
TCGA-HF-7136-01,0.19621813,0.2899858,0.33215052,0.7951406,0.61992884,0.5366415,0.18045974,0.31586027,0.8770127,0.24370857,0.17899537,0.75952065,0.22304732,0.8073199,0.33959666,0.51824343,0.83808315,0.44325423,0.8171744,0.55751306,0.7934288,0.5528154,0.3209647,0.6666027,0.11698928,0.8656452,0.7449467,0.25048196,0.5966604,0.12353511,1,STAD
TCGA-HU-8608-01,0.939288,0.70259726,0.79158574,0.16749167,0.04461348,0.3653705,0.877047,0.25713927,0.359742,0.6532156,0.8452352,0.31157255,0.7005223,0.11931729,0.6724852,0.43945342,0.21652299,0.84613454,0.20286608,0.060229033,0.1447432,0.40646428,0.51957166,0.096538335,0.8466802,0.24588478,0.5919282,0.88425833,0.37681654,0.7063814,1,STAD
TCGA-HU-A4G6-01,0.8232883,1.0,0.8857174,0.02483356,0.114417434,0.0,1.0,0.0,0.0053018928,0.24018507,0.9065525,0.0,0.9854109,0.05552256,0.9320212,0.0,0.55687433,0.8129058,0.07626331,0.123970926,0.4296242,0.03694889,0.10317881,0.030967593,0.9046761,0.0,0.81565744,0.52078867,0.61824936,0.99999994,1,STAD
TCGA-HU-A4H0-01,0.94307244,0.87227654,0.83675814,0.07469964,0.024485469,0.19360566,0.9760547,0.14520216,0.19019502,0.50698364,0.8914129,0.14343297,0.8569131,0.04875076,0.8070092,0.25792214,0.34067175,0.8552921,0.11989093,0.06591877,0.23166406,0.2561267,0.36594874,0.051194817,0.9059234,0.105057836,0.66033375,0.7790439,0.4784954,0.86484736,1,STAD
TCGA-IN-7806-01,0.42485872,0.35037115,0.2659894,0.7458867,0.5835496,0.56999534,0.3912741,0.5738057,0.57145077,0.38070622,0.25108427,0.61014974,0.41698912,0.5941077,0.44677517,0.56932515,0.717293,0.30161238,0.7912308,0.6206623,0.6555438,0.5193022,0.33654395,0.66084945,0.22551748,0.6800773,0.39558047,0.3589589,0.71545565,0.29991478,1,STAD
