,0,1,2,3,4,5,6,7,8,9,10,11,12,13,14,15,16,17,18,19,20,21,22,23,24,25,26,27,28,29,30,31,32,33,34,35,36,37,38,39,40,41,42,43,44,45,46,47,48,49,50,51,52,53,54,55,56,57,58,59,60,61,62,63,64,65,66,67,68,69,70,71,72,73,74,75,76,77,78,79,80,81,82,83,84,85,86,87,88,89,90,91,92,93,94,95,96,97,98,99,tumor,project
TCGA-B7-5816-01,1.5809648054736445,0.0,0.0,0.0,0.0,0.0,0.0,0.0007687735164610874,0.0,0.0,0.0,0.0,0.0,0.0,0.0,0.0,0.0,0.0,0.0,0.0,0.0,0.0,0.030815837141674865,0.0,0.15846103991500304,0.0,0.0,0.0,0.0,0.010400249476260726,0.0,0.00875849912470488,0.0,0.0,4.446465868523153,0.0,0.0,0.0,0.0,0.0,0.0,0.0,0.0,0.0,0.0,0.0,0.0,0.040726511788603245,0.0,0.0,0.0,0.0,0.0,0.0,0.0,0.0,0.0,0.0,0.0,0.0,0.0,0.0,0.0,0.0,0.0,0.0,0.0,0.0,0.0,0.0020385112744190225,0.0,0.05336842743907351,0.0,0.0,0.0,0.0,0.0,0.0,0.0,0.0,0.0,0.0,0.0,0.028430983038444813,0.0,0.0,0.0,0.0,0.0,0.0,0.0,0.00043966631263194525,0.0,0.0,0.0,0.0,0.0,0.0,0.0,0.0013567331098099126,1,STAD
TCGA-B7-5818-01,0.0941535554970881,0.0,0.0,0.0,0.0,0.0,0.0,0.0,0.0,0.0,0.0,0.0,0.0,0.0,0.0,0.0,0.0,0.0,0.0,0.0,0.0,0.0,0.015996591591940515,0.0,0.0,0.0,0.0,4.340026713076157,0.0,0.0,0.0,0.0,0.0,0.0,0.0,0.0,0.0,0.0,0.0,0.0,0.0,0.0,0.0,0.0,0.0,0.0,0.0,0.0,0.0,0.0,0.0,0.0,0.0,0.0,0.0,0.0,0.0,0.0,0.0,0.0,0.0,0.0,0.0,0.0,0.0,0.0,0.0,0.0,0.0,0.0,0.0,0.0,0.0,0.0,0.0,0.0,0.0,0.0,0.0,0.0,0.0,0.0,0.0,0.0,0.0,0.0,0.0,0.0,0.0,0.0,0.0,0.0014669829065179518,0.0,0.0,0.0,0.0,0.0,0.0,0.0,0.0,1,STAD
TCGA-BR-4187-01,1.114856085160599,0.4882918241365209,0.0,0.0,0.0,0.0,0.0,0.0,0.0,0.0,0.0,0.0,0.0,0.0,0.14703814896173545,0.0,0.0,0.0,0.0,0.0,0.0,0.0,0.9299221935125526,0.0,0.11768105189092003,0.0,0.0,0.0,0.24022965806978383,0.0,0.05539819609687698,0.0,0.0,0.0,0.0,0.0,0.0,0.0,0.0,0.0,0.0,0.0,0.0,0.0,0.0,0.0,0.0,0.0,0.0,0.0,0.0,0.0,0.0,0.0,0.0,0.0,0.0,0.0,0.0,0.0,2.476164233424807,0.0,0.09742117310913369,0.574386890161523,0.0,0.0,0.0,0.0,0.0,0.0,0.0,0.0,0.0,0.0,0.0,0.0,0.0,0.6196348656117191,0.0,0.0,0.0,0.0,0.0,0.0,0.0,0.0,0.0,0.0,0.0,0.0,0.0,0.0,0.0,0.0,0.12572875091053534,0.5091615455880051,0.0,0.0,0.0,0.0,1,STAD
TCGA-BR-4191-01,0.540097316503734,0.0,0.0,0.0,0.0,0.0,0.0,0.0,0.0033470739860821897,0.0,0.0,0.010686590831985377,0.6930049487193072,0.0,0.0,0.0,0.0,0.0,0.0,0.0,0.0,0.0,0.0,0.0,0.8991045136909835,0.0,0.0,0.0,0.0,0.0,0.0,0.0,0.0,0.0,0.0,0.0,0.0,0.0,4.653529263468575,0.0,0.0,0.0,0.0,0.0,0.04842526457761309,0.0,0.0,0.0,0.0,0.0,0.0,0.0,0.0,0.0,0.0,0.0,0.0,0.0,0.0,0.0,0.23537811328467093,0.0,0.0,0.6545737623904128,0.0,0.0,0.0,0.0716864123124041,0.0,0.0,0.0,0.0,0.0,0.0,0.0,0.0,0.0,0.0,0.0,0.0,0.0,0.0,0.0,0.0,0.0,0.0,0.0,0.0,0.0,0.3284464357548879,0.0,0.0,0.0,0.0,0.0,0.0,0.0,0.0,0.0,0.0,1,STAD
TCGA-BR-4201-01,1.0857040435954863,0.0,0.0,0.0,0.0,0.0,0.0,0.0,0.0,0.0,0.0,0.0,0.0,0.0,0.0,0.0,0.0,0.0,0.0,0.0,0.0,0.0,0.0,0.0,0.0,0.0,0.0,0.0,0.11183502270576033,0.0,0.0,0.03744272800299113,12.388797477867563,0.0,0.0,0.0,0.0,0.0,0.0,0.07714713559336266,0.0,0.0,0.0,0.0,0.0,0.0,0.0,0.0,0.0,0.0,0.0,0.0,0.0,0.0,0.0,0.0,1.5661162632640775,0.15568471254966942,0.0,0.0,0.0,0.0,0.0,0.0,0.0,0.04291499206791732,0.0,0.0,0.0,0.02154130930483336,0.0,0.0,0.0,0.0,0.0,0.0,1.3636651498614167,0.0,0.0,0.0,0.0,0.0,0.3040525205831307,0.0,0.0,0.0,0.0,0.0,0.0,0.0,0.0,0.0,0.0,0.0,0.0,0.0,0.0,0.0,0.0,0.0,1,STAD
TCGA-BR-4253-01,0.45590135146604926,0.0,0.0,0.0,0.0,0.0,0.0,0.0,0.0,0.0,0.0,0.0,0.0,0.0,0.0,0.0,0.0,0.0,0.0,0.0,0.0,0.0,0.0,0.0,9.108767516597977,0.0,0.0,0.21186181718764954,0.0,0.0,0.0,0.0,0.0,0.0,0.0,0.0,0.08845965992898763,0.0,0.0,0.0,0.0,0.0,0.5629185747704979,0.0,0.0,0.0,0.06681019201170277,0.0,0.0,0.0,0.0,0.0,0.0,0.0,0.0,0.0,0.0,0.0,0.0,0.0,0.0,0.0,0.0,0.0,0.0,0.0,0.0,0.0,0.0,0.0,0.0,0.0,0.0,0.0,0.0,0.0,0.3425923319107074,0.0,0.0,0.0,0.0,0.0,0.0,0.0,0.0,0.0,0.0,0.0,0.0,0.0,0.0,0.0,0.0,0.0,0.0,0.0,0.0,0.0,0.0,0.0,1,STAD
TCGA-BR-4256-01,1.3411186533715815,0.0,0.0,0.0,0.0,0.0,0.0,0.03969932374011755,0.0,0.0,0.0,0.0,0.0,0.0,0.0,0.0,0.0,0.0,0.0,0.0,0.0,0.0,0.0,0.0,0.0,0.0,0.0,0.0,0.0,0.11995839161810311,0.0,0.0,0.0,0.0951045952926404,0.0,0.0,0.0,0.0,0.0,0.0,0.0,0.0,0.0,0.0,0.05310020529604527,0.0,0.05331729358572247,0.0,0.0,0.05208863858066837,0.0,0.0,0.0,0.0,0.0,0.14935003299824326,0.0,0.0,0.0,0.0,13.938932615954688,0.0,0.0,0.0,0.0,0.0,0.0,0.0,0.0,0.0,0.0,0.0,0.0,0.0,0.0,0.001027763946898709,0.0,0.0,0.0,0.0,0.0,0.0,0.0,0.0,0.0,0.2942764080445103,0.0,0.0,0.0,0.0,0.0,0.0,0.0,0.0,0.0,0.0,0.0,0.0,0.0,0.0,1,STAD
TCGA-BR-4257-01,1.423086090646889,0.0,0.0869389401112774,0.0,0.0,0.0,0.0,0.0,0.0,0.10795653985627092,0.0,0.0,0.0,0.0,0.0,0.0,0.0,0.0,1.3881082688632065,0.0,0.0,0.0,0.0,0.0,0.0,0.0,0.0,0.0,0.00943970450734862,0.0,0.0,0.0,0.0,0.0,0.0,0.0,0.0,0.0,0.0,0.0,0.0,0.0,0.0,0.0,0.0,0.0,0.0008062850703731249,0.0,0.0006493184136122426,0.0,0.0,0.0,0.0,0.0,0.0,0.0,0.0023186841664490756,0.0,0.0,0.0,0.0,0.0,0.0,0.0,0.0,0.0,0.0,0.0,0.03530850287026293,0.0,0.0,0.0,0.0,0.0,0.0,0.0,0.0,0.0,0.0,0.0,0.0,0.0,0.0,0.0,0.07989154680088129,0.0,0.0,0.0,0.0,0.0,0.0,0.0,0.0,0.0,0.0,0.0,0.0,0.0,0.0,0.0,1,STAD
TCGA-BR-4267-01,0.9339910403248879,0.0,0.0,0.0,0.0,0.0,0.0,0.0,0.0,0.0,0.0,0.0,0.0,0.0,0.0,0.0,0.0,0.0,0.0,0.0,0.0,0.0,0.17634192550846794,0.0,0.0,0.0,0.0,0.07397697338480794,0.027876518677371398,0.0,0.0,0.0,0.0,0.0,0.0,0.0,0.0,0.0,0.0,0.0,0.0,0.0,0.0028637302393895413,0.0,0.0,0.0,0.0,0.0,0.0,0.0,0.0,0.0,0.10223703614361244,0.0,0.0,0.0,0.0,0.0,0.01227766735504747,0.0,0.0,0.0,0.0,0.0,0.0,0.0,0.0,0.0,0.0,0.0,0.0,0.0,0.0,0.0,0.0,1.9744901635551615,0.0,0.0,0.0,0.0,0.0,0.0,0.0,0.0,0.0,0.0,0.0,0.0,0.0,0.0,0.0,0.0,0.0,0.0,0.0,0.0,0.0,0.0,0.013693584800792394,0.0009347888794877196,1,STAD
TCGA-BR-4279-01,1.0587951469710504,0.0,0.0,0.0,0.0,0.008617943174261719,0.0,0.0,0.06946219382341473,0.0,0.0,0.0,0.0,0.0,0.0,0.10559394188232815,0.0,0.0,0.0,0.0,0.07194064694556525,0.0,0.008853286196072029,0.0,0.0,0.0,0.0,0.0,0.0,0.0,0.0,0.0,0.0,0.044470819042518255,0.0,0.0,0.0,0.0,0.0,0.0,0.0,0.0,0.0,0.0,0.2073791117679994,0.0,0.060275788353768525,0.04700710683800985,0.0,0.027832731532446628,0.004320440694764456,0.04320451173800653,0.0,0.0,0.0,0.05000106144389718,0.0,0.0,0.0,0.0,0.0,0.0,0.0,3.1300386485992493,0.0,0.0,0.0,0.0,0.006919641866314169,0.0,0.0,0.0,0.0,0.0,0.0,0.0769419482823795,0.0,0.0,0.0,0.0,0.0,0.0,0.0,0.0,0.0,0.0,0.0,0.0,0.0,0.0,0.024357218486514058,0.0,0.0,0.0,0.0,0.0,0.0,0.0,0.0,0.0,1,STAD
TCGA-BR-4280-01,0.6220079059957953,0.0,0.0,0.0,0.0,0.0,0.0,0.0,0.0,0.07921835654900061,0.0,0.0,0.07654378217075088,0.0,0.0,0.0,0.0,0.0,0.0,0.00011943890121784851,0.0,0.0,0.0,0.0,0.0,0.0,0.0,0.056592542731719965,0.0,0.0,1.8669545380354002,0.0,0.0,0.0,0.0,0.0,0.036551425627141615,0.0,0.0,0.0,0.0,0.0,0.2708030810473037,0.0,0.0,0.0,0.11634084390827946,0.0,0.0,0.0,0.0,0.0,0.0,0.0,0.0009211780772083231,0.0,0.0,0.0,0.0,0.0,0.0,0.0,0.0,0.0,0.0,0.0,0.0,0.0,0.02660244111693751,0.0,0.0,0.0,0.02205400133150819,0.0,0.0,0.0,0.0,0.0,0.0,0.0,0.0,0.0,0.0,0.0,4.712080582380386e-06,0.0,0.0,0.0,0.0,0.0,0.0,0.0,0.004628983459998751,0.002124020287769972,0.0,0.0,0.0,0.0,0.0,0.0,1,STAD
TCGA-BR-4292-01,0.8293927713668571,0.0,0.0,0.0,0.0,0.01055510934689338,0.0,0.0,0.0,0.0,0.0,0.0,0.0,0.0,0.0,0.0,0.0,0.0,0.017163706076693885,0.0,0.0,0.0,0.0,0.0,0.9384606380496265,1.0553464779684487,0.0,0.0,0.0,0.0,0.00024204240065359915,0.0,0.0,0.0,0.0,0.0,0.0,0.0,0.0,0.0,0.0,0.0,0.0,0.0,0.0,0.0,0.0,0.0,0.0,0.0,0.0,0.0,0.0,0.0,0.0,0.0,0.0,0.0,0.0006804799964155844,0.0,0.0,0.0,0.0,0.0,0.0,0.0,0.0,0.0,0.00038656738235349797,0.0,0.0,0.0,0.0,0.0,0.0,0.0,0.0,0.0,0.0,0.0,0.00041595652205192305,0.0,0.0,0.0,0.0,0.0,0.0,0.0,0.0,0.0,0.0,0.0,0.0,0.0,0.0,0.0,0.0,0.0,0.0,0.0,1,STAD
TCGA-BR-4294-01,0.13231277503329086,0.0,0.0,0.0,0.0,0.0,0.0,0.0,0.0,0.0,0.0,0.0,0.0,0.0,0.0,0.0,0.0,0.0,0.0,0.0,0.0,0.0,0.0,0.0,0.0,0.0,0.0,0.0,0.0,0.0,0.0,0.0,0.0,0.0,0.0,0.0,0.0,0.0,0.0,0.0,0.0,0.0,0.0,0.0,0.0,0.0,0.01085600462688975,0.0,0.0,0.0,0.0,0.0,0.0,0.0,0.0,0.0,0.0,0.0,0.0,2.013356415390516,0.0,0.0,0.0,0.0,0.0,0.0,0.0,0.0,0.0,0.0,0.0,0.0,0.0,0.0,0.0,0.0,0.0,0.0,0.0,0.0,0.0,0.0,0.0,0.0,0.0,0.0,0.0,0.0,0.0,0.0,0.0,0.0,0.0,0.0,0.0,0.0,0.0,0.0,0.0,0.0,1,STAD
TCGA-BR-4357-01,0.8888135427506979,0.0,0.0,0.0,0.0,0.013071730570441299,0.0,0.005045120464859304,0.0,0.0,0.0,0.0,0.0,0.00026378356031530204,0.0,0.0,0.0,0.0,0.013566391434154751,0.0,0.0,3.008684413765658,0.0,0.0,0.053181560424701645,0.0,0.0,0.0,0.0,0.0,0.0,0.0,0.0,0.0,0.0,0.0,0.0,0.0,0.0,0.0,0.0,0.0,0.0,0.0,0.0,0.0,0.0,0.0,0.0,0.0,0.0,0.0,0.0,0.0,0.0,0.0,0.0,0.0,0.009673608304807456,0.0,0.0,0.0,0.0,0.0,0.0,0.0,0.0,0.0,0.0,0.0,0.0,0.0,0.0,0.0,0.0,0.0,0.0,0.0,0.0,0.0,0.0,0.0,0.0,0.0,0.0,0.0,0.0,0.0,0.0,0.0,0.0,0.0,0.0,0.0001829305050495234,0.0,0.0,0.0,0.0,0.0,0.0,1,STAD
TCGA-BR-4363-01,1.0486495830594256,0.0,0.0,0.0,0.0,0.03403807390514495,0.0,0.020825371305622127,0.0,0.0,0.0,0.0,0.0,0.000755723483373464,0.0,0.0,0.0,0.0,0.0,0.0,0.0,0.0,0.0,0.0,0.0,0.0,0.0,0.0046029144291284,0.0,0.0,0.0,0.0,0.0,0.0,0.0008276964433899834,0.0,0.0,0.0,0.0,0.0,0.0,0.0,0.0,0.0,0.0,0.0,0.0,0.0,0.0,0.0,0.0,0.0,0.0,0.0,0.0,0.0,0.0,0.0,0.0019628168641920222,0.0,0.0,0.0,0.0,0.0,0.0,0.0,0.0,0.0,0.0,0.0,0.0,0.0,0.0,0.0,0.0,0.0,0.0,0.0,0.0,0.0,9.468053485503201,0.0,0.0,0.0,0.0,0.0,0.0,0.0,0.0,0.0,0.0,0.0,0.0004955110458944294,0.0,0.0,0.0,0.0,0.0,0.0,0.0,1,STAD
TCGA-BR-4367-01,1.4967944408659752,0.0,0.0,0.0,0.0,0.0,0.0,0.0,0.0,0.0,0.0,0.0,0.0,0.0,0.0,0.0,0.0,0.0,0.0,0.0,1.142414885073039,0.0,0.0,0.0,0.5153491469648288,0.0,0.0,0.0,0.0,0.0,0.0,0.012604230226969437,0.0,0.0,0.0,0.0,0.0,0.0,0.0,0.0,0.0,0.0,0.0,0.0,0.0,0.0,0.0,0.0,0.0,0.0,0.0,0.0,0.0,0.0,0.0,0.0,0.0,0.0,0.0,0.0,0.0,0.0,0.0,0.0,0.0,0.0,0.0,0.0,0.0,0.0,0.0,0.0,0.0,0.0,0.0,0.0,0.0,0.0,0.0,0.0,0.0,0.0,0.0,0.0,0.0,0.0,0.0,0.0,0.0,0.0,0.0,0.0,0.0,0.0,0.0,0.0,0.0,0.0,0.0,0.0,1,STAD
TCGA-BR-4368-01,1.3404071279275074,0.0,0.0,0.0,0.02522005221035686,0.0,0.0,0.0,0.0,0.09602650376148339,0.0,0.0,0.0,0.0,0.0,0.0,0.0,0.0,0.0,0.0,0.009211570650958463,0.0,0.0,0.0,0.0,0.0,0.0,0.0,0.051414319660055566,4.315820826109472,0.0,0.0030072991287633816,0.0,0.0,0.0,0.0,0.024347518823905324,0.0,0.0,0.0,0.0,0.0,0.0,0.0,0.0,0.0,0.0,0.0,0.005737991398340051,0.0,0.0,0.0,0.0,0.0,0.0,0.0,0.005968428436260175,0.0,0.0,0.0,0.0,0.0,0.0,0.0,0.0,0.0,0.0,0.0,0.0,0.0,0.0,0.0,0.0,0.0,0.0,0.0,0.0,0.0,0.0,0.0,0.0,0.0,0.0,0.0,0.0,0.0,0.0005099635089973099,0.0,0.0,0.0,0.0,0.0,0.0,0.0,0.0,0.1836187781055508,0.0,0.0,0.0,0.0,1,STAD
TCGA-BR-4369-01,0.5050054024365801,0.0,0.0,0.0,0.0,0.0,0.0,0.0,0.0,0.0,0.0,0.0,0.0,0.0,0.0,0.0,0.0,0.0,0.0,0.0,0.0,0.0,0.0005944135817099721,0.0,0.0,0.0,0.0,0.0,0.0,0.0,0.0019084318189239468,0.0,0.0,0.0,0.0,0.0,0.0,0.0,0.0,0.0,0.0,0.0,0.009163510679218693,0.0,0.0,0.0,0.0,0.4861253908480965,0.0,0.008698282355261558,0.31530168004085857,0.0,0.2254712411121938,0.0,0.29673018247639593,0.0,0.0,0.0,0.03585335207853439,0.003355051670460242,0.03316568242562277,0.0,0.0,0.0,7.843605317070706,0.0,0.0,0.0,0.0,0.0,0.0,0.0,0.0,1.3119153205691393e-05,0.0,0.00010345695160116685,0.0,0.0,0.0,0.0,0.0,0.0007969737555897819,0.0,0.0,0.0,0.0,0.0,0.0,0.0,0.0,0.0,0.0,0.0,0.0,0.001188573872405345,0.0,0.0,0.0,0.0034437201039620425,1.7997357485035752e-05,1,STAD
TCGA-BR-4370-01,0.747435953576919,0.48464022698572395,0.0,0.0,0.0,0.2518649457570153,0.0,0.032098085122522706,0.0,0.0,0.0,0.21222424945925866,0.4277621821583539,0.0,0.0,0.0,0.0,0.0,0.07118746805720293,0.0,0.0,0.0,0.05303980054844071,0.07004170057620253,0.0,0.0,0.0,0.0,0.0,1.2088945889067946,0.0,0.0,7.381891271762671,0.0,0.0,0.0,0.0,0.0,0.0,0.0,0.0,0.0,0.0,0.0,0.0,0.0,0.0,0.0,0.0,0.0,0.0,0.0,0.0,0.0,0.0,0.0,0.0,0.0,0.0,0.0,0.0,0.0,0.0,0.0,0.0,0.0,0.0,0.0,0.0,0.0,0.0,0.0,0.012582142822996637,0.01942412847206289,0.0,0.0,0.0,0.0,0.0,0.0,0.0,0.0,0.0,0.0,0.17244225822022316,0.0,0.0,0.0,0.0,0.0,0.0,0.0,0.0,0.0,0.0,0.0,0.0,0.0,0.1742328360417198,0.0,1,STAD
TCGA-BR-6452-01,1.2502351714692097,0.0,0.0,0.0,0.0,0.0,0.0,0.0,0.0,0.0,0.0,0.0,0.0,0.0,0.0,0.0,0.0,0.0,0.0,0.0,0.0,0.0,0.0,0.0,0.0,0.0,0.0,0.0,0.0,0.0,0.0,0.0,0.0,0.0,0.4712002609043641,0.0,0.0,0.0,0.0,0.0,0.0,0.0,0.0,0.0,0.0,0.0,0.0,0.0,0.0,0.0,0.0,0.0,0.0,0.0,0.0,0.8846572308212782,0.0,0.0,0.0,0.0,0.0,0.0,0.0,0.0,0.0,0.0,0.0,0.0,2.4230502235363454,0.0,0.0,0.0,0.0,0.0,0.0,0.0,0.0,0.0,0.0,0.0,0.0,0.12541375119954104,0.0,0.0,0.40414825640757107,0.0,0.0,0.0,0.0,0.0,0.0,0.0,0.0,0.0,0.0,0.0,0.0,0.0,0.0,0.0,1,STAD
TCGA-BR-6453-01,1.0084834523384811,0.0,0.0,0.0,0.0,0.0,0.0,0.0,0.0,0.0,0.0036615454943233817,0.0,0.0,0.0,0.0,0.0,0.0,0.0,0.06523139586784252,0.227435952855105,0.0,0.0,0.00507544803687258,0.0013819255928710075,0.0,0.0,0.0,0.0,1.5571516084972727,0.0,0.2563379115344665,0.0,0.0,0.0,0.0,0.0,0.0,0.0,0.0,0.0,0.0,0.0,0.0,0.0,0.06855055026366282,0.0,0.25224068167829566,0.0,0.0,0.1429767556857559,0.0,0.0,0.0,0.0,0.0,0.2100549497496768,0.0,0.0,0.0,0.0,0.0,0.0,0.1783543358797033,0.0,0.0,0.0,0.0,0.0,0.0,0.0,0.0,0.0,0.0,0.0,0.0,0.0,0.0,0.004736987931489107,0.0,0.0,0.0,0.0,0.0,0.025142224844164226,0.0,0.0,0.0,0.05094420164769261,0.0,0.0,0.0,0.0,0.0,0.0,0.0,0.0,0.0,0.0,0.0,0.0,1,STAD
TCGA-BR-6453-11,0.6493018503747887,0.0,0.0,0.0,0.016413110868078826,0.1796247042161785,0.08380377964064005,0.0,0.3278448668223662,0.0,0.0,0.0,0.0,0.0,0.07118390110582129,0.1690132358238043,0.0,0.0,0.0,0.0,0.0,0.0,0.21891305287714388,0.0,0.0,0.0,0.0,0.0,0.2278700292921434,0.0,0.0,0.0,0.0,0.1549490650558012,0.0,0.0,0.0,0.0,0.4000342144066779,0.0,0.0,0.0,0.0,0.0,0.0,0.0,0.0,0.0,0.0,0.0,0.0,0.0,0.0,0.10629907898597445,0.0,0.032021165385427396,0.0,0.0,0.0,0.0010994414368899266,0.0,0.0,1.8675705731916385,0.25029867302040093,0.0,0.0,0.0,0.0,0.0,0.0,0.0,0.0,0.0,0.0,0.0,0.0,0.0,0.0,0.0,0.0,0.0,0.0,0.0,0.0453691020772386,0.0,0.0,0.0,0.0,0.0,0.0,0.0,0.0,0.0,0.0,0.0,0.4148280625581673,0.0,0.0,0.0,0.0,0,STAD
TCGA-BR-6454-01,1.5711466892980837,0.0,0.0,0.0,0.0,0.0,0.0,0.0,0.0027379443195415945,0.0,0.0,0.0,0.0,0.0,0.0,0.0,0.0,0.0,0.0,0.0,0.0,0.0,0.03273630068577909,0.0,0.0,0.0,0.0,0.0,0.0,0.0,0.0,0.0,0.0,0.0,0.0,0.0,0.0,0.0,0.0,0.0,0.0,0.0,0.0067640078012009,0.0,0.0,0.0,0.0,0.0,0.0,0.0,0.0,0.0,0.0,0.0,0.0,0.0,0.0,0.0,0.020663435563773123,0.0,0.0,0.0,0.0,0.0,0.0,0.0,0.0,0.02065697978776751,0.0,0.0,0.0,0.0,0.0,0.0,0.0,0.0,0.18863232349481238,0.0,4.764855884143302,0.0,0.0,0.0,0.0,0.0,0.0,0.0,0.0,0.0,0.0,0.0,0.0,0.0,0.0,0.00731571288711492,0.0,0.0,0.0,0.0,0.0,0.0,1,STAD
TCGA-BR-6454-11,0.23541245168292912,0.0,0.0,0.14100280560239403,0.0,0.6365925343802016,0.0,0.0,0.3870771956785739,0.0,0.0,0.0,0.0,0.0,0.0,0.21110175457430172,0.0,0.0,0.0,0.0,0.0,0.0,0.055781292288949,0.0,0.0,0.0,0.0,0.0,0.2051876612219416,0.0,0.0,0.0,0.0,0.0,0.0,0.0,0.0,0.0,0.0,0.0,0.0,0.0,0.0,0.0,0.011158104695080596,0.0,0.0,0.0,0.0,0.0,0.0,0.0,0.0,0.38058078062226575,0.0,0.0,0.0,0.0,0.015600738725382817,0.0,0.6627759424033434,0.0,0.0,0.0,0.0,0.0,0.0,0.0,0.0,0.0,0.0,0.0,0.0,0.0,0.0,0.0,0.0,0.0,0.0,0.0,0.0,0.0,0.0,0.0,0.0,0.0,0.0,0.0,0.0,0.0,0.0,0.0,0.0,0.0,0.0,1.167365238611809,0.0,0.0,0.0,0.0,0,STAD
TCGA-BR-6455-01,0.6582887936862617,0.0,0.0,0.0,0.0,0.004467720477230436,0.0,0.0,0.0,0.0,0.0,0.01740826654108264,0.03547606128065279,0.0,0.0,0.0,0.0,0.0,0.0,0.0,0.0,0.0,0.0,0.013171011711617144,0.05998751055239451,0.0,0.0,0.05398568348661693,0.0,0.0,0.0,0.0,0.0,7.238110875432368,0.0,0.0,0.0,0.0,0.0,0.0,0.0013252574979445454,0.0,0.013573048793725376,0.0,0.0,0.0,0.0,0.0,0.0,0.0,0.0,0.0,0.0,0.0,0.0,0.0,0.0,0.0,0.010214243115665331,0.0,0.0,0.0,0.0,0.0,0.0,0.0,0.0,0.0,0.0,0.0,0.0,0.0,0.0,0.0,0.0,0.0,0.06952509361771637,0.0,0.0,0.0,0.0,0.0,0.0,0.0,0.0,0.0,0.0,0.0,0.0,0.0,0.0,0.0,0.0,0.0,0.0,0.0,0.0,0.0,0.0023408458158081123,0.0,1,STAD
TCGA-BR-6456-01,1.3594525967399225,0.0,0.0,0.0,0.0,0.0,0.0,0.0,0.0,0.0,0.0,0.0,0.0,0.0,0.0,0.0,0.0,0.0,0.0,0.0,0.0,0.015532230724808669,0.0,0.0,0.17417991213026945,0.0,0.0,0.0,0.0,0.0,0.0018718547226352592,0.0,0.009899601176939566,0.0,0.0,0.0,0.0,0.0,0.0,0.006130805738595372,2.121339678877891,0.0,0.0,0.0,0.0,0.0,0.0,0.0,0.0,0.0,0.0,0.0,0.0,0.005411571790220061,0.0,0.0,0.0,0.0,0.0011358767301441542,0.0014917851356188378,0.02403358567515198,0.0,0.0,0.06750198984868522,0.0,0.0,0.0,0.0,0.0,0.0,0.0,0.0,0.0,0.0,0.0,0.0,0.0,0.0,0.0,0.0,0.0,0.0,0.0,0.0,0.0,0.0,0.0,0.0,0.0,0.0,0.0,0.0,0.0,0.0,0.0,0.0,0.0,0.0,0.0,0.0,1,STAD
TCGA-BR-6457-01,0.9964553558664563,0.0,0.0,0.0,0.0,0.0,0.0,0.10841547455504975,0.0,0.0,0.0,0.0,0.02267806272283637,0.001296081629415526,0.0,0.048151046403453905,0.0,0.0,0.0,0.0,0.11243544984529094,0.0,0.11424728110608628,0.0,0.0,0.0,0.0,0.0,0.35876700826632035,0.0,0.0,0.0,0.0,0.1189546684884961,0.0,0.0,0.0,0.0,0.04188031180724449,0.0,0.0,0.0,0.0,0.0,0.0,0.0,0.0,1.6963932357705127,0.004774949570248779,0.0,0.09341104662785935,0.24099997420220792,0.0,0.0,0.0,0.2613804096638235,0.9836344747699193,0.0,0.0,0.0,0.0,0.014264594480537095,0.0,0.0,0.0,0.0,0.03775837448020865,0.0,0.0,0.0,0.0,0.0,0.0,0.03624874841550021,0.0,0.0,0.0,0.0,0.0,0.0,0.0,0.0,0.0,0.0,0.0,0.0,0.0,0.0,0.0,0.0,1.1998937675439214,0.0,0.0,0.0,0.0,2.011477235105266,0.0,0.0,0.0,0.0,1,STAD
TCGA-BR-6458-01,0.038105447355724686,0.0,0.0,0.0,0.0,0.19193940706803883,0.0,2.3193746030152322,0.0,0.0,0.0,0.0,0.0,0.0,0.0,5.163407891277535e-05,0.0,0.0,0.0,0.0,0.0,0.0,0.0,0.0,0.0007065576677991271,0.0,0.0,0.005213859775630792,8.9846701796262e-05,0.0,0.0,0.0012292493931948196,0.0,0.0,0.0003417074876606567,0.0,0.0,0.0,0.0,0.0,0.0,0.0,0.0,0.0,0.002293142809528371,0.0,0.0,0.0,0.0,0.0,0.0,0.0,0.0,0.0,0.0,0.0,0.0,0.0,0.00019305850190867523,0.0,0.003647139754478161,0.0,0.0,0.0003143372291854578,0.0,0.0,0.0,0.0,0.0,0.0,0.0,0.0012101780507829296,0.0,0.0,0.0,0.0,0.0,0.0,0.0,0.0,0.0,0.0,0.0,0.0,0.0,0.0,0.0,0.0,0.0,0.0,0.0,0.0,0.0,0.0,0.0019058397681433917,0.0,0.0,0.0,0.0,0.0,1,STAD
TCGA-BR-6564-01,1.2463759547767574,0.0,0.0,0.0,0.0,0.0,0.0,0.09468411790557782,0.0,0.0,0.0,0.0,0.45221560122254767,0.010688720909866585,0.0,0.0,0.13813391448213555,0.0,0.0,0.0,0.0,0.0,0.0,0.4059359311971762,0.0,0.0,0.0,0.0,0.0,0.0,0.0,0.0,0.0,0.0,0.0,0.0,0.0,0.27578537444227863,0.0,0.0,0.0,0.0,0.6697169430474013,0.0,0.0,0.0,0.0,0.0,0.0,0.0,0.0,0.0,0.0,0.0010196687043503693,0.0,0.0,0.0,0.0,0.0,0.005372930129260185,0.0,0.00659919362527204,0.33141030204082716,0.0,0.0,0.20888554496482373,0.0,0.0,0.0,0.0,0.0,0.0,0.0,0.0,0.0,0.0,0.0,0.13720505200238642,0.0,0.00042846194355769784,0.0,0.022644370751847564,0.0,0.0,0.06944520997897939,0.0,0.0,0.0,0.0,0.14028198005377635,0.0,0.0,0.03861205181161762,0.0,0.0,3.0368573003860835,0.0,0.073808602841841,0.0,0.0,1,STAD
TCGA-BR-6565-01,1.0937643822109417,0.0,0.0,0.03490033476587254,0.0,0.042603321221492685,0.0,0.0,0.0,2.1047943076334823,0.0002149925143264457,0.0,0.0,0.0,0.0,0.0,0.0,0.0,0.0,0.0,0.0,0.0,0.5613901360651828,0.0,0.3658647855767616,0.0,0.0,0.0,0.0,0.0,0.0,0.00028503544173486033,0.0377754819962422,0.0,0.0,0.0,0.0,0.0,0.0,0.0,0.0,0.0,0.0,0.0,0.0,0.0,0.0,0.0,0.0,0.0,0.0,0.0,0.0,0.0,0.0,0.0,0.0,0.0,0.0003106049014710129,0.0,0.0,0.0,0.0,0.0,0.0,0.0,0.0,0.0,0.0,0.0,0.0,0.0,0.0,0.0,0.0,0.0,0.0,0.0,0.0,0.0,0.0,0.0,0.0,0.0,0.0,0.004655997610952726,0.0,0.0,0.0,0.0,0.0,0.0,0.0,0.0,0.0,0.0,0.0,0.0,0.0,0.0,1,STAD
TCGA-BR-6566-01,1.0730999721490313,0.0,0.0,0.0,0.0,0.0,0.0,0.0,0.0,0.23020779291468121,0.0,0.0,0.0,0.0,0.0,0.0,0.0,0.0,0.0,0.0,0.0,0.0,0.0,5.005890967487722,0.0,0.0,0.0,0.012245930707471325,0.0,0.0,0.0,0.0,0.0,0.0,0.0,0.0,0.0,0.0,0.0,0.0,0.0,0.22264506133011325,0.5658461292435273,0.0,0.06061412613698732,0.0,0.10681504591554779,0.0,0.0,0.0362824478827382,0.0,0.0,0.0,0.0,0.0,0.019486298847541814,0.0,0.0,0.0,0.0,0.0,0.0,0.0,0.0,0.0,0.0,0.0,0.0,0.0,0.0,0.0,0.0,0.0,0.0,0.0,0.0,0.0,0.0,0.0,0.0,0.0,0.0,0.0,0.0,0.4523711848502095,0.0,0.0,0.0,0.0,0.0,0.0,0.0,0.0,0.009816818864167924,0.0,0.0,0.0,0.0,0.0,0.0,1,STAD
TCGA-BR-6705-01,0.3873831474116375,0.0,0.0,0.0,0.0,0.18864876914644238,0.0,0.27896045711527173,0.0,0.0,0.0,0.0,0.7829875690748773,0.0,0.0,0.0,0.0,0.0,0.02054461093108614,0.0,0.0,0.0,0.007195781507383516,0.0,0.0,0.0,0.0,0.0,0.0,0.3022496462320144,0.0,0.0,0.0,0.0,0.0,0.0,0.0,0.0,0.0,0.0,0.0,0.0,0.0,0.0,0.0,0.0,0.0,0.0,0.0,0.0,0.0,0.0,0.0,0.0,0.0,0.0,7.142397777309276,0.0,0.00048452610491029843,0.0,0.0,0.0,0.0,0.0,0.0,0.0,0.0,0.0,0.0,0.0,0.0,0.0,0.0008900050533402413,0.0,0.0,0.0,0.0,0.0,0.0,0.0,0.0,0.0,0.0,0.0,0.0,0.0,0.0,0.0,0.0,0.0,0.0,0.0,0.0,0.1270339644732858,0.0,0.0013359360719817682,0.0,0.0,0.0,0.0,1,STAD
TCGA-BR-6706-01,1.18008864003983,0.0,0.0,2.4440249540944654,0.0,0.0,0.0,0.0,0.0,0.0,0.0,0.0,0.0,0.0,0.0,0.1240357454254576,0.0,0.0,0.0,0.0,0.0,0.0,0.0,0.19162978785796217,0.0,0.0,0.0,0.0,0.14633724324449224,0.0,0.0,0.0,0.0,0.0,0.21390434695816876,0.01932033894608356,0.0,0.07732083012490261,0.0,0.0,0.0,0.0,0.0,0.0,0.02412989540688441,0.0,0.26900582757897695,0.0,0.0,0.0,0.0,0.0,0.0,0.0,0.0,0.0,1.0036837660616091,0.0,0.0,0.0,0.0,0.0,0.013584363443305707,0.0,0.0,0.0,0.0,0.0,0.0,0.0,0.0,0.0,0.0,0.0016818625867793663,0.0,0.0,0.49457822832415155,0.0,0.0,0.0,0.0,0.0,0.0,0.0,0.04615413009381872,0.0,0.10056744304134337,0.0,0.0,0.0,0.0,0.11431137140913403,0.0,0.0,0.0,0.5712276280200961,0.0,0.0,0.23223347937201336,0.0,1,STAD
TCGA-BR-6707-01,1.3300644598371427,0.0,0.0,0.0,0.0,0.0,0.0,0.0,0.0,0.0,0.0,0.0,0.0,0.0,0.0,0.0,0.0,0.0,0.0,0.0,0.0,0.0,0.01777510377440266,0.0,0.030114515743883557,0.0,0.0,0.0,0.0,0.0,0.0,0.0,0.0,0.0,0.0,0.0,0.0,0.0,0.012015616155234572,0.0,0.0,0.0,0.0,0.0,0.0,0.0,5.21667148864044,0.0,0.0,0.0,0.002004727556554164,0.0,0.0,0.0,0.0,0.0,0.0,0.0,0.004027345580452802,0.0,0.0,0.00013452483619754248,0.0,0.0,0.0,0.0,0.0,0.0,0.0,0.0,0.0,0.0,0.0,0.0,0.0,0.0,0.0,0.0,0.0,0.0,0.0,0.0,0.0,0.0,0.0,0.0,0.0,0.0,0.0,0.0,0.0,0.0,0.0,0.0,0.0,0.0,0.0,0.0,0.0,0.0,1,STAD
TCGA-BR-6801-01,1.025082732924653,0.0,0.0,0.0,0.0,0.0,0.0,0.0,0.0,0.0,0.0,0.0,0.0,0.0003646216093333443,0.0,0.0,0.0,0.0,0.0,0.0,0.0,0.0,0.0004329990344343416,0.0,0.0,0.0,0.0,0.0,0.0,0.0027947372678153943,0.0,0.0,0.03299684583536879,0.0,0.0,0.0,0.0,0.0,0.0,0.0,0.0,0.0,0.0,0.0,0.0,0.0,0.0,0.0,0.0,0.0,0.0,0.0,0.0004912201982338199,0.0,0.08903163116385787,0.0,0.0,0.0,0.0,0.0,0.0,0.0,0.0,0.0,0.0,0.0,0.0,0.0006735867948371611,0.0,0.0,0.011963252202390869,0.0,2.103630399780157,0.0,0.0,0.0,0.0,0.0,0.0,0.0,0.0006473344329898151,0.0,0.0,0.0,0.0,0.0,0.0,0.0,0.0,0.0,0.0,0.0,0.0,0.0,0.0,0.0,0.0,0.0,0.0,0.0,1,STAD
TCGA-BR-6802-01,0.7115875563052806,0.0,0.0,0.0,0.0,0.0,0.0,0.0,0.0,0.0,0.0,0.0,0.12217916032630706,0.0,0.0,1.3147242593811932,0.0,0.0,0.11632926396370158,0.0,0.0,0.0,0.0,0.0,0.07193908443770602,0.0,0.0,0.0,0.0,0.0,0.0,0.0,0.0,0.0,0.0,0.0,0.0,0.0,0.0,0.0,0.0,0.0,0.0,0.0,0.0,0.0,0.0,0.0,0.0,0.0,0.0,0.0,0.0,0.0,0.06126063982090151,0.0,0.0,0.0,0.0,0.0,0.0,0.0,0.0,0.0,0.0,0.021585212215013545,0.0,0.0,0.0,0.0,0.0,0.0,0.0,0.0,0.0,0.0,0.0,0.0,0.0,0.0,0.0,0.0,0.0,0.0,1.5218716698188095,0.0,0.0,0.0,0.0,0.7944705825284278,0.0,0.0,0.0,0.0,0.0,0.0,0.0,0.0,0.2221865090980537,0.0,1,STAD
TCGA-BR-6803-01,0.9224981318304987,0.09838354483702193,0.0,0.0,0.0,0.30197677711126863,0.0,0.0,0.0,0.0,0.0,0.0,0.4372292258088206,0.0,0.0,0.0,0.0,0.0,0.0,0.0,0.0,0.0,0.0037662605321520464,0.0,0.0,0.0,0.0,0.0,0.005412259198604372,0.0,0.0,0.06641872944359985,0.0,0.18040258244481042,0.0,0.0,0.07553032410968315,0.0,0.0,0.0,0.0,0.0,0.0,0.0,0.006292992326782799,0.0,0.1447735458194309,0.0,0.8098531714681255,0.0,0.0,0.0,0.004615486604295287,0.09190164327307035,0.0,0.02887738610349085,0.14916590092460297,0.0,0.0,0.0,0.0,0.0,0.0,0.0,0.0,0.0,0.0,0.0,0.14585964394359155,0.0,0.0,0.0,0.0,0.0,0.0,0.0,0.6178770374843551,0.0,0.0,0.0,0.12428088527581695,0.0,0.0,0.0,0.0,0.0,0.0,0.0,0.0,0.04230003273668546,0.0,0.0,0.0,0.0,0.0,2.16507716619845,0.0,0.0,0.0,0.0009887922829059672,1,STAD
TCGA-BR-6852-01,0.8784529896630189,0.0,0.0,0.0,0.0,0.13155375596626473,0.0,0.0,0.0,0.0,0.0,0.0,0.0,0.0,0.0,0.0,0.0,0.13170943282028447,0.0,0.0,0.0,0.0,0.0,0.0,0.3656735644665992,0.0,0.0,0.0,0.0,0.0,0.0,0.0,0.0,0.0,0.0,0.0,0.0,0.0,0.0,0.0,0.0,0.0,0.0,0.0,0.0,0.0,0.0,0.0,0.0,0.0,0.0,0.0,0.0,0.0,0.0,0.0,0.6988368896492813,0.0,0.0,0.0,0.0,0.0,0.0,0.0,0.13471241303795575,0.0,0.0,0.0,0.0,0.0,0.0,0.0,0.0,0.0,0.0,0.0,0.0,0.0,0.0,0.0,0.0,0.0,0.0,0.12038263438626078,3.12912609313578,0.0,0.0,0.0,0.0,0.0,0.0,0.0,0.0,0.0,0.0,0.0,0.0,0.0,0.0,0.0,1,STAD
TCGA-BR-7722-01,1.0823043409988158,0.0,0.0,0.0,0.0,0.0,0.0,0.0,0.0,0.0,0.0,0.0,0.0,0.0,0.0,0.0,0.0,0.0,0.0,0.0,0.0,0.0,0.35678621497090585,0.0,0.026948311551772984,0.0,0.0,0.0,0.0,0.0,0.0,0.0,0.0,0.0,0.0,0.0,0.0,0.0,0.0,0.0,0.0,0.0,0.0,0.0,2.177298775470544,0.0,0.0,0.0,0.0,0.0,0.0,0.0,0.0,0.0,0.0,0.0,0.0,0.0,0.0,0.0,0.0,0.0,0.0,0.0,0.0,0.0,0.0,0.00315678116283224,0.0,0.0,0.0,0.0,0.0,0.0,0.0,0.0,0.0,0.0,0.0,0.0,0.0,0.0,0.0,0.0,0.0,0.0,0.0,0.0,0.0,0.0,0.0,0.0,0.0,0.0,0.0,0.0,0.0,0.0,0.0038465271776449137,0.0,1,STAD
TCGA-BR-8373-01,0.9286097103302868,0.0,0.0,0.0,0.0,0.037003112848457566,0.0,0.0750658718387541,0.0,0.0,1.364698300957305,0.07905612650253502,0.016953749638425917,0.0,0.0,0.0,0.0,0.0,0.0,0.0,0.0,0.0,0.0,0.0,0.0,0.0,0.0003947426920523244,0.0,0.0,0.0011710031257394756,0.0,0.0,0.0,0.0,0.0,0.0,0.0,0.0,0.0,0.0,0.0,0.0,0.0,0.0,0.0,0.0,0.0,0.0,0.0,0.0,0.0,0.0,0.0003894857246293967,0.0,0.0,0.0,0.00462458986281601,0.0,0.0,0.0,0.0,0.0,0.0,0.0,0.0,0.0,0.0004456690662880286,0.000801492659290738,0.0,0.0,0.0,0.0,0.0,0.0,0.0,0.0,0.0,0.0,0.0,0.0016648017992205158,0.0,0.0,0.00017333395054116858,0.0,0.0,0.0,0.0,0.0,0.0,0.0,0.0,0.0,0.0,0.0,0.0,8.263221674004604e-05,0.0,0.0,0.0,0.0,1,STAD
TCGA-BR-8381-01,0.8795041251140093,0.0,0.0,0.04156237102998583,0.0,0.0,0.0,0.0,0.0,0.0,0.0,0.0,0.0,0.0,0.0,0.019544288301907346,0.0,1.2519313602501019,0.007492248502611373,0.0,0.0,0.0,0.18707793133793074,0.1181071971408739,0.6447940621992366,0.0,0.0,0.3239933619153045,0.0,0.0003212764148525863,0.0,0.0,0.0,0.0,0.0,0.0,0.0,0.0,0.0,0.0,0.0,0.0,0.0005128787533898748,0.0,0.0006834577821180468,0.0,0.0,0.0,0.0,0.0,0.021093512408302557,0.0,0.0,0.0,0.0,0.0,0.0,0.0,0.01931690031107115,0.0,0.0,0.0,0.0,0.0,0.0,0.0,0.0,0.0,0.0,0.0,0.0,0.0,0.0,0.0,0.0,0.0,0.01899318695146743,0.0,0.0,0.0,0.0,0.0,0.0,0.0,0.0,0.0,0.0,0.0,0.0,0.0,0.0,0.0,0.0,0.00018147066150133037,0.0,0.0,0.0,0.0,0.003218760073843626,3.17829471077386e-06,1,STAD
TCGA-BR-8486-01,0.8718077818984772,0.0,0.0,0.0,0.0,0.0,0.0,0.0,0.0,0.0,0.0,0.0,0.0,0.0,0.0,0.0,7.146368169778738,0.0,0.02284895869077529,0.0,0.0,0.0,0.0,0.06806252157260101,0.6723821778891214,0.0,0.0,0.0,0.0,0.0,0.020712079713229786,0.0005871120234032622,0.019923825877929294,0.0,0.0,0.0,0.0,0.0,0.0,0.0,0.0,0.0,0.0,0.0,2.9246888674951035e-05,0.0,0.0,0.0,0.0,0.0,0.0,0.0,0.0,0.0,0.0,0.0,0.0,0.0,0.0,0.0,0.0,0.0,0.0,0.0,0.0,0.0,0.0,0.0,0.14972260008179664,0.0,0.0,0.0,0.0,0.0,0.0,0.0,0.0,0.0,0.0,0.0,0.0021693813749660063,0.0,0.0,0.0,0.0,0.0,0.0,0.0,0.0,0.0032130970927653425,0.3424062342508111,0.0,0.0,0.0,0.0,0.0,0.0,0.0,0.0,0.004926595344139162,1,STAD
TCGA-BR-8682-01,0.0008737160044809713,0.0,0.0,0.0,0.0,0.7357141767191193,0.0,0.0,0.0,0.0,0.0,0.0,0.5487528647615809,0.0,0.0,0.0,0.0,0.0,0.0,0.0,0.0,0.0,1.325396773642894,0.0,0.0,0.0,0.0,0.0,0.0,0.0,0.0,0.0,0.0,0.0,0.0,0.0,0.0,0.0,0.0,0.0,0.12947747245692415,0.0,0.0,0.0,9.640607816755318e-05,0.0,0.04044874961223387,0.0,0.0,0.0,0.0,0.0,0.0,0.0,0.0,0.0,0.0,0.0,0.0,0.0,0.0,0.0,0.0,0.0,0.0,0.0,0.0,0.0,0.0,0.0,0.0,0.0,0.0,0.0,0.0,0.0,0.0,1.440849468077762,0.0,0.0,0.0,0.0,0.0,0.0,0.0,0.0,0.0,0.0,0.0,0.0,0.0,0.0,0.0,0.0,0.0,0.0,0.0,0.0,0.0,0.0,1,STAD
TCGA-BR-8690-01,1.046891601029858,0.0,0.0,0.0,0.0,0.0,0.0,0.0,0.0,0.0,0.0,0.0,0.0,0.004414554208003323,0.0,0.0,0.0,0.0,0.0,0.0,0.0,0.0,0.0,0.0,0.0,0.0,0.0,0.0,0.0,0.0,0.0,0.0,0.0,0.0,0.0,0.0,0.0,0.0,0.0,0.0,0.0,0.0,0.0,0.0,0.0,0.0,0.0,0.0,0.0,0.0,0.0,0.0,0.0,0.0,0.0,0.0,0.0,0.0,0.0,0.0,0.0,0.0,0.0,0.0,0.0,0.0,0.0,0.0,0.0,0.0,0.0,0.0,0.0,0.0,0.0,0.0,0.0,0.0,0.0,0.0,0.0,0.0,0.0,0.0,0.0,0.0,3.3259116495569407,0.0,0.0,0.0,0.0,0.0,0.0,0.0,0.0,0.0,0.0,0.0,0.0,0.0,1,STAD
TCGA-BR-A4J4-01,1.1496558603167937,0.004371273765546706,0.0,0.0,0.0,0.0,0.0,0.0,0.0,0.0,0.0,0.0,0.0,0.004605478373438537,0.0,0.0,0.0,0.0,0.0,0.0,0.0,0.0,0.0,0.0,0.0,0.0,0.0,0.0,0.0,0.0,0.0,0.0,0.0,0.0,0.0,0.0,0.0,0.0,0.0,0.0,0.0,0.0,0.0,0.0,0.0,0.0,0.0,0.0,0.0,0.0,0.0,0.0,0.0,0.0,0.0,0.0,0.0,0.0,0.006530557270120402,0.0,0.0,0.0,0.0,0.0,0.0,0.0,0.0,0.0,0.0,0.0,0.0,0.0,0.0,0.0,0.0,0.0,0.0,0.0,0.0,0.0,0.0,0.0,0.0,0.0,0.0,0.0,0.0,0.0,0.0,0.014044260643316271,0.0,3.010267698732821,0.0,0.01243527225135951,0.0,0.0,0.0,0.0,0.0,0.0,1,STAD
TCGA-CD-5798-01,0.9793303854436329,0.0,0.0,0.0,0.0,0.0,0.0,0.0,0.0,0.0,0.0,0.0,0.0,0.0,0.0,0.21432741322572213,0.0,0.0,0.0,0.0,0.0,0.0,0.8167944191395637,0.0,0.0,0.0,0.0,0.0,0.0,0.0,0.0,0.0,0.0,0.0,0.0,0.0,0.0,7.988750212422962,0.0,0.0,0.0,0.0,0.0,0.0,0.0,0.0,0.0,0.0,0.0,0.0,0.0,0.0,0.0,0.0,0.0,0.0,0.0,0.0,0.0,0.0,0.0,0.0,0.0,0.0,0.0,0.0,0.0,0.0,0.0,0.0,0.0,0.0,0.0,0.0,0.0,0.0,0.0,0.0,0.0,0.0,0.0,0.0,0.0,0.0,0.0,0.0,0.0,0.0,0.0,0.0,0.0,0.0,0.0,0.0,0.0,0.0,0.0,0.0,0.0,0.0,1,STAD
TCGA-CD-5799-01,1.1456214189423,0.0,2.7617422686126125,0.0,0.0,0.0,0.0,0.0,0.0,0.0,0.0,0.0,0.0,0.0,0.0,0.0,0.0,0.0,0.0,0.0,0.0,0.0,0.21098934409756945,0.0,0.0,0.0,0.0,0.0,0.0,0.0,0.0,0.0,0.0,0.0,0.0,0.0,0.0,0.0,0.0,0.0,0.0,0.0,0.0,0.0,0.0,0.0,0.0,0.0,0.0,0.0,0.0,0.0,0.012608788758264544,0.0,0.0,0.0,0.0,0.0,0.005341411659165327,0.0,0.0,0.0,0.0,0.0,0.0,0.0,0.0,0.0,0.0,0.0,0.0,0.0,0.0,0.0,0.0,0.0,0.0,0.0,0.0,0.0,0.0,0.0,0.0,0.0,0.0,0.0,0.0,0.0,0.0,0.0,0.0,0.0,0.0,0.0,0.0,0.0,0.0,0.0,0.0,0.007563725576655515,1,STAD
TCGA-CD-5800-01,0.03159996729037289,0.0,0.0,0.0,0.0,0.0,0.0,0.0,0.0,0.0,1.9525565119766145e-05,0.0,0.0,0.0,0.0,0.0,0.0,0.0,3.9083917220511746e-05,0.0,0.0,0.0,0.0,0.0019142104708014392,0.002758738862374372,0.0,0.0,0.0,0.0,0.0,0.0006495699086575358,0.0,0.0020756758671107837,0.0,0.0012674951558109015,0.0,0.0,0.000286883502537703,0.0,0.0,0.0,0.0,0.0,0.0,0.00020465942372434898,0.0,0.0,0.0,0.0,0.0,0.0,0.0,0.0004608455026795987,0.0,0.0,0.0,0.0,0.0,0.0,0.0,0.0,0.0,0.0,0.0,0.0,0.0,0.0,0.0,6.985394545368681e-05,0.0,0.0,0.0,0.0,0.0,0.0,0.0,0.09269563124291573,0.0,0.0,0.0,0.0,0.12441886324056972,0.0,0.0006766332516727765,0.14157840554678078,0.0,0.019368453189146255,0.0,0.0,0.0,0.0,0.0,0.0,0.0,0.0,0.0,19.78683427392642,0.0,0.0,0.0,1,STAD
TCGA-CD-5801-01,1.0027677989243844,0.0,0.0,0.0,0.0,0.0,0.0,0.0,0.0,0.0,0.0,0.0,0.0,0.0,0.0,0.0,0.0,0.0,0.0,0.0,0.0,0.0,0.017485065324113466,0.0,0.06003365616403594,0.0,0.0,0.0,0.0,0.0,0.0,0.0,0.0,0.011303380779980166,0.0,0.0,0.0,0.0,0.0,0.0,0.0,0.0,9.140426592410662,0.0,0.0,0.0,0.0,0.0,0.0,0.0,0.0,0.0,0.024763867164585403,0.0,0.0,0.0,0.0,0.0,0.0,0.0,0.0,0.0,0.0,0.0,0.0,0.0,0.0,0.0,0.0,0.0,0.0,0.0,0.0,0.0,0.0,0.0,0.0,0.0,0.0,0.0,0.0,0.0,0.0,0.0,0.0,0.0,0.0,0.0,0.0,0.0,0.0,0.0,0.0,0.0,0.0,0.0,0.0,0.0,0.0,0.0,1,STAD
TCGA-CD-5803-01,1.48378703701152,0.0,0.3269634900354868,0.0,0.0,0.0,0.0,0.0,0.0,0.015310600422153504,0.0,0.0,3.371348324109384,0.0,0.0,0.0,0.0,0.0,0.0,0.0,0.0,0.0,0.0,0.0,0.0,0.0,0.0,0.0,0.0,0.0,0.0,0.0,0.5579933269569554,0.008967258434460279,0.0,0.0,0.0,0.0,0.0,0.0,0.0,0.0,0.0,0.0,0.0,0.0,0.0,0.0,0.0,0.0,0.0,0.0,0.027470761217214777,0.0,0.0,0.0,0.0,0.0,0.0,0.0,0.0,0.0,0.0,0.0,0.0,0.0,0.0,0.0,0.0,0.0,0.0,0.0,0.0,0.0,0.0,0.0,0.0,0.0,0.0,0.0,0.17276962776569324,0.0,0.5703333606775828,0.036545834208192796,0.0,0.0,0.0,1.8872712252339043,0.02910076653255573,0.0,0.0,0.0,0.0,0.0,0.0,0.3532497116073637,0.0,0.0,0.0,0.0,1,STAD
TCGA-CD-5813-01,0.7829917828779517,0.0,0.0,0.0,0.0,0.0,0.0,0.0,0.0,0.0,0.0,0.0,0.0,0.0,0.0,0.0,0.0,0.0,0.0,0.0,0.0,0.0,0.0,0.0,0.1299664187273213,0.0,0.0,0.0,0.0,0.0,0.0,0.013736591395235968,0.0,0.0,0.0,0.0,0.0,0.0,0.0,0.0,0.0,0.0,0.0,0.0,0.0,0.0,0.0,19.754000514808858,0.0,0.0,0.0,0.0,0.0,0.0,0.0,0.0,0.0,0.0,0.0,0.0,0.0,0.0,0.0,0.0,0.0,0.0,0.0,0.0,0.0,0.0,0.0,0.0,0.0,0.0,0.0,0.0,0.0,0.0,0.0,0.0,0.0,0.0,0.0,0.0,0.0,0.0,0.0,0.0,0.0,0.0,0.0,0.0,0.0,0.0,0.0,0.0,0.0,0.0,0.0,0.0,1,STAD
TCGA-CD-8529-01,0.7892498171731442,0.46334834142493414,0.0,0.0,0.0,0.0,1.9747875498986478,0.0,0.0,0.0,0.0,0.16799667621571304,0.0,0.0,0.0,0.0,0.0,0.0,0.06537491924820639,0.0,0.019099157120891688,0.0,0.0,0.0,0.0,0.0,0.0,0.0,0.0,0.0,0.0,0.0,0.0,0.0,0.1924295758131209,0.0,0.0,0.019289644546956582,0.0,0.0,0.0,0.0,0.0,0.0,0.0,0.0,0.005831846132878093,0.0,0.0,0.0,0.0,0.0,0.0,0.0,0.0,0.0,0.0,0.0,0.0,0.0,0.0,0.0,0.0,0.19211880993248792,0.0,0.0,0.0,0.0,0.0,0.0,0.0,0.0,0.0,0.0,0.0,0.0,0.0015920020423138936,0.0,0.0,0.0,0.0,0.0,0.0,0.0,0.0,0.0,0.0,0.0,0.0,0.004111400690735766,0.0,0.0,0.0,0.0,0.0,0.02543744240443478,0.0,0.0,0.05270880575908741,0.0,1,STAD
TCGA-CG-4301-01,0.8867003041990777,0.0,0.0,0.0,0.0,0.0,0.0,0.0,0.0,0.0,0.0,0.0,0.0,0.0,0.0,0.0,0.0,0.0,0.0,0.0,0.0,0.0,0.0,0.0,0.0,0.0,0.0,0.0,0.0,0.0,0.0,0.0,0.11169497276568391,0.0,0.0,0.0,0.0,1.8937414570792679,0.0,0.0,0.0,0.0,0.03337369912670887,0.0,0.0,0.0,0.0,0.0,0.0,0.0,0.0,0.0,0.0,0.0,0.0,0.0,0.0,0.0,0.0,0.0,0.0,0.0,0.0,0.0,0.0,0.3722754249407051,0.0,0.0042302576924868485,0.5357355985475271,0.0,0.9870327962876911,0.0,0.0,0.0,0.0,0.013793375315686798,1.0954052833502153,0.0,0.0,0.0,0.0,0.0,0.0,0.0,0.0,0.0,0.0,0.0,0.0,3.581874341576256,0.0,0.0,0.0,0.0,0.0,0.0,0.0,0.4072226827398648,0.0,0.0,1,STAD
TCGA-CG-4304-01,0.790531932473516,0.0,0.0,0.0,0.0,0.0,0.0,0.0,0.0,0.0,0.05972262349211317,0.0,0.0,0.0,0.0,0.0,0.0,0.0,0.0,0.0,0.0,0.0,0.2856393358806572,0.0,0.0,0.0,0.0,0.0,0.0,0.0,0.0,0.0,4.683342597151674,0.0,0.0,0.0,0.0,0.0,2.9709399101289464,0.0,0.0,0.0,0.0,0.0,0.0,0.0,0.0,0.0,0.0,0.0,0.0,0.0,0.0,0.0,0.0,0.0,0.0,0.0,0.0173335286159166,0.0,0.0,0.0012939271815834007,0.0,0.0,0.0,0.0,0.0,0.0,0.045529214876736605,0.0,0.0,0.0,0.0007539008160512806,0.0,0.14132507567519512,0.0,0.0,1.3961267467665208,0.0,0.0,0.0,0.0,0.0,0.0,0.0,0.0,0.0,0.0,0.0,0.0,0.0,0.0,0.0,0.0,0.0,0.0,0.0,0.0,0.1708873429888126,0.004571236776881558,1,STAD
TCGA-CG-4305-01,1.0432775956033455,0.0,0.0,0.0,0.0,0.0,0.15289208213089162,0.0,0.0,0.0,0.0,0.0,0.0,0.0,0.0,0.0,0.0,0.0,0.0,0.0,0.0,0.0,0.22964136846890118,0.2927194593238565,0.08299227309027701,0.0,0.0,0.0,0.09839581673711056,0.0,0.0,0.0334097978201985,0.0,0.0,0.0,0.0,0.0,0.07547781379544138,0.0,0.0,0.0,0.0,0.0,0.0,0.0,0.0,0.0,0.0,0.0,0.0,0.0,0.0,0.0,0.0,0.0,0.0,0.0,0.0,0.0,0.0,0.0,0.0,0.20418906230728442,0.0,0.0,0.0,0.0,0.0,0.1767731280815215,0.0,0.06195241709551833,0.0,0.0,0.0,0.0,0.0,0.3287716440821747,0.0,0.0,0.0,0.0,0.0,0.0,0.0,0.43227593524747526,0.07427725175063311,0.12533605646730756,0.0,2.9105833801852308,0.0,0.0,0.09695155393882575,0.0,0.0,0.0,0.0,0.0,0.0,0.0763273860394973,0.0,1,STAD
TCGA-CG-4306-01,1.035052254963807,0.0,0.0,0.0,0.0,0.0,0.0,0.0,0.22377053746533895,0.0,0.0,0.0,0.0,0.0,0.0,0.22020477351365164,0.0,0.0,0.38336896690840755,0.0,0.0,0.0,0.0,0.0,0.0,0.0,0.0,0.0,0.0,0.0,0.0,0.0,0.4907031987822619,0.0,0.0,0.0,0.002323155703968054,0.0,0.0,0.0,0.0,0.0,0.0,0.0,0.0,0.0,0.0,0.0,0.0,0.13563724249013645,0.0,0.0,0.0,0.02009456274320202,0.0,0.0,0.0,0.0,0.010574627651407984,0.0,0.0,0.0,0.0,0.06746660021559021,0.0,0.0,0.0,0.10578495444773597,0.0,0.0,0.0,0.0,0.0,0.0,0.0,0.10793281695454025,0.0,0.0,0.0,0.0,0.0,0.0,0.0,0.0,0.0,0.3243550600553862,0.0,0.0,1.7507825046834433,0.20086720482175993,0.0,0.0,0.0,0.0,0.0,0.0,0.0,0.9723675766423169,0.0,0.0,1,STAD
TCGA-CG-4436-01,0.6280311731865996,0.0,0.0,0.0,0.0,0.0014965576423178156,0.0,0.0,0.0,0.0,0.0,0.0,0.0,0.0,0.0,0.004565310087960586,0.0,0.0,3.788666965408037e-05,0.0,0.0,0.0,0.0,0.0,0.04361609982619112,0.0007559670818382289,0.0,0.02232531444978163,0.0,0.0,0.010073146658980587,0.0,0.0,0.0,0.0,0.0,0.0,0.0,0.0,0.0,0.0,0.0,0.012453156664797039,0.0,0.0020201121865616864,0.0,8.451942799622082e-05,0.0,0.0,0.004734048857905058,0.0,0.0,0.013490059837282823,0.0,0.0,0.004424026676987658,0.0,0.0,0.0002349472381567403,0.0,0.0,0.0,0.0,0.0,0.0,0.0,0.0,0.0,0.0,0.0,0.0,0.0,0.0,0.0,0.0,7.77022942520589e-05,0.0,0.0,0.0,0.0,0.0,0.0,0.0,0.0,0.0,0.0,0.0,0.0,0.0007930929797091229,0.0,0.0,0.0,0.0,0.0,9.37097819144987,0.0,0.0,0.0,0.0024661271082168893,0.0,1,STAD
TCGA-CG-4437-01,1.1863577417792976,0.0,0.17933779073400605,0.0,0.0,0.0,0.0,0.0,0.02617994852035437,0.14112016143668876,0.0,0.0,0.0,0.0,0.0,0.45273358157363675,0.0,0.0,0.0,0.0,0.0,0.0,0.0,0.0,0.0,0.0,0.0,0.1712701123200359,0.0,0.0,0.0,0.0,0.0,0.0,0.28854340491632224,0.0,0.0,0.0,0.2197955614492978,0.0,0.0,0.024202528182888906,0.01703490581179109,0.0,0.1462165955554922,0.0,0.04315510421258295,0.0,0.35062388644629094,0.0,0.0,0.0,0.0,0.07029742388332456,0.0,0.04997276314050589,0.0,0.0,0.0,0.0,0.9432349312696218,0.0,0.0,0.0,0.0,0.0,0.0,0.0,0.0,0.0,0.0,0.0,0.0,0.0,0.0,0.05308729241032473,0.01495115423582159,0.0,0.0,0.0,0.0,0.0,0.0,0.0,1.0616936429608625,0.0,0.0,0.0,0.25268490935908733,0.0,0.0,0.0,0.0,0.0,0.0,0.0,0.0,0.0,0.0,0.0,1,STAD
TCGA-CG-4440-01,0.8557529641583034,0.0,0.0,0.0,0.0,0.0,0.0,0.009777829912214988,0.0,0.009955766989277649,0.0,0.0,0.012305950628519004,6.30127742203554e-05,0.0,0.0,0.0,0.0,0.0,0.0,0.0,0.0,0.0,0.0,0.0,0.0,0.0,0.034567291084492406,0.0,0.0,0.0,1.5636304476343859,0.0,0.0,0.0,0.0,0.02360413747098929,0.10822085946299617,0.0,0.0,0.0,0.0,0.23712978251597056,0.0,0.0,0.0,0.0,0.0,0.0,0.0,0.0,0.0,0.0,0.0,0.0,0.0,0.0,0.0,0.0,0.0,0.0,0.0,0.0,0.0,0.0,0.0,0.0,0.0,0.0,0.0,0.0,0.0,0.0,0.00012251353339544547,0.0,0.0,0.0,0.0,0.0,0.0,0.0,0.0,0.0,0.0,2.075542101659878e-05,0.0,0.0,0.0,0.0,0.0,0.0,0.0,0.0,0.0,0.0,0.0,0.0,0.0,0.0,0.0,1,STAD
TCGA-CG-4441-01,1.4495216803533773,0.0,0.0,0.0,0.0,0.0,0.0,0.0,0.036510623055979144,0.0,0.0,0.0,0.0,0.0,0.0,0.0,0.0,0.0,0.0,0.0,0.0,0.0,0.0,0.0,0.275747715483735,0.0,0.0,0.0,0.0,0.0,0.0,0.04150783905685372,0.0,0.0,0.0,0.0,0.0,0.0,0.0,0.0,0.0,0.0,0.0,0.0,0.0,0.0,0.0,0.0,0.0,0.0,0.0,0.0,0.0,0.0007248446096985968,0.0,0.0,0.0,0.0,0.0,0.0,0.0,0.0,0.0,0.0,0.0,0.0,0.0,0.0,0.0,0.0,0.0,0.0,0.0,0.0,0.0,0.0,0.0,0.0,0.0,0.0,0.0,0.0,0.0,0.0,0.1230204408495096,0.0,0.0,0.0,0.0,0.0,14.019834132593619,0.0,0.0,0.024472857675068606,0.0,0.0,0.0,0.0,0.0,0.0,1,STAD
TCGA-CG-4442-01,0.8624710464280756,0.0,0.0,0.0,0.0,0.0,0.0,0.0,0.0,0.0036604038291944197,0.0,0.0002018172563490933,0.0,0.0,0.0,0.0,0.0,0.0,0.0,0.0,0.0,0.0,0.0,0.0014683069080827656,0.0,0.0,0.0,0.04782597388219297,0.0,0.0,0.0,0.0,0.0,0.0,0.0,0.0,0.0,0.0,0.0,0.0,0.0,0.0,0.0,0.0,0.0,0.0,0.0,0.0,0.0,0.0,0.0,0.0,0.0,0.0,0.0,0.0,0.0,0.0,0.0,0.0,0.0,0.0,0.0,0.0,0.0,0.0,0.0,0.0,0.0,0.0,0.0,0.0,0.0,0.02616319283082675,0.0,0.0,0.0,0.0,0.0,0.0,0.0,0.0,0.0,0.0,0.12079435081758041,5.413828548691055,0.0,0.0,0.0,0.0,0.0,0.0,0.0,0.0,0.0,0.0,0.0,0.0,0.0,0.0,1,STAD
TCGA-CG-4443-01,0.18427510626582275,0.0,0.0,0.0,0.0,0.002656423861154396,0.0,0.0,0.0,0.0,0.0,0.0,0.0,0.0,0.0,0.0,0.0,0.0,0.0,0.0,0.0,0.0,0.0,0.0,0.03744201933086068,0.0,0.0,0.0,0.0,0.0,0.0,0.00198367074596541,0.0,0.0,0.0,0.0,0.0,0.0,0.0,0.0,0.0,0.0,0.0,0.0,0.0,0.0,0.0,0.0,0.0,0.0,0.0,0.0,0.0,0.0,0.0,0.0,0.0,0.0,0.0,0.0,0.0,0.6803785152341033,0.0,0.0,0.0,0.0,0.0,0.0,0.0,0.0,0.0,0.0,0.0,0.0,0.0,0.0,0.0016057075837609658,0.0,0.0,0.0,0.0,0.0,0.0,0.0,0.0,0.0,0.0,0.0,0.0,0.0,0.0,0.0,0.0,0.0,0.0,0.0,0.0,0.0,0.0,0.0,1,STAD
TCGA-CG-4444-01,1.1515684526774916,0.0,0.0,0.0,0.0,0.0,0.0,0.0,0.0,0.0,0.0,0.0,0.0,0.0,0.0,0.0,0.0,0.0,0.0,0.0,0.0,0.0,0.01659195788036836,0.14469954830719797,0.15111419785769536,0.0003390553713664113,0.0,0.10365012297626833,0.00289826528989861,0.0,0.08596753774656601,0.0,0.0,0.0,0.0,0.0,0.0,0.0,0.0,0.0,0.0,0.0,0.0,6.009502031804242,0.0,0.0,0.0,0.0,0.0,0.0,0.0,0.0,0.0,0.0,0.0,0.0,0.0,0.0,0.00015004721946507843,0.0,0.0,0.0,0.0,0.0,0.0,0.0,0.0,0.0,0.0,0.0,0.0,0.0,0.0,0.0,0.0,0.0,0.0,0.0007535278243632465,0.0,0.0,0.0,0.0,0.0,0.0,0.0,0.0,0.0,0.0,0.0,0.0,0.0,0.0,0.0,0.0,0.0,0.0,0.0,0.0,0.0,0.0,1,STAD
TCGA-CG-4449-01,1.2993318669720064,0.0,0.0,0.0,0.0,0.0,0.0,0.0,0.0,0.0,0.0,0.0,0.0,0.0,0.0,0.00014393233739249414,0.0,0.0,0.0001787352370147499,0.0,0.0,0.0,0.0,0.0,0.0,0.0,0.0,0.0,0.0,0.0011597191658560633,0.0,0.0,0.005599675542641183,0.0,0.0,0.0,0.0,0.0,0.0,0.0,0.0,0.0,0.0,0.0,0.0,0.0,0.00012587744163659618,0.0,0.0,0.0,0.0,0.0,0.0,0.0,0.0,0.0,0.0,0.0,0.0,0.0,0.039302972857434525,0.0,0.0,0.0,0.0,0.0,0.0,0.013285883336557615,0.006461656686583612,0.0,0.05962361586938969,9.745387158821146,0.0,0.0,0.0,0.0,0.0004648235325023724,0.0,0.0,0.0,0.0013922334638367226,0.0,0.0,0.0,0.0,6.25557513774427e-05,0.0,0.0,0.0,0.0,0.0,0.0,0.0,0.00022066321084015088,0.0,0.0,0.0,0.0,0.0,0.0,1,STAD
TCGA-CG-4460-01,0.6975147662726328,0.0,0.0,0.0,0.0,0.0,0.0,0.0,0.0,0.0,0.0,0.0,0.0,0.0,0.0,0.0,0.0,0.0,0.0,0.0,0.0,0.0,0.0,0.0,1.9979517094629884e-05,0.0010890288513369397,0.0,0.0,0.0,0.0,0.0005243665815827974,0.0,0.0,0.0,0.00021796443797534755,0.0,0.0,0.0,0.0,0.0,0.0,0.0,0.0,0.0,0.0,0.0,0.0,0.0,0.0,0.0,0.0,0.0,0.00016317171162818283,0.027402190775116627,0.14773716911539247,0.05084129759570277,0.0,0.0,0.0,0.0,0.0,0.0,0.0,0.0,0.0,0.0,0.0,0.0,0.13374418950348588,0.0,0.0,0.0,0.0,0.0,0.0,0.020411779873923314,0.053044548854523546,0.0,0.0,2.4234594291990303,0.0,0.0,0.0,0.0,0.0,0.0,0.0,0.0,0.0,0.0,0.0,0.0,0.0,0.0,0.0,0.0,0.0,0.0,0.0,0.0,1,STAD
TCGA-CG-4462-01,1.21056197815346,2.4340355004419316,0.0,0.0,0.0,0.0,0.0,0.0,0.1374016316095418,0.0,0.0,0.0,0.0,0.0,0.0,0.0,0.0,0.0,0.048782940521885906,0.0,0.0,0.0,0.0,0.0,1.0110081391710357,0.0,0.0,0.0,0.0,0.18877639160099463,0.0,0.0416585209563728,0.0,0.0,0.0,0.0,0.0,0.0,0.0,0.0,0.0,0.0,0.0,0.0,0.0,0.0,0.0,0.0,0.0,0.0,0.0,0.0,0.0,0.040532801054218005,0.0,0.0,0.0,0.0,0.0,0.0,0.0,0.0,0.0,0.0,0.0,0.04114270920972543,0.0,0.0,0.0,0.0,0.0,0.0,0.0,0.0,0.0,0.0,0.0,0.0,0.0,0.0,0.22271265487927003,0.0,0.7239621162638528,0.0,0.023194830690607706,0.0,0.0,0.0,0.11866469832450718,0.20568451664663226,0.0,0.0,0.0,0.0,0.0,0.0,0.0,0.0,0.0,0.0,1,STAD
TCGA-CG-4465-01,0.7423803876015971,0.0,0.0,0.0,0.0,0.0,0.0,0.0,0.0,0.0,0.0,0.0,0.0,0.0,0.0,0.0,0.0,0.0,0.07043413247266544,0.0,0.0,0.0,0.12775824210722658,3.06696530288268,2.1014088321953484,0.0,0.0,0.0,0.0,0.0,0.4736166753290356,0.09841491355188782,0.0,0.0,0.0,0.0,0.0,0.0,0.0,0.0,0.0,0.0,0.0,0.0,0.0,0.0,0.0,0.0,0.0,0.0,0.0,0.0,0.0,0.0,0.0,0.0,0.0,0.0,0.0,0.0,0.0,0.0,0.0,0.0,0.0,0.0,0.0,0.0,0.0,0.0,0.0,0.0,0.0,0.0,0.0,0.0,0.0,0.0,0.0,0.0,0.0,0.0,0.0,0.0,0.0,0.0,0.0,0.0,0.0,0.6762141463343975,0.0,0.0,0.0,0.0,0.0,0.0,0.0,0.0,0.0,0.0,1,STAD
TCGA-CG-4466-01,0.8252721430789048,0.0,0.0,0.0,0.0,0.0,0.0,0.0,0.0,0.0,0.0,0.026210572220644657,0.0,0.0,0.0,0.0,0.0,0.0,0.019499385587400768,0.0,0.0,0.0,0.0,0.08460613718459038,0.0,0.0,0.0,0.0,0.0,0.0,0.0,0.0,0.0,0.0,0.0,0.0,0.0,0.0,0.0,0.0,0.0,0.08541007033169906,0.0,0.0,0.0,0.0,0.0,0.0,0.0,0.0,0.0,0.0,0.0,0.0,0.0,0.0,0.0,0.0,0.0,0.0,0.0,0.0,0.0,0.0,0.0,0.0,0.0,0.0,0.0,0.0,0.0,0.0,3.785619299291534e-05,0.0,0.0,0.0,0.12495048593470279,0.0,0.0,0.0,0.0,0.030928410333334967,0.0,1.8606737234862867,0.0,0.0,0.0,0.0,0.0,0.0,0.0,0.0,0.0,0.0069471828349981606,0.0,0.0,0.0,0.0,0.0,0.0,1,STAD
TCGA-CG-4469-01,0.5328674710757434,0.0,0.0,0.0,0.0,0.0,0.0,0.0,0.0026086026404704026,0.0,0.0,0.0,0.0,0.0,0.0,0.0,0.0,0.0,0.0,0.0,0.0,0.0,0.015758907416550446,0.006523069009955213,0.0,0.0,0.0,0.0,0.0,0.0,0.0,0.0,0.0,0.0,0.0,0.0,0.0,0.0,0.0,0.0,0.0,0.0,0.0,0.0,0.0,0.0,0.0,0.0,0.0,0.0,0.0,0.0,0.0,0.0,0.0,0.0,0.0,0.0,0.006799724787917656,0.0,0.0,0.0,0.0,0.0,0.0,0.0,0.0,0.0,0.0,0.0,0.0,0.0,0.0,0.0,0.0,0.0,0.0,0.0,0.0,0.0,0.0,0.0,0.0,0.0,0.0,0.0,0.0,26.891733176209677,0.0,0.0,0.0,0.0,0.0,0.0,0.0,0.0,0.0,0.0,0.0,0.0,1,STAD
TCGA-CG-4472-01,1.0564574756806324,0.0,0.0,0.0,0.0,0.0,0.0,0.019736901258395348,0.0,0.0,0.0,0.0,0.12552415195769734,0.0,0.0,0.05941231548215186,0.0,0.0,0.05604263991037315,0.0,0.010318334133059014,0.0,0.853384048456411,0.0,0.0,0.0,0.0,0.0,0.0,0.26493663240657084,0.0,0.0,0.0,0.0,0.0,0.0,0.0,0.0,0.0,0.0,0.0,0.0,0.0,0.0,0.0,0.0,0.0,0.11299511988819881,0.0,0.0,0.0,0.0,0.0,0.0,0.0,0.0,0.0,0.0,0.0,0.0,0.03785589429971005,0.0,0.0,0.0,0.0,0.0,0.0,0.00044408698885863327,0.0,0.0,0.0,0.0,0.0,0.0,0.0,0.0,0.0,0.0,0.0,0.0,0.0,0.0,7.2007042800024985,0.0,0.0,0.0,0.0,0.0,0.0,0.0,0.0,0.0,0.0,0.0006402866143349474,0.0,0.0,0.0,0.0,0.0,0.017123404090686932,1,STAD
TCGA-CG-4474-01,0.8823920804431814,0.0,0.0,0.0,0.0,0.2248296444348912,0.0,0.0,0.0,0.0,0.0,0.0,0.0,0.0,0.0,0.0,0.0,0.0,0.0,0.0,0.0,0.0,0.055941560937239364,1.4973155691479143,0.9636654303474751,0.0,0.0,0.0,0.0,0.0,0.0,0.0,0.0,0.0,0.0,0.0,0.011800189162772303,0.0,0.0,0.0,0.0021914337323710657,0.0,0.05977498814642593,0.0,0.0,0.0,0.0,0.0,0.0,0.0,0.0,0.0,0.0,0.0,0.0,0.0,0.0,0.0,0.0,0.0,0.0,0.0,0.0,0.025559485048180862,0.0,0.0,0.0,0.0,1.347983682851757,0.0,0.0,0.0,0.0,0.0,0.0,0.0,0.0,1.5301263432276688,0.0,0.0,0.04143915501725763,0.0,0.0,0.0004050427211536981,0.0,0.0,0.0,0.0,0.15180492401262075,0.8751283614133731,0.0,0.0,0.0,0.0,0.0,0.0,0.0,0.0,0.0,0.0,1,STAD
TCGA-CG-4475-01,0.8949003743056203,0.0,0.07111317611059229,0.0,0.0,0.0,0.0,0.0,0.0,0.012298149424601624,0.0,3.5969065829591636e-05,0.0003630011806021322,0.0,0.0,0.0,0.0,0.0,0.0,0.0,0.0,0.0,0.15846238493178527,0.0,0.0,0.0,0.0,0.0,0.0003251594094879766,0.0,0.0,0.0,0.0,0.0,0.0,0.0,0.0,0.0,0.0,0.0,0.0,0.0,0.0,0.0,0.0,0.0,0.0,0.0,0.0,0.0,0.0,0.0,0.0,0.0,0.0002589631512558288,0.0,0.002783340375393767,0.0,0.0,0.0,0.0,0.000199065772021792,0.0,0.0,0.0,0.0,0.0,0.0,0.0,0.0,0.0,0.0,0.0,0.06047727476605725,0.0,0.0,0.0,0.0,0.0,0.0,0.0,0.032296391869492534,0.0,0.0,0.0,0.0,0.0,0.1626865160931611,0.0,0.0,0.03224623527454734,0.0,0.0024132141350647358,0.0,0.0,0.11633881971550478,0.0,15.945572777958231,0.06321292954435173,0.0,1,STAD
TCGA-CG-4476-01,0.9867682768623649,0.0,0.0,0.0,0.0,0.0,0.0,0.0,0.0,0.010139596652961146,0.0,0.0,0.0,0.0,0.13395848129815385,0.0,0.0,0.039029683991741046,0.0,0.0,0.0,0.0036819841973754755,0.49269927918632217,0.0,0.0,0.0,0.0,0.0,0.1283682713009262,0.0,0.0,0.0,0.0,0.041059311807812596,0.0,0.0,0.0,0.0,0.0,0.0,0.0,0.3312975437776419,0.0,0.0,0.0,0.0,0.0,0.0,0.0,0.0,0.0,0.24568388633323224,0.0,0.14142358329136023,0.0,0.0,0.0,0.0,0.0,0.0,0.0,0.0,0.0,0.0,0.0,0.0,0.21681586717883147,0.0,0.0,0.0,0.0,0.0,0.0,0.09040509888645787,0.0,0.0,0.0,0.23923300444555634,0.0,0.0,0.0,0.0,0.0,0.0,0.0,0.0,0.0,0.0,1.4109158667786563,1.5943052920304737,0.0,0.0,0.0,0.0,0.0,0.479098199904899,0.0,0.0,0.0,0.0,1,STAD
TCGA-CG-4477-01,0.9938983876192629,0.041967908422320344,0.0,0.0,0.0,0.0423076680466125,0.0,0.0,0.0,0.0,0.0,0.0,0.043884655489133347,0.00022398198571540366,0.0,0.0,0.0,0.0,0.0,0.0,0.0,0.0,0.0,0.029203727263487477,0.0,0.0,0.0,0.0,0.0,0.0,0.011326536097998453,0.0,0.0,0.0,0.0,0.0,0.0,0.0,0.07567645830219823,1.1251671262283487,0.0,0.0019866467862978392,0.0,0.0,0.0,0.0,0.0,0.0,0.0,0.0,0.0,0.0,0.0,0.005681408701936884,0.011164563448342026,0.0,0.0,0.0,0.0,0.0,0.0,0.0,0.012597727463022016,0.0,0.0,0.0,0.0,0.0,0.005093397265156255,0.0,0.0,0.0,0.0,0.0,0.03239138315134832,0.0,0.0,0.040592396889353406,0.0,0.0,0.0,0.0006131179653260537,0.0,0.0,0.0,0.0,0.0,0.0,0.0,0.0,0.0,0.0,0.0,0.0,0.0,0.0,0.0,0.0,0.0,0.0,1,STAD
TCGA-CG-5717-01,1.2114828688410348,0.0,0.0,0.0,0.0,0.0,0.0,0.0,0.0,0.0,0.0,0.0,0.0,0.0,0.0,0.0,0.0,0.0,0.0,0.0,0.0,0.0,0.038487564883617306,0.0,0.0,0.0,0.0,0.12097466378017009,0.0,0.0,0.0,0.0,0.0,0.0,0.0,0.0,0.0,0.0,0.0,0.0,0.0,0.0,0.04484565282208025,0.0,0.0,0.0,0.0,0.0,0.0,0.0,0.0,0.0,0.0,0.0,0.0,0.0,0.0,4.055323931832674,0.0016226495861126201,0.0,0.0,0.0,0.0,0.0,0.0,0.0,0.0,0.0,0.0,0.0,0.0,0.0,0.0,0.0003460533063850668,0.0,0.0,0.0,0.0,0.0,0.0,0.0,0.0,0.0,0.0,0.0,0.0,0.0,0.0,0.0,0.0,0.0,0.0,0.0,0.0,0.0,0.0,0.0,0.0,0.001490367889840284,0.0,1,STAD
TCGA-CG-5718-01,0.5691554960150549,0.0,0.0,0.0,0.0,0.0,0.0,0.0,0.0,0.0,0.0,0.0,0.0,0.0,0.0,0.021793626283049945,0.0,0.0,0.005699865977021092,0.0,0.0,0.0,0.0,0.0,0.6869895338976708,0.0,0.0,0.0,0.0,0.0,0.0,0.0,0.13153669705801962,0.0,0.0,0.0,0.0,0.0884017355725366,0.0,0.0,0.0,4.5684105822929855,0.0,0.0,0.0,0.0,0.0,0.0,0.0,0.0,0.0,0.0,0.030661764492718815,0.0,0.0,0.0,0.0,0.0,0.0,0.0,0.0,0.0,0.0,0.0,0.0,0.1059790720492799,0.0,0.0,0.0032745559186758834,0.0,0.010345059288662927,0.0,0.0,0.0,0.0,0.0,0.0,0.0,0.0,0.0,0.0,0.0,0.0,0.0,0.0,0.06130420253832519,0.0,0.0,0.0,0.0,0.0,0.0007385316632470837,0.0,0.0,0.0,0.0,0.0,0.0,0.0,0.0,1,STAD
TCGA-CG-5719-01,1.1368557896335665,0.13576860993279924,0.28071712364974877,0.0,0.0,0.0,0.0,0.0,0.0,0.0,0.0,0.0,0.0,0.0,0.0,0.0,0.0,0.0,0.0,0.0,0.0,0.0,0.0,0.0,0.0,0.0,0.0,0.10267336225802529,0.0,0.0,0.0,0.0,0.2845726059423456,0.0,0.13979498251299463,0.0,0.0,3.117921779005661,0.0,0.0,0.0,0.0,0.0,0.0,0.263208576166877,0.0,0.0,0.0,0.3963153326130953,0.0,0.0,0.0,0.0,0.0,0.13087125452227516,0.0,1.358374185517195,0.0,0.0,0.0,0.0,0.0,0.0,0.0,0.0,0.0,0.0,0.0,0.0,0.0,0.0,0.0,0.0,0.0,0.0,0.15859419860998714,0.0,0.1556019841263112,0.2020692455632663,0.0,0.0,0.021106340144985893,1.6565920910313572,0.0,0.0,0.0,0.0,0.0,0.0,0.0,0.0,0.0,0.0,0.0,0.0,0.0,0.0,0.0,0.0,0.0,1,STAD
TCGA-CG-5720-01,1.3619692990813546,0.0,0.0,0.0,0.0,0.0,0.0,0.0,0.0,0.0,0.0,0.0,0.0,0.0,0.0,0.3597083642238878,0.0,0.0,0.0,0.0,0.0,0.0,0.0,0.0,0.0008945265808131976,0.0,0.0,0.006344296575276049,0.09072549371208374,0.0,0.28961732249115146,0.0,0.0,0.09962643206742769,0.0,0.0,0.0,0.0,0.0,0.0,0.0,0.0,0.0,0.0,0.02814992355492043,0.0,0.0,0.0,0.0,0.2911316601691805,0.0,0.0,0.0,0.0,0.0,0.18765479222162,0.0,0.0,0.02263690797854326,0.0,0.009404812722829036,0.0,0.0,0.09774028655207224,0.0,0.0,0.0,0.07244353140936964,0.0,0.0,0.0,0.0,0.0,0.0,0.0,0.0,0.0,2.651656373479675,0.0,0.0,0.0,0.0,0.0,0.0,0.0,0.0,0.0,0.0,0.0,0.0,0.0,0.0,0.0,0.0,0.0,0.0,0.0,0.0,0.0,0.0,1,STAD
TCGA-CG-5720-11,0.8049075265448257,0.0,0.006893659443125941,0.0,0.0,0.13636024199020605,0.2852342859637553,0.0,0.22960649503011413,0.0,0.0,0.0,0.0,0.0,0.2788446183927657,0.2019984241705321,0.0,0.0,0.0,0.0,0.0,0.0,0.024774972025766354,0.0,0.0,0.0,0.0,0.0,0.08707633907959555,0.0,0.0,0.0,0.0,0.0,0.0,0.0,0.0,0.0,0.31695952626229856,0.0,0.0,0.0,0.0,0.0,0.0,0.0,0.0,0.0,0.0,0.0015455584591412648,0.0015051757657132225,0.0,0.0,0.30061140090972077,0.0,0.0,0.0,0.0,0.02669552963695165,0.020818919566658906,0.0,0.0006860656929654227,1.77725920081695,0.0,0.0,0.0,0.0,0.0,0.0,0.0,0.0,0.0,0.0,0.0,0.0,0.0,0.0,0.0,0.0,0.0,0.0,0.024745393973634552,0.0,0.0,0.0,0.0,0.0,0.0,0.0,0.0,0.0,0.0,0.0,0.0,0.0,0.0,0.0,0.0,0.0,0.0,0,STAD
TCGA-CG-5721-01,1.0706964035064972,0.0,0.0,0.0,0.0,0.0,0.0,0.0,0.0,0.0,0.0,0.0,0.0,0.0,0.0,0.020496035725502397,0.0,0.0,0.0,0.0,0.0,0.0,0.0,0.0,0.0,0.0,0.0,0.0,0.0,0.0,0.0,0.0,0.0,0.0,0.0,0.0,0.0,0.0,0.0,0.0,0.0,0.0,0.0,0.0,0.0,0.0,0.0,0.0,0.0,0.0,0.0,0.0,0.0,0.0,0.0,0.0,0.0,0.0,0.0,0.0,0.03967884766546339,0.0,0.0,0.0,0.0,0.0,0.0,0.0,0.0,0.0009532914643682971,0.0,0.0,0.0,0.0,0.0,0.0,0.0,0.0,0.0,0.0,0.0,0.0,0.0,0.0,0.0,0.0,0.0,0.0,0.0,0.0,0.0,0.002185759836183304,0.0,2.113259931394288,0.0,0.0,0.0,0.0,0.0,0.0,1,STAD
TCGA-CG-5721-11,1.4063739264576327,0.0,0.0,0.0,0.0,0.0,0.0,0.0,0.0,0.0,0.0,0.0,0.0,0.0,0.0,0.21012678807168397,0.0,0.0,0.0,0.0,0.0,0.0,0.4989075915059836,0.0,0.0,0.0,0.0,0.0,0.0,0.0,0.0,0.0,0.0,0.0,0.0,0.0,0.0,0.0,0.0,0.0,0.0,0.0,0.0,0.0,0.0,0.0,0.0,0.0,0.0,0.0,0.0,0.0,0.0,0.9776334142508198,0.0,0.0,0.0,0.0,0.0,0.0,0.0,0.0,0.0,0.0,0.0,0.0,0.0,0.0,0.0,0.0,0.0,0.0,0.0,0.0,0.0,0.0,0.0,0.0,0.0,0.0,0.0,0.0,0.0,0.0,0.0,0.0,0.0,0.0,0.0,0.0,0.0,0.0,0.0,0.0,0.0,0.0,0.0,0.0,0.0,0.0,0,STAD
TCGA-CG-5722-01,1.3698113049377516,0.0,0.0,0.0,0.0,0.0,0.0,0.0,0.0064782828750032185,0.0,0.0,0.0,0.0,0.0,0.0,0.0,0.0,0.0,0.00011722250886937381,0.0,0.0,0.0,0.0,0.0,0.0,0.0,0.0,0.0,0.0,0.0,0.0,0.0,0.05405764369951348,0.0,0.009189935461324787,0.0,1.9062662238602983,0.0,0.0,0.0,0.0,0.0,0.0,0.0,0.0,0.0,0.0,0.0,0.0,0.0,0.0,0.0,0.0,0.0,0.0,0.0,0.0,0.0,0.0,0.0,0.0,0.0,0.0,0.005403201282558616,0.0,0.0,0.0,0.0,0.0,0.0,0.0,0.0,0.0,0.0,0.0,0.004788098064632816,0.0,0.0,0.0,0.0,0.0,0.0,0.0,0.0,0.0,0.0,0.0,0.0,0.0,0.0,0.0,0.0,0.0,0.0,0.0,0.0,0.0,0.0,0.0,0.0,1,STAD
TCGA-CG-5722-11,0.0,0.0,0.0,0.0,0.0,0.9219328941642295,0.0,0.0,0.0,0.0,0.0,0.0,0.0,0.0,0.0,0.0,0.0,0.0,0.0,0.0,0.0,0.0,0.0,0.0,0.0,0.0,0.0,0.0,0.0,0.0,0.0,0.0,0.0,0.0,0.19845281818215613,0.0,0.0,0.015860773853205924,0.0,0.0,0.0,0.0,0.0,0.0,0.0,0.0,0.0,0.0,0.0,0.0,0.0,0.0,0.0,0.5334404784234487,0.0,0.0,0.0,0.0,0.0,0.03435947858932458,0.0,0.0,0.0,0.07139665996491092,0.0,0.0,0.22054725100012706,0.0,0.0,0.0,0.0,0.0,0.0,0.0,0.0,0.0,0.0,0.0,0.0,0.0,0.0,0.0,0.0,0.0,0.0,0.0,0.0,0.0,0.0,0.0,0.0,0.0,0.0,0.0,0.0,1.3809745664923634,0.0,0.0,0.0,0.0,0,STAD
TCGA-CG-5723-01,0.9013368916585973,0.0,0.0,0.0,0.0,0.0010911284668630214,0.0,0.0,0.0,0.0,0.0,0.0,0.005323600826534818,0.0,0.0,0.0,0.0,0.0,0.0,0.0,0.0,0.0,0.008272430146861773,0.0,0.0,0.0,0.0,0.0,0.0,0.0,0.0,0.0,0.0,0.0,0.0,0.0,0.0,0.0,0.0,0.0,0.0,0.0,0.0,0.0,0.0,0.0,0.0,0.0,0.0,0.0,0.0,0.0,0.0,0.0,0.0,0.0,0.0,0.0,0.0,0.0,0.0,0.0,0.0,0.0,0.0,0.0,0.0,3.190893984721707,0.0,0.0,0.0,0.0,0.0,0.0,0.0,0.0,0.0,0.0,0.0,0.0,0.0,0.0,0.0,0.0,0.0,0.0,0.0,0.0,0.0,0.0,0.0,0.0,0.0,0.0,0.0,0.0008754741083339193,0.0,0.0,0.0,0.0,1,STAD
TCGA-CG-5724-01,0.4589153094107365,0.0,0.0,0.0,0.0,0.0,0.0,0.0,0.0,0.0,0.0,0.0,0.0,0.0,0.0,0.04904108565146214,0.0,0.0,0.0,0.0,0.0,0.0,0.04748543105033591,0.0,0.0,0.0,0.0,0.0,0.0,0.0,0.0,0.0,0.0,0.0,0.0,0.0,0.0,0.0,0.0,0.0,0.0,0.0,0.0,0.0,0.0,0.0,0.0,0.0,0.0,0.01468517885051467,0.0,0.0,0.0,0.0,0.0,0.0,0.0,0.0,0.014834301839267552,0.0,0.0,0.0,0.0,0.0,0.0,0.0,0.0,0.0,0.0,0.00372288424604133,11.97609937412712,0.0,0.0,0.0,0.0,0.0,0.0,0.0,0.0,0.0,0.0,0.0,0.0,0.0,0.0,0.0,0.0,0.03555287275260666,0.0,0.0,0.0,0.0,0.0,0.0,0.0,0.0,0.0,0.0,0.0009626743488558176,0.0,1,STAD
TCGA-CG-5725-01,0.001768364836308422,0.0,0.0,0.0,0.0,0.0,0.0,0.0,0.0,0.0,0.0,0.0,0.0,0.0012587912234474255,0.0,0.0,0.0,0.0,0.0,0.0,0.0,0.0,0.0,0.0,0.0,0.0,0.0,0.0,0.0,0.0,0.0,0.0,0.0,0.0,0.0,0.0,0.0,0.0,0.0,0.0,0.0,0.0,0.004632631587775585,0.0,0.0,0.0,0.0,0.0,0.0,0.0,0.0,0.0,0.0,0.0,0.0,0.0,0.0,0.0,0.00046099530024002003,0.0,0.0,0.0,0.0,0.0,0.0,0.0,0.0,0.0,0.0,1.0306195748762803,0.0,0.0,0.0013380751320457988,0.006394097017322183,0.0,0.0,0.0,0.0,0.0,0.0,0.0,0.0019079245665425168,0.0,0.0,0.0,0.0,0.0,0.0,0.0,0.0,0.0,0.0,0.0,0.0,0.0,0.0,0.0,0.0,0.0,0.0,1,STAD
TCGA-CG-5726-01,0.7223520451832341,0.0,0.0,0.0,0.0,0.0,0.0,0.0,0.0,0.0,0.0,0.0,0.0,0.0,0.0,0.0,0.0,0.0,0.0,0.0,0.0,0.0,0.09643499335134285,0.0,0.20413400638304016,0.0,0.0,0.0,0.0,0.0,0.0,0.05464362233165264,0.0,0.0,0.0,0.0,0.0,0.0,0.0,0.0,0.0,0.0,0.0,0.0,0.0,0.0,0.0,0.0,0.0,0.0,0.0,0.0,0.0,0.0,0.0,2.483322847143096,0.0,0.0,0.0,0.0,0.0,0.0,0.0,0.0,0.0,0.0,0.0,0.0,0.0,0.0,0.0,0.0,0.0,0.0,0.0,0.0,0.0,0.0,0.0,0.0,0.0,0.0,0.0,0.0,0.0,0.0,0.0,0.0,0.0,0.0,0.0,0.04646825580754102,0.0,0.0,0.0,0.0,0.0,0.0,0.01790765620617278,0.0,1,STAD
TCGA-CG-5728-11,1.269734984355119,0.0,0.0,0.0,0.0,0.08920970135543745,0.0,0.0,0.0,0.0,0.013154195290001548,0.0,0.5097763055742597,0.0,0.0,0.0,0.15947140073587052,0.0,0.0,0.0,0.0,0.0,0.0,0.0,0.3418293720042683,0.0,0.0,0.0,0.21429253009870272,0.0431778003664861,0.0,0.006855444587408954,0.0,0.0,0.0,0.0,0.03681773110667875,0.0,0.0,0.0,0.0048060710502700835,0.0,0.0,0.0,0.0,0.0,0.0,0.0,0.0,0.0,0.0,0.0,0.0,0.8663805508261916,0.0,0.0,0.0,0.0,0.0018857896236952533,0.0,0.0,0.0,0.0,0.0,0.0,0.0,0.0,0.0,0.0,0.0,0.0,0.0,0.0,0.0,0.0,0.0,0.01703088041736351,0.05588252665855968,0.0,0.0,0.0,0.0,0.0,0.0,0.031759542469277154,0.0,0.0038979394693362257,0.0,0.0,0.14233876032303594,0.0,0.0,0.0,0.023521489275814603,0.0,0.0,0.0,0.0,0.0,0.0,0,STAD
TCGA-CG-5730-11,1.2905020453854308,0.0,0.0,0.0,0.0,0.0,0.0,0.0,0.0,0.0,0.0,0.0,0.3135614316500975,0.0,0.0,0.0,0.0,0.0,0.06650015885818414,0.0,0.0,0.0,0.0,0.0,0.0,0.0,0.0,0.0,0.0,0.1715921080877573,0.045649261816999756,0.0,0.0,0.0,0.0,0.638721780335256,0.008397298125377725,0.0,0.0,0.0,0.0,0.0,0.0,0.0,0.0,0.0,0.0,0.0,0.0,0.0,0.0,0.0,0.0,0.0,0.0,0.07709011304060133,0.0,0.0,0.0,0.0,0.0,0.0,3.3784366215589405,0.0,0.0,0.0,0.0,0.0,0.0,0.0,0.0,0.0,0.0,0.0,0.0,0.0,0.0,0.20712399749124022,0.0,0.0,0.0,0.0,0.0,0.0,0.0,0.0,0.0,0.0,0.0,0.0,0.0,0.0,0.0,0.0,0.0,0.06277886944457974,0.0,0.0,0.0,0.0,0,STAD
TCGA-CG-5732-01,0.7959227225868658,0.0,0.0,0.0,0.0,0.0,0.0,0.0,0.192869223357909,0.0,0.0,0.0,0.0,0.0,2.396202289551843,0.0,0.0,0.0,0.0,0.0,0.0,0.0,0.0,0.0,0.0,0.0,0.0,0.0,0.0,0.0,0.0,0.0,0.0,0.0,0.0,0.0,0.0,0.0,0.0,0.0,0.0,0.6841847842210222,0.0,0.0,0.0484068014544756,0.0,0.0,0.0,0.0,0.0,0.0,0.0,0.0,0.13246091641759553,0.0,0.14216122844337778,0.0,0.0,0.01715622731665461,0.0,0.0,0.0,0.0,0.0,0.0,0.0,0.0,0.0,0.0,0.0,0.0,0.0,0.0,0.0,0.0,0.0,1.2916060083357348,0.0,0.0,0.0,0.0,0.5515833568342651,0.0,0.0,0.0,0.0,0.0,0.0,0.0,0.0,0.0,0.0,0.0,0.19679472626367514,0.0,0.0,0.0,0.0,0.0,0.0,1,STAD
TCGA-CG-5733-11,1.2665011217405646,0.15989500342727636,0.0,0.0,0.0,0.15236181796209058,0.0,0.0,0.0,0.0,0.0,0.0,0.6024410052295766,0.0,0.030697415923621078,0.0,0.25017354733180175,0.0,0.0,0.0,0.0,0.0,0.0,0.0,0.0,0.0,0.0,0.0,0.0,0.0,0.0,0.0,0.0,0.0,0.0,0.0,0.01178309643445634,0.0,0.0,0.0,0.0,0.07202915472530119,0.010860587621936525,0.0,0.04944738503017454,0.0,0.0,0.0,0.015526037179282231,0.0,0.0,0.0,0.0,0.8437364471753468,0.0,0.0,0.0,0.0,0.0,0.012787107628768522,0.0,0.0,0.08666476885287448,0.0,0.0,0.0,0.0,0.0,0.0,0.0,0.0,0.0,0.0,0.0,0.0,0.0,0.0,0.1677349733588511,0.0,0.0,0.0,0.0,0.0,0.0,0.0,0.0,0.0,0.0,0.0,0.11446404228534456,0.0,0.0,0.0,0.0,0.0,0.0,0.0,0.0,0.0,0.0,0,STAD
TCGA-CG-5734-01,1.2252965230061903,0.0,0.0,0.0,0.0,0.0,0.0,0.0,1.6357821721313457,0.004862368542036759,0.0,0.0,0.13437899723747457,0.0,0.0290254213242453,0.0,0.0,0.0,0.052515975934714035,0.0,0.0,0.0,0.0,0.3541850684963083,0.0,0.0,0.0,0.0,0.0,0.0,0.0,0.0,0.0,0.0,0.0,0.0,0.0,0.0,0.0,0.0,0.0,0.0,0.0,0.0,0.0,0.0,0.0,0.0,0.0,0.0,0.0,0.0,0.0,0.0,0.6359719809486437,0.05925836363368549,0.0,0.0,0.004826895015377417,0.0,0.0,0.0,0.0,0.0,0.0,0.0,0.0,0.0,0.14612171945194172,0.0,0.0,0.0,0.0,0.0,0.0,0.0,0.0,0.8185682446128562,0.0,0.0,0.0,0.0039511788241991365,0.0,0.0,0.10595350006840527,0.0,0.0,0.0,0.0,0.0,0.0,0.0,0.09097879190695912,0.0,0.17445634053735531,0.0,0.0,0.0,0.0,0.0039152004008246736,1,STAD
TCGA-CG-5734-11,1.1138399202818192,0.0,0.08755419384998103,0.0,0.0,0.0,0.0,0.0,0.83692472078832,0.0,0.0,0.0,0.0,0.0,0.0,0.0,0.0,0.0,0.0,0.0,0.0,0.0,0.20979827942539087,0.0,0.0,0.0,0.0,0.0,0.0,0.0,0.0,0.0,0.0,0.0,0.0,0.0,0.0,0.0,0.0,0.0,0.0,0.0,0.0,0.0,0.0015070895069848151,0.0,0.0,0.0,0.0,0.0,0.0,0.0,0.0,0.0,0.0,0.0,1.0622089030253499,0.0,0.0,0.0,0.0,0.0,2.636526245001845,0.0,0.0,0.0,0.0,0.0,0.0,0.0,0.0,0.0,0.0,0.0,0.0,0.0,0.0,0.0,0.0,0.0,0.0,0.0,0.0,0.0,0.0,0.0,0.0,0.0,0.0,0.0349491658731903,0.0,0.0,0.0,0.0,0.0,0.0,0.0,0.0,0.0,0.0,0,STAD
TCGA-D7-5577-01,0.9266292893362528,0.0,0.0,0.0,0.0,0.0,0.0,0.0,0.0,0.0,0.0,0.0,0.0,0.0009482190993270018,0.0,0.0,0.0,0.0,0.0024744043277863475,0.0,0.0,0.0,0.0,0.0,0.0,0.006313130787518469,0.0,0.0,0.0,0.0,0.005830032494395497,0.0,0.0,0.0,0.0,0.0,0.0,0.0,0.0,0.0,0.0,0.0,0.0,0.0,0.0,0.0,0.0,0.0,0.0,0.0,0.0,0.0,0.023957931924995294,0.0,0.0,0.0,0.0,0.0,0.019306671477993635,0.0,0.0,0.0,0.0,0.0,0.0,0.0,0.0,0.0,0.0,0.0,0.0,0.0,0.0,0.0,0.0,0.0,14.33360925619601,0.0,0.0,0.0,0.0,0.0,0.0,0.0,0.0,0.0,0.0,0.0,0.0,0.0,0.0,0.0,0.0004999828010364475,0.0,0.0,0.0,0.0,0.0,0.006105480843128513,0.0,1,STAD
TCGA-D7-5578-01,1.107883433412712,0.0,0.0,0.0,0.0,0.0,0.0,0.08061201336454456,0.0,0.3111406204483697,0.0,0.0,0.0,0.0034841224890644553,0.18586097464793,0.4306361966233734,0.832748954565716,0.16744580522824273,0.0,0.0,0.0387412700939711,0.0,0.0,0.0,0.0,0.037751411278198664,0.00580464657984483,0.0,0.004670055996704486,0.0,0.0,0.0,0.0,0.0,0.0,0.1978976876608903,0.0,0.0,0.0,0.0,0.04399182416269583,0.0,0.0,0.0,0.0,0.0,0.0,0.0,0.0,0.0,0.0,0.048567182391125945,0.0,0.005375145774147519,0.0,0.195032584327707,0.24535434130762587,0.0,0.0,0.0,0.0,0.0,0.0,0.0,0.0,0.0,0.0,0.0013418932948388571,0.0,0.0,0.0,0.0,0.013918162010218173,0.0,0.0,0.0,0.0,1.6672300935013842,0.0,0.0,0.0,0.0,0.0,0.0,0.0,0.0,0.0,0.0,0.06924094706199166,0.0,0.0,0.0,0.0,0.0,0.0,0.0,0.5274770791020545,0.0,0.0,0.0,1,STAD
TCGA-D7-6518-01,1.0557088022387064,0.0,0.0,0.0,0.0,0.0,0.0,0.0,0.0,0.0,0.0,0.0,0.0,0.0,0.0,0.0,0.0,0.0,0.0,0.0,0.0,0.0,0.165421476334363,0.0,0.0,0.0,0.0,0.18820857055704274,0.00017961447091772043,0.0,0.0,0.0,0.3797001502706249,0.008432794654782885,0.0,6.935674533404266,0.0,0.0,0.0,0.0,0.0,0.0,0.005028564815014247,0.0,0.0,0.0,0.0,0.01646779417930348,0.0,0.0,0.0,0.0,0.0,0.0,0.0,0.0,0.0,0.0,0.0,0.007771703839332904,0.0,0.0,0.0,0.0,0.0,0.0,0.0,0.00276639900560465,0.0,0.0,0.0,0.0,0.0,0.0,0.0,0.008470965796078696,0.0,0.0,0.0,0.0,0.0,0.0,0.0,0.0,0.0,0.0,0.0,0.0,0.001734209750185324,0.00354198361552506,0.0,0.0,0.0,0.0,0.0,0.0,0.0,0.08788850157545472,0.0,0.0,1,STAD
TCGA-D7-6519-01,1.1032522163932317,0.0,0.0,0.0,0.0,0.037350840794897304,0.0,0.0,0.0,0.0,0.0,0.0,0.0,0.0,0.0,0.0,0.0,0.0,0.006043232318726948,0.0,0.0,0.0,0.0,0.0,0.0,0.0,0.0,0.0,0.0,0.0,0.0015319477252926125,0.0,0.0,0.0,0.001572593450667888,0.0,0.0,0.0,0.0,0.0,0.0,0.0,0.0,0.0,0.0,0.0,0.0,0.0,0.0,0.0,0.0,0.0,0.0,0.0,0.3949530521075813,0.08912281297756483,0.0,0.0,0.0,0.0,0.031755326803639836,0.0,0.0,0.0032163837934270183,0.0,4.498000676534591,0.0,0.0,0.0,0.0,0.0,0.0,0.0,0.0,0.0,0.0,0.0,0.0,0.0,0.0,0.0,0.0,0.0,0.0,0.0,0.0,0.0,0.08675249152418894,0.0,0.0,0.0,0.0,0.0,0.0,0.0,0.0,0.0,0.0,0.0,0.0,1,STAD
TCGA-D7-6520-01,1.3410394775716465,0.0,0.0,0.0,0.0,0.0,0.0,0.0,0.0,0.0,0.0,0.0,0.0,0.0,0.0,0.0,0.0,0.0,0.0,0.0,0.0,0.0,0.0,0.01398518382523734,0.013200770917277446,0.0,0.0,0.0,0.0,0.0,0.0,0.0011268335175455592,0.0,0.0,0.0,0.0,0.0,0.00893959033230055,0.0,0.0,0.0,0.0,0.0,0.0,0.0,0.0,0.0,0.0,0.0,0.0,0.0,0.0,0.0,0.0,0.0,0.0,0.0,0.0,0.0,0.0,0.0,0.0,0.0,0.0,0.0,0.01962251171420434,0.0,0.0052902495695399355,0.0,0.0,0.0337377847906483,0.0,0.0,3.405296136217283,0.0,0.0,0.0017315855470356465,0.0,0.0,0.0,0.0,0.0,0.0,0.0,0.0,0.015033491053822361,0.0,0.0,0.0,0.0,0.0,0.00016535131684926343,0.0,9.23435208225982e-05,0.0,0.0,0.0,0.0,0.0,0.0,1,STAD
TCGA-D7-6521-01,1.3324588500896901,0.0,0.0,0.0,0.0,0.0,0.0,0.0,0.10415830121791562,0.0,0.0,0.0,0.0,0.0,0.0,0.03940262476196592,0.0,0.0,0.0,0.0,0.0,0.0,0.3132297150892261,0.0,0.0,0.0,0.0,0.0,0.0,0.0,0.0,0.0,0.0,0.0,0.0,0.0,0.0,0.0,0.0,0.0,0.0,0.0,0.0,0.0,0.0,0.031359705438963735,0.0,0.0,3.463480203285518,0.0,0.0,0.0,0.0,0.0,0.0,0.0,0.0,0.0,0.06664624409435485,0.11148755911508203,0.0,0.0,0.0,0.0,0.0,0.0,0.0,0.03393300678840323,0.0,0.0,0.0,0.0,0.0,0.0,0.0,0.0,0.0,0.0,0.0,0.0,0.0,0.0,0.0,0.0,0.0,0.0,0.0,0.0,0.0,0.0,0.0,0.0,0.0,0.0,0.0,0.0,0.0,0.0,0.0002522863182447268,0.0,1,STAD
TCGA-D7-6522-01,1.213944212323137,0.0,0.0,0.0,0.0,0.0,0.0,0.0,0.032269956019675514,0.0,0.0,0.040001267335595315,1.0100925538561636,0.0,0.0,0.0,0.0,0.0,0.0,0.0,0.0,0.0,0.0,1.579599781545318,0.0,0.0,0.0,0.0,1.0339601719653408,0.0,0.0,0.0,0.0,0.0,0.0,0.0,7.34567473659487e-05,0.0,0.0,0.0,0.0,0.0,0.0,0.0,0.0,0.0,0.0,0.0,0.0,0.0,0.007331250620082984,0.0,0.0,0.0,0.0,0.0,0.0921255406357621,0.0,0.019255925449538597,0.0,1.4312169560838446,0.005098449592037324,0.0,0.0,0.0,0.0,0.0,0.0,0.0,0.0,0.0,0.10007115321192116,0.03155652920090513,0.0,0.0,0.0,0.0,0.5311748177373787,0.0,0.0,0.0,0.03739978637457376,0.0,0.0,0.0,0.0,0.0,0.0,0.0,0.0,0.0,0.0,0.0,0.0,0.04871044907368339,0.0,0.0,0.0,0.0,0.0,1,STAD
TCGA-D7-6524-01,0.9149438911469432,1.7340860058829304,0.0,0.0,0.0,0.03469008718902934,0.0,0.0,0.0,0.0,0.0,0.0,0.0,0.0,0.0,0.8673195318305764,0.0,0.019492413214763315,0.0,0.0,0.0,0.0,0.0,0.13745391846057628,0.0,0.0,0.0,0.0,0.0,0.0,0.0,0.0,0.0,0.0,0.0,0.29997701943188204,0.0,0.2967289576421285,0.0,0.0,0.0,0.0,0.0,0.0,0.0,0.0,0.0,0.0,0.0,0.0,0.0,0.0,0.0,0.0,0.0,0.11446565535975987,0.0,0.0,0.014890458099447296,0.0,0.0,0.0,0.0,0.0,0.0,0.0,0.0,0.0,0.0,0.0,0.0,0.0,0.02739646991337399,0.0244826869685998,0.0,0.0,0.0,0.20524277972235055,0.0,0.0,0.0,0.01364898996110402,0.0,0.0,0.0,0.0,0.0,0.291698898230583,0.0,0.0,1.3822875505997514,0.0,0.0,0.0,0.0,0.0,0.0,0.0,0.0,0.015656082030048042,1,STAD
TCGA-D7-6525-01,1.1803479858990753,0.0,0.0,0.0,0.0,0.0,0.0,0.0,0.0,0.0321050958609207,0.0,6.180516989812914,0.0,0.0,0.0,0.003252040007431548,0.0,0.0,0.0,0.0009911893951414273,0.0,0.0,0.0,0.0,0.0,0.0,0.0,0.0,0.0,0.0,0.0,0.0,0.0,0.0023834904923876778,0.0,0.0,0.0,0.0,0.0,0.0,0.0,0.0,0.0,0.0,0.0,0.0,0.0,0.0,0.0,0.0,0.0,0.0,0.0,0.0,0.0,0.0,0.0,0.0,0.0,0.0,0.0,0.0,0.0,0.0,0.0,0.0,0.0,0.0,0.0,0.0,0.0,0.0,0.0,0.0,0.0,0.0,0.0,0.0,0.0,0.0,0.0,0.0,0.0,0.0,0.0,0.0,9.624603918718015e-05,0.0,0.0,0.0,0.0,0.0,0.0,0.00015233236734263464,0.0,0.0,0.0,0.0,0.0,0.0001973682408902701,1,STAD
TCGA-D7-6526-01,1.1394974268079767,0.0,0.0,0.0,0.0007499233753729096,0.014281772965124393,0.0,0.0,0.0,0.0,0.0,0.0,0.0,0.0,0.0,0.0,0.0,0.0,0.0,0.0,0.0,0.0,0.0,0.002973232630854944,0.07042699227148436,0.0,1.7068042297019426,5.311540288060463e-05,0.0,0.0,0.000592839045626418,0.0,0.0,0.0,0.0,0.0,0.0,0.0,0.0,0.0,0.0,0.0,0.0,0.0,0.0,0.0,0.0,0.0,0.0,0.0,0.0,0.0,0.0,0.0,0.0,0.0,0.0,0.0,2.5593486112856413e-05,0.0,0.0,0.0,0.0,0.0,0.0,0.0,0.0,0.0,0.0002121082429922605,0.0,0.0,0.0,0.0,0.0,0.0,0.0,0.0,0.0,0.0,0.0,0.0,0.0,0.0,0.0,0.0005355903581864296,0.0,0.0,0.0,0.0,0.0,0.0,0.0,0.0,0.0,0.0,0.0,0.0,0.0,7.008560616149382e-05,0.0,1,STAD
TCGA-D7-6527-01,1.452567060052557,0.0,0.0,0.0,0.0,0.0,0.0,0.0,0.0,0.0,0.0,0.0,0.0,0.0,0.0,0.0,0.0,0.0,0.031723580125046814,0.0,0.0,0.0,0.0,0.05876261532305535,0.09306108063127144,0.0,0.0,0.011071949336110625,0.0,0.0,0.0,0.012297405467409109,0.0,0.0,0.0,0.0,0.0,0.19621807906058758,0.0,0.0,0.0,0.0,0.0,0.0,0.0,0.0,0.0,0.0,0.0,0.0,0.0,6.158863452120232,0.0,0.0,0.0,0.0,0.0,0.0,0.0,0.0,0.0,0.0,0.0,0.0,0.0,0.0,0.0,0.0,0.0,0.0,0.0,0.0,0.0,0.0,0.0,0.0,0.007989813917429816,0.0,0.0,0.0,0.0,0.0,0.0,0.0,0.0,0.0,0.0,0.0,0.0,0.0,0.0,0.0,0.0,0.0,0.0,0.0,0.0,0.0,0.0,0.0,1,STAD
TCGA-D7-6528-01,0.47865296305951854,0.0,0.0,0.0,0.0,0.010359707661357322,0.0,0.0,0.0,0.0,0.0,0.0,0.0,0.0,0.0,0.0,0.0,0.0,0.0,0.0,0.0,0.0,0.0,0.0,0.0,0.0,0.0,0.0,0.0,0.0,0.0,0.0,0.059858296513455714,0.0,0.0,0.0,0.0,0.0,0.0,0.0,0.0,0.0,0.0,0.0,0.0020512618899604395,0.0,0.0,0.0,0.0,0.0,0.0,0.0,0.0,0.0,10.368133480895878,0.0,0.0087115946082041,0.0,0.0,0.0012600082783877932,0.0016104908103356489,0.0,0.0,0.0055959918463816,0.0,0.0,0.0,0.0,0.0,0.0,0.0,0.0,0.0,0.0,0.0,0.0,0.0,0.0,0.0,0.0,0.0,0.0,0.0,0.0,0.0,0.003838925448113113,0.0,0.0,0.00123419924032852,0.0,0.0,0.0,0.0,0.0,0.0,0.0,0.0,0.0,0.0,0.0,1,STAD
TCGA-D7-6815-01,1.2510459681623052,0.0,0.0,0.0,0.0,0.0,0.0,0.0,0.0,0.0,0.0,0.0,0.0,0.0,0.0,0.0,0.0,0.0,0.00011278604376111672,0.0,0.0,0.0,0.0,0.0,0.0,0.0,0.0,0.0,0.0,0.0,8.972170597300192e-05,0.0,0.0,0.0,0.0,0.0,0.0,0.0,0.0,0.0,0.0,0.0,0.0,0.0,0.0,0.0,0.0,0.0,0.0,0.0,0.0,0.0,0.11003489400243582,0.0,0.4006742437221821,0.09629801973390967,0.0,0.0,0.0014143867054418437,0.0,0.0,0.0,0.0,0.0,0.0,0.0,0.0,0.0,0.0,0.0,0.0,0.0,0.0,0.0,9.843074016418917,0.0,0.0,0.0,0.0,0.0,0.0,0.0,0.0,0.0,6.608783049206857e-05,0.0,0.0,0.0,0.0,0.0,0.0,0.0,0.0,0.0,0.0,0.0,0.0,0.0,0.0001711912079450729,0.0,1,STAD
TCGA-D7-6817-01,0.2094807423620792,0.0,0.02295577368171912,0.0,0.0,0.47200725029139257,0.0,0.0,0.0,0.0,0.0,0.0,0.0,0.0,1.7134431669890202,0.4577909748040122,0.0,0.09905386443123396,0.0,0.0,0.0,0.0,0.0,0.0,0.0,0.0,0.0,0.0,0.0,0.0,0.0,0.0,0.0,0.0,0.0,0.0,0.0,0.0,0.680858191223795,0.0,0.0,0.0,0.0,0.0,0.0,0.0,0.0,0.0,0.0,0.0,0.0,0.0,0.0,0.0,0.0,0.0,0.0,0.0,0.0,0.0,0.0,0.0,0.0,0.0,0.0,0.15541337515296785,0.0,0.0,0.8385929680528529,0.009024509470540232,0.0,0.0,0.0,0.0,0.0,0.0,0.0,0.0,0.22428808749633708,0.0,0.0,0.0,0.0,0.10173566866510815,0.0,0.21635975231379545,0.0,0.0,0.0,0.0,0.0,0.0025660399810622757,0.0002127537423935862,0.0,0.0,0.0,0.0,0.0,0.0,0.0,1,STAD
TCGA-D7-6818-01,1.1756459774546828,0.0,0.0,0.0,0.0,0.0,0.0,0.0,0.0,0.0,0.0,0.0,0.0,0.0,0.0,0.0,0.0,0.0,0.0,0.0,0.0,0.0,0.024463271621580428,0.2043823654987876,0.0030337240345193577,0.0,0.0,0.0,0.0,0.0,0.0,0.0005022562511366593,0.0,0.0,0.0,0.0,0.0,4.996384225222975e-05,0.0,0.0,0.0,0.0,0.003273690546167836,0.0,0.0,0.0,0.0019973014652379267,0.0,0.0,0.0,0.0,0.0,0.06854210469599833,0.0,0.0,0.0,0.0,0.0,0.002849575032756741,0.0,0.0,0.0,0.0,0.0,0.0,0.055501845604201,8.639793746457286,0.0,0.0,0.0,0.0,0.0,0.0,0.0,0.0,0.0,0.0,0.0,0.0,0.0,0.0,0.0,0.0,0.0,0.0,0.001576588988753877,0.0,0.0,0.0,0.0,0.0,0.0,0.0,0.0,0.0,0.0,0.0,0.0,0.0,0.0,1,STAD
TCGA-D7-6820-01,0.7177119832345846,0.0,0.001146734110146724,0.0,0.0,0.0,0.0,0.0,0.0,0.0,0.0,0.0,0.0,0.0,0.0,0.10126428804011574,0.0,0.0,0.0,0.0,0.0,0.0,0.0,0.0,0.0,0.0,0.0,0.0,0.0,0.0,0.0,0.018392589223239452,0.0,0.0,0.0,0.0,0.0,0.0,0.0,0.0,0.0,0.0,0.0,0.0,0.0,0.0,0.0,0.0,0.0,0.0,0.0,0.0,0.00746935609345363,0.0,0.0,0.0,0.0,0.0,0.0,0.0,0.0,0.0,0.0,0.0,0.0,0.0,0.0,0.0,0.0,0.0,0.0,0.0,0.0,0.0,0.0,0.0,0.0,0.0,0.0,0.0,0.0,4.230117334392648,0.0,0.0,0.0,0.0,0.0,0.0,0.0,0.0,0.012016369364459677,0.0,0.0001235399689977284,0.0,0.0,0.0,0.0,0.0,0.0,0.0,1,STAD
TCGA-D7-6822-01,0.5385229177666504,0.0,0.0004215263686891328,0.0,0.0,0.02710132165048292,0.0,0.0,0.0,0.0,0.0,0.0,0.0,0.0,0.0,0.027588605612061452,0.0,0.0,0.0,0.0,0.003810436748911827,0.0,0.0,0.0,0.0,0.0,0.0,0.0,0.0,0.0,0.0,0.0,0.0,0.0,0.0,0.0,0.0,0.0,0.0,0.0,0.0,0.0,0.0,0.0,0.0,0.0,0.0,0.0,0.0,0.001864558068481596,0.0,0.0,0.05692190939593645,0.0,0.0,0.0,0.0,0.0,0.0,0.0,0.0,0.0,0.0,0.0,0.0,0.0,0.0,0.0,0.0,0.0,0.0,0.0,0.0,0.0,0.0,0.0,0.0,0.0,0.0,0.0,0.0,0.0,0.0,0.0,0.0,0.0,0.0,0.0,0.017244514445935007,0.0,0.0,0.0,2.2561454580586418,0.0,0.0,0.0,0.0,0.0,0.0,0.0,1,STAD
TCGA-D7-8570-01,1.3935331257260686,0.0,0.0,0.0,0.0,0.0,0.0,0.0,0.0,0.0,0.0,0.0,0.0,0.0,0.0,0.0021472090182128164,0.0,0.0,0.0,0.0,0.0,0.0,0.0,0.0,0.0,0.0,0.0,0.0,0.0,0.0,0.0,0.0,0.0,0.0,0.0,0.0,0.0,0.0,0.0,0.0,0.0,0.0,0.15698195104400453,0.0,0.03339070498775065,0.0,0.03586758349685691,0.0,0.0,0.0,3.4673299252842624,0.0,0.0,0.0,0.0,0.0,0.0,0.0,0.0,0.0,0.0,0.0,0.000671219730753766,0.0,0.0,0.0,0.0,0.0,0.0,0.0,0.0,0.0,0.0,0.0,0.0,0.0,0.013795562670662126,0.0,0.0,0.0,0.0,0.0,0.0,0.0,0.0,0.0,0.00046925104165720726,0.0,0.0,0.0,0.0,0.0,0.0,0.0,0.0,0.0,0.0,0.0,0.0009112839101879753,0.0,1,STAD
TCGA-D7-A4YX-01,0.5629981129020516,0.0,0.0,0.0,0.0,0.0,0.0,0.0,0.0,0.0,0.0,0.0,0.0,0.0,0.0,0.0,0.0,0.0008043141799732077,0.0,0.0,0.0,0.0,0.0,0.0,0.0,0.0,0.0,0.0,0.0,0.0,0.0,0.0,0.0,0.00841069138215553,0.0,0.0,0.0,0.0,0.0,0.0,0.0,0.0,0.0,0.0,0.0,0.0,0.0,0.0,0.0,0.0,0.037276979651371805,0.0,0.0,0.0,0.0,0.0,0.0,0.0,0.0017833948081950248,0.0,0.0,0.0,0.0,0.0,0.0,0.0,0.009013172259160384,0.0,0.0,0.0,0.0,0.0,0.0,0.0,0.0,0.0,0.0,0.0,0.0,0.0,0.0,0.0,0.0,0.0,0.0,0.0,0.0,0.0,0.0,0.0,0.0,0.0,0.0,0.0,0.0,0.0,0.0,0.0,3.5257309437408595,0.0,1,STAD
TCGA-F1-6177-01,0.5710465766300181,0.0,0.0,0.0,0.0,0.0,0.0,0.0,0.0,0.013957156562835643,0.0,0.0,0.0,0.0,0.0,0.0,0.0,0.0,0.0,0.0,0.0,0.0,0.0,0.15621703006601848,0.0,0.0,0.0,0.0,0.0,0.0,0.0,0.0,0.0,0.0,0.0,0.0,0.0,0.0,0.0,0.0,0.010639836415331332,0.0,0.0,0.0,0.0,0.0,0.0,0.0,0.0,2.7166685599565557,0.0,0.0,0.0,0.0,0.0,0.0,0.0,0.0,0.0,0.0,0.0,0.00011829430006205122,0.0,0.0,0.0,0.0,0.0,0.0,0.0017927813460075904,0.0,0.0,0.0,0.004430664248066802,0.0,0.0,0.0,0.0,0.0,0.0,0.0,0.0,0.0,0.0,0.0,0.0,0.0,0.0,0.0,0.0,0.0,0.0,0.0,0.0,0.0,0.0,0.0,0.0,0.0,0.0,0.0,1,STAD
TCGA-F1-6874-01,1.103391382260337,0.0,0.0,0.0,2.0836671174863666,0.0,0.0,0.0,0.0,0.0,0.0,0.0,0.0,0.0,0.0,0.0,0.0,0.0,0.0,0.0,0.0,0.0,0.0,0.0,0.0,0.0,0.0,0.12143356619249912,0.0,0.0,0.025836585309417133,0.0,0.0,0.0,0.0,0.0,0.0,0.0,0.0,0.0,0.0,0.0,0.04010631455596147,0.0,0.0,0.0,0.0,0.0,0.0,0.0,0.0,0.0,0.02457066117435599,0.0,0.0,0.0,0.0,0.0,0.04006993429323454,0.0,0.0,0.0,0.0,0.0,0.0,0.0,0.0,0.0,0.0,0.0,0.0,0.0,0.0,0.0,0.0,0.0006909405953545895,0.0,0.0,0.0,0.0,0.0,0.03742295013039094,0.0,0.0,0.0,0.0,0.0,0.0,0.0,0.0,0.0,0.0,0.0,0.0,0.0,0.0,0.0,0.0,0.0,0.0,1,STAD
TCGA-F1-6875-01,4.091986543730164e-05,0.0,0.0,0.0,0.0,0.00020344882487149433,0.0,0.0,0.0,0.0006408412893640395,0.0,0.002909781927459658,0.0,0.8581902064416632,0.0,0.0,0.0,0.0,0.0,0.0,0.0,0.0,0.0,0.0,0.0,0.0,0.0,0.0,0.0,0.0,0.0,0.0,0.0,0.0,0.0,0.0,0.0,0.0,0.0,0.0,0.0,0.0,0.0,0.0,0.0,0.0,0.0,0.0,0.0,0.0,0.0,0.0,0.0,0.0,0.0,0.0,0.0,0.0,0.0,0.0,0.012819131654515422,0.0,0.0,0.0,0.0,0.0,0.0,0.0,0.0,0.0,0.0,0.0,0.0,0.0,0.0,0.0,0.0,0.0,0.0,0.0,0.0,0.0,0.0,0.0,0.0,0.0,0.0,0.048234028612945956,0.0,0.0,0.0,0.0,0.0,0.0,0.0,0.0,0.0,0.0,0.0,0.0,1,STAD
TCGA-FP-7998-01,1.483101910793314,0.022944142843946486,0.0,3.5703533623031976,0.0,0.0,0.0,0.0,0.0,0.0,0.0,0.0,0.2590229779370621,0.0,0.0,0.0,0.0,0.0,0.0,0.0,0.0,0.0,0.03891375972527008,0.0,0.0,0.0,0.0,0.0,0.0,0.0,0.0,0.0,0.0,0.0,0.0,0.0,0.0,0.0,0.0,0.0,0.0,0.0,0.0,0.0,0.0,0.0,0.0,0.0,0.0,0.0,0.3331720888234626,0.0,0.0,0.0,0.0,0.0,0.0,0.0,0.04693859851652325,0.0,0.0,0.0,0.0,0.0,0.0,0.0,0.0,0.0,0.0,0.0,0.0,0.0,0.0,0.0,0.0,0.0,0.0,0.0,0.0,0.0,0.0,0.0,0.0,0.0,0.0,0.0,0.0,0.0,0.0,0.0,0.0,0.0,0.0,0.056051414640804244,0.0,0.0,0.0,0.0,0.0,0.000802203478062454,1,STAD
TCGA-HF-7136-01,0.7338130704883833,0.0,0.0,0.0,0.0,0.0,0.0,0.0,0.0,0.0,0.0,0.0,0.0,0.0,0.0,0.0,0.0,0.0,0.0,0.0,0.0,0.0,0.0,0.07420893222957729,0.07079251796820059,0.0,0.02853809398774653,0.14023704911881177,0.0,0.0,0.01763524914750574,0.0,0.0,0.0,0.0,0.0,0.0,0.0,0.0,0.0,0.0,0.0,0.00620835383751607,0.0,0.0,5.839204283769668,0.0,0.0,0.0,0.0007680478609731221,0.0,0.0,0.00033608072435799784,0.0,0.0,0.0,0.0,0.0,0.00023419703833434894,0.0,0.0,0.0,0.0,0.0,0.0,0.0,0.0,0.0,0.0,0.0,0.0,0.0,0.0,0.0,0.0,0.0,0.0,8.21456934575123e-05,0.0,0.0,0.0,0.0,0.0,0.0,0.0,0.0,0.0,0.0,0.0,0.0,0.0,0.0,0.0,0.0,0.0,0.0,0.0,0.0,0.00035329292128345047,0.0,1,STAD
TCGA-HU-8608-01,0.7052408274990585,0.0,0.0,0.0,0.0,0.0,0.0,0.0,0.0,0.0,0.0,0.0,0.0,0.0,0.0,0.0,0.0,0.0,0.0,0.0,0.0,0.0,0.0,0.0,0.0,0.0,0.0,0.0,0.0,0.0,0.0,0.0,0.0,0.0,0.0,0.0,0.0,0.0,0.0,0.0,0.0015386549310870802,0.0,0.0,0.0,0.0,0.0,0.12393221629063757,0.0,0.0,0.0,0.0,0.0,0.01577103401074036,0.0,0.0,0.0,0.0,0.0,0.5796104225477534,0.0,0.0,0.0,0.0,0.0,0.0,0.005602140361751053,0.0,0.0,0.0,0.0,0.0,0.0,0.0,0.0,0.0,0.0,0.0,0.0,0.0,0.0,0.0,0.0,0.0,0.0,0.0,0.0,0.0,0.0,0.0,0.0,0.0,0.0,0.0,0.0,0.0,0.0,0.0,0.0,0.0,0.0,1,STAD
TCGA-HU-A4G6-01,0.17593543651385032,0.0,0.0,0.0,0.0,0.0,0.0,0.0,0.0,0.0,0.0,0.0,0.0,7.97334462590172e-05,0.0,0.0,0.0,0.0,0.0,0.0,0.0,0.0,0.0,0.0,0.0,0.0,0.0,3.318168772074791e-05,0.0,0.0,0.0,0.0,0.0,0.0,0.0,0.0,0.0,0.0,0.004588334304847755,0.0,0.0,0.0,0.0,0.0,0.0,0.0,0.0,0.0,0.0,0.00026217128824552826,0.0,0.0,3.9937151095088264,0.0,0.0,0.0,0.0,0.0,5.6016624548113076e-05,0.0,0.0,0.0,0.0,0.0,0.0,0.0,0.0,0.0,0.0,0.0,0.0,0.0,0.0,0.0,0.0,0.0,0.0,0.0,0.0,0.0,0.0,0.00047843055855108756,0.0,0.0,0.0,0.0,0.0,0.0,0.0,0.0,0.0,0.0,0.0,0.0,0.0001542251957976419,0.0,0.0,0.0,0.0,0.0,1,STAD
TCGA-HU-A4H0-01,0.34615579738201363,0.0,0.0,0.0,0.0,0.0,0.0,0.0,0.010112929060510454,0.0,0.0,0.0,0.0,0.0,0.0,0.0,0.0,0.0,0.0,0.0,0.0,0.0,0.0,0.0,0.008615221223022164,0.0,0.0,0.0,0.0,0.0,0.0,0.0,0.0,0.0,0.0,0.0,0.0,0.0,0.0,0.0,0.0,0.0,0.003402190209194882,0.0,0.0,0.0,0.0,0.0,0.0,0.0,0.0,0.0,0.0,0.00022953538935498402,0.0,0.0,0.0,0.0,0.0,0.0,0.0,0.0,0.0,0.0,0.0,0.0,0.0,0.0,0.0,0.0,0.0,0.0,0.0,0.0,0.0,0.0,0.0,0.0,0.0,0.0,0.001474805579577883,0.0,0.0,0.0,0.0,0.0,0.0,0.0,0.0,0.0,0.0,0.0,0.0,0.0,0.0,0.0,0.0,0.0,0.0479463796999145,0.37836700430852627,1,STAD
TCGA-IN-7806-01,0.8492569605478704,0.0,0.0,0.0,0.0,0.026853457911563777,0.0,0.0,0.02048452517509654,0.0,0.0,0.09064953460269204,0.0,0.0,0.0,0.0013351039208528731,0.0,0.0,0.0,4.227678010932427,0.0,0.0,0.0,0.0,0.0020330308146688084,0.0,0.0,0.0028355248719548853,0.0,0.0,0.0,0.0,0.0,0.0,0.0,0.0,0.0,0.0,0.0,0.0,0.0,0.0,0.0,0.0,0.0,0.0,0.0,0.0,0.0,0.0,0.0,0.0,0.0,0.0,0.0,0.0,0.0,0.0005276591444734952,0.00012854783834310591,0.0,0.0,0.0,0.0,0.0,0.0,0.0,0.0,0.0,0.0,0.0,0.0,0.0,0.0,0.0,0.0,6.425451340882542e-05,0.0,0.0,0.0,0.0,0.0,0.0007878015588389573,0.0,0.0,0.0,0.0,0.0,0.0,0.0022328223486138884,0.0,0.0,0.0,0.0,0.0,0.00029432227178807736,0.0,0.0,0.0,0.0,0.00793561100519044,1,STAD
