,0,1,2,3,4,5,6,7,8,9,10,11,12,13,14,15,16,17,18,19,20,21,22,23,24,25,26,27,28,29,30,31,32,33,34,35,36,37,38,39,40,41,42,43,44,45,46,47,48,49,tumor,project
TCGA-F1-6874-01,3.1171482234985976e-07,0.7433449186118724,0.0,0.02480875847753933,0.1843664182579537,0.0,0.0026019689008573623,0.0,0.0,0.0,0.0,0.0,0.0,0.0,0.0,1.4236517498765018e-10,0.0,2.770745585033011e-11,0.0,2.9169595699052967e-09,0.0,0.0,0.15729306109623442,0.00017191658957601088,0.014803854790092457,0.008671966591916443,1.3357304728050554e-09,0.0,0.0,0.0,9.255866807522138e-05,0.0,2.760231383303055e-08,0.0,0.0,0.0,0.0,0.0,0.0,5.9759080901446225e-09,8.826904933303399e-08,2.553741047975773e-07,0.0,0.0,0.07937282909652031,0.0,0.0,0.0,0.0,0.0,1,STAD
TCGA-CG-5719-01,0.47129055385299584,0.5325756333599257,0.0,0.0,0.0019918096237220516,0.0,0.0,0.0,0.0,0.0,0.0,0.0,0.0,0.0,0.0,0.0,0.0,1.4401560507112355e-11,0.0,2.1281280728146575e-09,0.0,0.04040096008385393,0.24291796807071003,0.0002976067289379562,0.07189357711779357,0.01903555498513103,4.247703588797527e-09,0.0015882786988788194,0.0,0.0,0.0001298175958662189,0.0,2.0463417552608884e-08,0.0,0.0,0.0,0.0,0.0,0.0,1.9306902101957734e-08,0.0,0.0,0.0,0.0,0.2711448005797173,0.0006304232110602178,0.0,0.0,0.0,0.0,1,STAD
TCGA-CG-4477-01,2.606757102432334e-05,0.06013145451538797,0.48079559962228424,0.0,0.28065186418583576,0.2876865171110709,0.0,0.0,0.0,0.3065319694437552,0.0,0.0,0.0,0.0,0.0,0.0,0.0,0.0720842720720247,0.0,0.0,0.0,0.0,0.2041359451949156,7.716451422109101e-05,0.0,0.0,0.0,0.0,0.0,0.0548097503834889,0.0,0.37453101325012983,0.0,0.0,0.0,0.0,0.09222700522079326,0.0,0.0,0.0,5.870135588882177e-06,1.2044570034087197e-05,0.0,0.0,0.0,0.0,0.0,0.0,0.0,0.0,1,STAD
TCGA-CG-5725-01,0.0,0.00790673212234633,0.2065931880732108,0.0,0.2597206707336453,0.09505538842144029,0.4163808299220594,0.0,0.0,0.0,0.0,0.0,0.0,0.0,0.12160119599468745,0.0,0.0001965533493399826,0.03509657875613667,0.0,0.03845813805609111,0.6782538878371174,0.0,0.0,0.20185152910155987,0.0,0.0,0.2799585641789994,0.0,0.004485561316785255,0.0,0.0,0.0,0.0,0.0,0.005613191533161347,0.0,0.0007074436309204675,0.0,0.0,0.0,0.0,0.20725402908855797,0.2711381886767386,0.0,0.0,0.0,0.19205947084976246,0.0,0.0,0.0009545221008903395,1,STAD
TCGA-BR-4280-01,0.0,0.10939146112920013,0.0,0.0,0.0,0.0,0.0,0.0,0.0,0.0,8.214615731422009e-16,0.0,0.0,0.0,0.0,0.0,0.0,0.0,0.0,0.0,0.0,0.0,0.0,1.0014217006364283e-05,1.0,0.10748837531104312,0.0,0.0,0.0,0.0,0.0,0.07806563212102863,0.0,0.0,0.0,0.0,0.0,0.0,0.0,0.0,0.0,0.0,0.0,0.0,0.0,0.0,0.0,0.0,0.0,0.0,1,STAD
TCGA-BR-6707-01,0.0,0.0,0.9999999999999999,0.0,0.0,0.0,0.0,0.0,0.0,0.0,0.0,8.904593896174472e-08,0.0,0.0,0.0,0.0,0.0,0.0,0.0,0.0,0.0,0.16245572598096392,0.0,0.0,0.07448642392423299,0.27660430294218746,0.0,0.0,0.0,0.0,0.0,0.0,0.12792542445268343,0.0,0.0,1.0,0.0,0.0,0.0,0.0,0.0,0.0,0.0,0.0,0.0,0.0,0.0,0.0,0.0,0.0,1,STAD
TCGA-CG-4466-01,0.0,0.077848162482879,0.5297344502876455,0.017742992523946143,0.0,0.05246967655757507,0.0,0.0,0.0,0.18666910306308812,0.0,0.0,0.0,0.0,0.0,0.0,0.0001678433929650771,0.035238953013123214,0.0,0.0,0.5207933089525829,0.0,0.08041367832260614,0.5156881169302988,0.0,0.0,0.0,0.0,0.0,0.0,0.00016872282777606766,0.975340191991216,0.0,0.0,0.0,0.0,0.0,0.0,0.0,0.20194536514314473,0.0,0.0,0.0,0.0,0.0,0.0,0.3854488292077772,0.0,0.0,0.0,1,STAD
TCGA-CG-4444-01,0.0,0.0,0.0,0.0,0.0,1.0,0.0,0.0,1.8647846025044312e-08,1.0,0.0,0.0,0.0,0.0,0.0,0.0,0.0,0.0,0.0,0.0,0.0,0.16688565416231377,0.0,0.0,0.0,0.0,0.0,0.003283665495068801,0.0,0.0,0.0,0.0,0.0,0.0,0.0,0.0,0.0,0.0,1.0,0.0,0.0,0.0,0.0,0.0,0.0,0.0,0.0,0.0,0.0,0.0,1,STAD
TCGA-CG-4442-01,0.0,0.033857705524203495,0.0,0.03579373879183179,0.4733484038045921,0.0,0.006777721766739771,0.0,0.00028763295407277723,0.0,0.0,0.0,0.0,3.916752410764703e-05,0.0,0.0,0.0,0.3537798254662805,0.0,0.0,0.4078096189569741,0.0,0.0,0.26812381910926814,0.0,0.0,0.0,0.0,0.00727576629519095,0.0,0.0,0.0,0.0,0.0,0.0,0.0,0.1103187451501182,3.69877399702319e-05,0.059398924882476445,0.25927879761330797,0.0,0.0,0.13205732218762203,0.0,0.0,0.0,0.0,0.0,0.0,0.0,1,STAD
TCGA-CG-4436-01,1.1187333270929849e-07,0.2815062663915265,0.0,0.01844326751127928,0.0680720884580891,0.0,0.0009603462036552413,0.0,0.0,0.0,0.0,0.0,0.0,0.0,0.0,4.0676893969310254e-11,4.312425988138633e-10,1.0283284565731326e-11,2.056657454615682e-09,1.0827712220284582e-09,0.0,0.0,0.0,2.548626744222254e-05,0.732190132279557,0.078699809798108,0.0,0.0,0.0,4.480479987111402e-10,0.0,0.0,1.0252655629486322e-08,0.0,0.0,0.0,0.0,0.0,0.0,0.0,3.7023262231892055e-08,7.84587447990929e-08,0.0,0.0,0.0,0.0,0.0,0.0,0.0,0.0,1,STAD
TCGA-D7-6815-01,0.2877709524882511,0.15869421476557952,0.0,0.0,0.3442371584957722,0.0004326663973106265,0.7216988324324625,0.014311567064430635,5.1843612769328e-05,0.0,1.8893366650430381e-06,6.461446800524229e-11,0.0,0.0,0.0,0.0,0.0,0.0,0.0,0.0,0.21738692710287344,0.006724525288932753,0.24678038115414308,0.21810186244301294,0.10443255496609122,0.0,0.0,0.0,0.0,0.0,0.0,0.0,0.0,0.0,0.010140316528747546,0.0,0.0018860802072985074,0.0,0.0,0.0,0.0,0.2630428039661831,0.0,0.0,0.0,0.0,0.0,0.0,0.0,0.0018395172239552482,1,STAD
TCGA-CG-4476-01,7.116876700864173e-05,0.0,0.0,0.0,1.0,0.0,0.0,0.0,0.0,0.0,0.0,0.0,0.0,4.7779230706296e-07,0.0,0.0,0.0,0.0,1.3742816141327997e-06,0.0,0.0,0.0,0.0,0.0,0.0,0.0,0.0,0.0,0.0,3.9734164165802994e-07,0.0,0.0,4.316508114713489e-06,0.0,0.0,0.0,0.0,1.8292315217989765e-05,0.0,0.0,1.6572733745773653e-05,5.866860016226545e-05,0.0,0.0,0.0,0.0,0.0,0.0,0.0,0.1759532484009756,1,STAD
TCGA-BR-6458-01,0.0,0.0,0.0,0.0,0.641723057060478,0.02909112693904912,0.0,0.7036138757406503,0.0,0.2593355388103949,2.5154367607497788e-06,0.0,0.0,0.0,2.2875384436308434e-05,0.0,0.0,0.0315980815751903,0.0,0.07352653712425357,0.0782196580954782,0.0,0.09566776830739765,0.0,0.0,0.0005305516153993614,0.0,0.0,0.0,0.0,0.0,0.0,0.0,0.0,0.0,0.0,0.32608052181305613,0.0,3.2464338912381624e-07,0.0,0.0,0.8274763298425424,0.33484266648611233,0.09936257480587855,0.0,0.008484665604369602,0.00022778577367045183,0.0,0.0,0.0,1,STAD
TCGA-BR-8486-01,0.1321182574442263,0.11095765253219803,0.0,0.0,0.5950620665876081,0.0,0.00643385064365528,0.0,0.0,0.0,0.0,0.0,0.0,0.0,0.0,0.0,3.991568277883074e-09,8.553786691612089e-10,0.0,0.19169558191747185,0.11723503095977228,0.00011030232745423188,0.14665034175697889,0.11765318835082089,0.07750657433007417,0.01674293742925394,0.0,0.000512319908147847,0.0,0.0,8.297356139471471e-05,0.0,1.4459717209867266e-06,0.0,0.0,0.0,0.0,0.0,0.0,0.0,0.0,0.0,0.0,0.0,0.0,0.0011332065587502248,0.0,0.0,0.0,0.0,1,STAD
TCGA-CD-5803-01,3.5620881795201656e-06,0.04636770237865548,0.0,0.7566363149427395,0.18206733629027574,0.0,0.002017886067903969,0.0,0.0,0.0,0.0,0.0,0.0,0.0,0.0,1.8266568921010673e-09,5.429031075229106e-09,1.0561465570586286e-09,4.297980362938738e-07,0.05891885257754849,0.0,0.0,0.0,3.2082915191778567e-06,0.0,0.0,0.0,0.0,0.0,1.4058983551134798e-08,0.0,0.0,4.319931719094777e-07,0.0,0.0,0.0,0.0,1.5932022000344285e-06,0.0,0.20888816632291154,0.0,0.0,0.0,0.0,0.0,0.0,0.0,0.0,0.0,0.0,1,STAD
TCGA-D7-6528-01,3.322638993018054e-05,0.2263116821277818,0.0,0.1872191075328924,0.3876043110268439,0.053084596818584656,0.0,0.0,0.0,0.06197405111824365,0.0,0.0,0.0,0.0,0.0,0.0,1.8873127470866345e-09,2.836129190223713e-09,0.0,6.566028683498169e-08,0.0,0.0,0.6227067457899803,0.00024458429080364543,0.0,0.0,0.0,0.0,0.0,0.0,0.0003271562091212551,0.0,0.0,0.0,0.0,0.0,0.0,0.0,0.0,7.477875323946018e-09,9.256796950241879e-06,2.3328887849614135e-05,0.0,0.0,0.0,0.0,0.0,0.0,0.0,0.0,1,STAD
TCGA-BR-4201-01,0.0,0.0,0.0,0.0,0.05049175141736156,0.0,0.0055746457440905076,0.0,0.0,0.0,0.0,9.133828407990826e-08,1.0,6.929604913742294e-05,0.0,0.0,0.0,0.0,0.0,0.0,0.3969846879992666,1.6662277476708147e-12,0.0,0.0,0.0,0.0,0.0,0.0,0.003122200516801019,0.0,0.0,2.1279469741698614e-06,0.0,0.0,0.0,0.0,0.0,0.00014733369926520242,0.24300603539428617,0.0,0.0,0.0,0.0,0.07641031368851084,0.0,0.0,0.0,0.0,0.0,0.0,1,STAD
TCGA-CG-4465-01,0.7707360840696083,0.08980504395792233,0.0,0.0024900793658098517,0.0038433787942201876,0.0,0.0,0.0,0.05299424917779276,0.0,0.0,0.0,0.0,0.0,0.03581595109888515,0.0,0.0,0.0,0.10516428434008161,0.0,0.11179203169347553,0.052431823427874974,0.4822356719995245,0.10255594893767248,0.0355139922822029,0.010759414439938152,0.0,0.0,0.0,0.0,0.00024397644908369669,0.0,0.0,0.2995451330479091,0.0,0.0,0.0,0.0,0.0,0.0,0.13858740603494057,0.7150675525334143,0.0,0.0,0.41536459733019404,0.0,0.0,0.0,0.0,0.0,1,STAD
TCGA-BR-8373-01,0.18106467066132942,0.057395045179134886,0.0,0.0,0.0008137766292577953,0.0,0.0,0.0,0.0,0.0,0.0,0.0,0.0,0.0,0.4878403995769871,0.0,0.0,0.0,0.0,0.08254787912766719,0.0374081920035268,0.03700327860658639,0.1249715835140833,0.03400851906187623,0.05047800955955389,0.0,1.0,0.0,0.0,0.0,0.00016642953980724356,0.0,0.0,0.0,0.0,0.0,0.0,0.9999999999999999,0.0,0.0,0.0,0.0,0.0,0.0,0.5579560735859909,0.0,0.0,0.0,0.0,0.0,1,STAD
TCGA-BR-4256-01,0.0005066996573549963,0.06379663996760705,0.0,0.0,0.03732171926003975,0.2462274128063349,0.0,0.0,0.0,0.3276184378194932,0.0,0.0680475276123935,0.0030904897602371324,0.0,0.0,0.0,0.0,0.03400927232424748,0.0,0.0,0.20174257556853614,0.0,0.11563231288095342,0.17147325023561955,0.009490365033041823,0.484565100379873,0.0,0.0,0.0,0.0,0.0006670240648092627,0.9495361971779266,0.5734961052628814,0.0,0.0,0.15301332410193252,0.21699159689322298,0.4472902636847602,0.0,0.0,0.00015835878176767383,0.3173076356888821,0.0,0.8982535175211579,0.0,0.0,0.0,0.0,0.0,0.0,1,STAD
TCGA-BR-6565-01,6.20122588876542e-05,0.10638623815054922,0.06075516003481939,0.0,0.2247287500912706,0.18459287896590276,0.0,0.0,0.0,0.0,0.0,0.0,0.0,0.0,0.09439315688666124,0.0,0.0,0.057717424848712104,0.0,0.08959811920381147,0.5731260686663466,0.0,0.0,0.5745651449106081,0.0,0.0,0.0,0.0,0.0,0.0,0.0,0.0,0.0,0.0,0.0,0.0,0.0,0.0,0.0,0.0,0.0,0.0,0.0,0.0,0.48183337607508236,0.0,0.33151734810564754,0.0,0.0,0.0,1,STAD
TCGA-D7-6520-01,0.0,0.14625937928144206,8.753920583262973e-10,0.08181869721499349,0.5688480378939121,0.0005387489105486492,0.8845339391653383,0.004768760141490335,0.0,0.0,2.1647573251813935e-06,0.0,0.0,0.0,0.0,0.0,0.0,0.0,0.0,0.05697780361981442,0.0,0.0,0.2971487075792346,0.00011384324724128982,0.0,0.0,0.0,0.0,0.0,0.0751368917131436,0.0,0.0,0.0,0.0,0.012352193523735674,0.0,0.19244322243063083,0.0,0.0,0.0,0.0,0.4102746384100158,0.0,0.0,0.0,0.0,0.0,0.0,0.0,0.0021980134014115476,1,STAD
TCGA-HU-A4H0-01,0.0,0.5136970114493438,0.0,0.0,0.0,0.0,0.0,0.0,0.0,0.0,0.0,0.0,0.0,0.0,0.0,0.0,0.0,0.0,0.0,0.0,0.0,0.0,0.0,0.000582126074888845,0.25576444830900646,0.07352880666448593,0.0,0.0,0.0,0.0,0.0,0.0,0.0,0.6915077792153073,0.0,0.0,0.0,0.0,7.45955337423438e-08,1.0,0.0,0.0,0.0,0.0,0.820149528643668,0.0,0.0,0.0,0.0,0.0,1,STAD
TCGA-CG-5730-11,2.0022202992596746e-06,0.039154568457646116,0.022212676613922455,0.0,0.27584770102036554,0.0,0.003464494476308209,0.0,0.0,0.0,0.0,0.0,0.0,0.0,0.0,7.196476285264794e-10,0.0,0.053099120540847936,0.0,0.0,0.14118300129348185,0.0,0.2993270771227369,0.1418881640132577,0.42833750708497154,0.0614427473049398,0.18422515151605565,0.0,0.0,0.0,0.00016782274763776106,0.0,0.0,0.0,0.0,0.0,0.0,0.0,0.0,0.0,6.314792585535639e-07,0.2834652092426798,0.0,0.0,0.12212758893837194,0.0,0.0,0.0,0.0,0.0,0,STAD
TCGA-BR-6705-01,0.0,0.02071702104215429,0.0,0.0,0.35972418326642674,0.07435090132108255,0.0,0.0,0.0,0.08963553108779354,0.0,0.1391258915805906,0.0,0.0,0.05660573978482598,0.0,0.1895016514336964,2.487885553079442e-09,0.0,0.1448654326220903,0.056584429422052315,0.0,0.22627625344620547,0.014848465295835021,0.16059118412084158,0.21147390171518318,0.34615419031029404,0.0,0.0,0.0,0.00013688182165724912,0.0,0.0,0.0,0.0,0.0,0.0,0.0,0.034231712819781955,0.0,0.1907309515592299,0.3416102493747123,0.0,0.0,0.0,0.0,0.0,0.0,0.0,0.0,1,STAD
TCGA-D7-6522-01,0.5912299074602297,0.014631668054180291,0.0,0.0,0.0024608939648689035,0.0,0.0,0.0,0.0,0.0,0.0,0.0,0.0,0.0,0.0,0.0,0.0,0.0,0.0,0.0,0.0,0.42481276349187563,0.22161696962310484,0.0001314600532054499,0.049425271623358066,0.026353200775083945,4.313856096124798e-09,0.0022204367581323426,0.0,0.0,0.00010602806287385853,0.0,0.0,0.0,5.6914559367984336e-05,0.0,0.0,0.0,0.0,0.0,0.0,1.0,0.0,0.0,0.2573188791051817,0.0002436770125534098,0.0,0.0,0.0,0.0,1,STAD
TCGA-CG-5722-01,0.8250734475950099,0.18255804647464144,0.0,0.0,0.0035727196753179164,0.0,0.0,0.0,0.0,0.0,0.0,0.0,0.0,0.0,0.0,0.0,2.5119505575569152e-09,0.0,0.0,0.0,0.0,0.22451542298968835,0.3935225065262639,0.00014361105844518584,0.05871630577433713,0.033942749027278375,0.0,0.0034583726715177675,0.0,0.0,0.00019564944640232558,0.0,0.0,0.16913214743807242,1.6982840646610263e-06,0.0,0.0,0.0,0.0,0.0,0.0,0.0,0.0,0.0,0.0,0.0015461433055151664,0.0,0.0,0.0,0.0,1,STAD
TCGA-CG-5717-01,0.0,0.15450135544745922,0.0,0.0,0.3348800146575151,0.038016291653816814,0.0,0.0,0.0,0.0699974473227068,0.0,0.0,0.0,0.0,0.0,0.0,0.0,2.4391574436251648e-09,0.0,0.05673236582398059,0.24698903922239476,0.0,0.1772617845826153,0.24788188524962781,0.256486296504158,0.1076519104172461,0.3637003648186909,0.0,0.0,0.0,0.00013657667918275243,0.0,0.0,0.12474273989032023,0.0,0.0,0.0,0.0,1.543869357348781e-08,0.0,0.0,0.0,0.0,0.0,0.0,0.00027432589134844515,0.0,0.0,0.0,0.0,1,STAD
TCGA-FP-7998-01,3.4181503284859673e-06,0.1886943907704451,0.0,0.0,0.0831910163900426,0.0,0.000600121046559122,0.0,0.0,0.0,0.0,0.24323028083617773,0.0,0.0,0.08376979686617825,0.0,0.04249973099390354,0.0,0.0,0.0,0.0,0.0,0.06381008206076925,0.0018073528574867879,0.0539785929981038,0.0,0.7322421465638149,4.849286710843742e-05,0.0,0.0,0.0002997607250481166,0.0,0.0,0.0,0.0,0.0,0.0,0.0,0.0,0.0,0.0,0.596585211295458,0.0,0.0,0.9235845181680097,0.0,0.0,0.0,1.0,0.0,1,STAD
TCGA-CG-4474-01,0.07317948002941929,0.0055555150236914486,0.0,0.5090876782760688,0.12791654925764825,0.0,0.0,0.6952606195271657,0.0009392742067396208,0.0,0.0,0.0,0.0,3.515127154307664e-05,0.036409135653682596,0.0,0.0,1.1362470220878128e-08,0.0,0.1489662667880945,0.1611616174164486,0.0,0.0,0.060325912600761596,0.018116673151755292,0.10217959621568774,0.09988271757196032,0.0,0.004056997257857869,0.0,0.0,0.0,0.0,0.0,0.0,0.0,0.08747415370082877,8.464898294960068e-06,0.05866347097824073,0.0,0.0,3.6207924898203615e-06,0.0,0.0,0.0,0.13153298289200555,0.0,0.0,0.0,0.03691152805645368,1,STAD
TCGA-BR-6456-01,0.0,0.06759807395822343,6.7169350652845506e-09,0.0,0.4024160276556636,0.02421334355450009,0.3583855102147547,0.6644761038976121,0.0,0.0,0.0,0.0,0.0,0.0,0.0,0.0,0.00018814433446570958,0.02646299507329276,0.0,0.21998319029926255,0.3444951047433918,0.0,0.0674077872689634,0.33677547457773055,0.10415596439870754,0.06934871626603753,0.0,0.0,0.015448656065604433,0.0,0.0,0.0,0.0,0.0,0.004680461502509472,0.0,0.00023735259543434785,0.0,0.0,0.0,0.0,0.0,0.3049076514377614,0.0,0.0,0.0,0.063261283719047,0.0,0.0,0.0008246390985021252,1,STAD
TCGA-BR-6564-01,0.0,0.454305553403721,0.0,0.0,0.06620486871763484,0.0,0.0011655670869268027,0.0,0.0,0.0,0.0,0.11084315736839709,0.0,0.0,0.0,0.0,0.03693007158408646,1.940922733724883e-10,0.0,0.0,0.038873276519292184,0.0,0.23418413815661326,0.021837191363253548,0.030028481525309358,0.03275142893840534,0.13397365162228758,0.0,0.0,0.0,0.0001295212604454845,0.0,0.0,0.25515144759502856,0.0,0.0,0.0,0.0,2.084970409711095e-08,0.0,0.0,0.0,0.0,0.0,1.0,2.3900908841781223e-05,0.0,0.0,0.0,0.0,1,STAD
TCGA-F1-6177-01,0.0,0.9353820418615283,0.0,0.016167090848030866,0.0,0.19572464265932304,0.0,0.0,0.0,0.19627912694288038,0.0,0.0,0.0,0.0,0.0,0.0,1.82534580639771e-09,0.0,0.0,0.0,0.0,0.0,0.052401753954803135,0.00010458859132124086,0.0,0.0,0.0,0.0,0.0,0.0,0.00014670938798848327,0.0,0.0,0.0,0.0,0.0,0.0,0.0,0.0,0.0,0.0,0.0,0.0,0.0,0.0,0.0,0.0,0.0,0.0,0.0,1,STAD
TCGA-BR-4255-01,0.0,0.054932200196168436,0.0,0.0,0.3979257235294673,0.0,0.0,0.5041970391324585,0.0,0.0,0.0,0.0,0.0,0.0,4.179321032586617e-06,0.4584923689575117,0.0,2.896279410181546e-09,0.0,0.0,0.026461200907705446,0.0,0.05509711124634975,0.021786355655694416,0.07867168582493159,0.049816292492542276,2.425868622073089e-09,0.0,0.002818413317764475,0.0,0.0,0.0,4.601261712456315e-06,0.0,0.0,0.0,0.0,5.732476316354898e-06,3.171424538802858e-07,5.347401315831081e-08,0.0,2.5756004637411615e-05,0.0,0.0,0.31834313249723867,0.007060686105144658,0.0,0.0,0.0,0.0,1,STAD
TCGA-CD-5799-01,1.2429836358408382e-06,0.0,0.0,0.02696693017456755,0.8934499684987636,0.0,0.012945700164612172,0.0,0.0,0.0,0.0,5.316967884955962e-12,0.0,0.0,0.0,8.309618516795514e-10,0.0,1.3862096768645215e-10,0.0,1.4595763778643996e-08,0.0,0.0,0.431517558556197,0.0,0.0,0.0,0.0,0.0,0.0,0.0,0.0002040749461815511,0.0,1.1026867207686021e-07,0.0,0.0,0.0,0.0,0.0,0.0,0.0,4.4055298213184934e-07,1.098870622569891e-06,0.0,0.0,0.0,0.0,0.0,0.0,0.0,0.0,1,STAD
TCGA-BR-4367-01,0.0,0.20075545248324914,0.0,0.018980493511899597,0.19333241566586606,0.0,0.0024587440634584374,0.0,0.0,0.0,0.0,0.0,0.0,0.0,0.0,0.0,0.0,0.0,0.0,0.0,0.06677337681017884,0.0,0.388795785680176,0.06803663440442073,0.23154737512965123,0.07484423679079985,0.41018733642951577,0.0,0.0,0.0,0.00021189513158625259,0.0,0.0,0.5195132918540434,7.915331788875646e-05,0.0,0.0,0.0,0.0,0.0,0.0,0.6649982898886797,0.0,0.0,0.19555310770234613,3.904996008531948e-05,0.0,0.0,0.0,0.0,1,STAD
TCGA-B7-5818-01,4.26001791950558e-05,0.01941332021325463,0.0,0.36424459469575077,0.49709136918421065,0.05406587170257857,0.0,0.0,0.0,0.0552074253845485,0.0,0.05756730201801176,0.0,0.0,0.0,0.0,0.15016021591839432,0.05077731093252113,5.792968000930329e-06,0.027472141901876194,0.0,0.0,0.0,1.4187685833956467e-06,0.01642985431091927,0.31274517664179313,0.0,0.0,0.0,0.0,0.0,0.07660666453295892,0.0,0.0,0.0,0.0,0.0,0.0,0.0,0.0,1.3437901610690685e-05,1.1500358432641957e-05,0.0,0.0,0.0,0.0,0.0,0.0,0.0,0.0,1,STAD
TCGA-BR-4279-01,0.05387008646511799,0.14111553121879727,0.0,0.03760385435213648,0.00031092004885146667,0.0,0.0,0.0,0.4562399858291161,0.0,0.0,0.0,0.0,0.0,0.0,0.0,0.0,0.0,1.0,0.0,0.0,0.46365387187927437,0.05964285264134891,3.3470655197394626e-05,0.14917130690031602,0.0186317882152922,0.0,0.0,0.0,0.0,3.71288144117878e-05,0.0,0.0,0.0,0.0,0.0,0.0,0.0,0.0,0.0,0.0,0.0,0.0,0.0,0.0,0.0,0.0,5.065525351630351e-05,0.0,0.0,1,STAD
TCGA-CG-5721-01,0.0,0.012449739970517706,0.03309112643011811,0.14095856982660698,0.4894979868689257,0.0,0.005909528390505595,0.0,0.0,0.0,0.0,0.0,0.0,0.0,0.0,0.0,0.0,0.09334063097090678,1.6955814361060035e-05,0.03865788775766293,0.03858655406149173,1.5894696940864644e-13,0.0,0.0005021224099104837,1.8536752170239025e-17,0.0,0.0,0.0,1.0,0.0,0.0,0.0,0.0,0.0,0.0,0.0,0.0,0.0,0.0,0.0,0.0,0.0,0.0,0.0,0.0,0.0,0.0,0.0968186615535423,0.0,0.0,1,STAD
TCGA-BR-7722-01,0.0,0.10815208002849373,0.0,0.0,0.0,0.1546920334260132,0.0,0.21533239406101645,0.00016636426440792978,0.05836233776722798,0.0,0.0,0.0,0.0,0.0,0.0,7.077222713566636e-05,0.0,0.0,0.0621035819025401,0.0,0.03764775570042971,0.0,0.00028312797371231617,0.0,0.0,1.49555326372262e-08,1.0,0.0,0.0,0.0,0.0,0.0,0.0,0.0013128457458692656,0.0,1.0,0.0,0.0,0.0,0.0,0.0,0.0,0.0,0.2733613429277457,0.0,0.10905570540107463,0.0,0.016007789544485094,1.0,1,STAD
TCGA-D7-6518-01,1.8152541932963747e-05,0.43047061992165364,0.0,0.0,0.21130868820919457,0.1371063610250185,0.0,0.0,0.0,0.16087407560373676,0.0,0.0,0.0,0.0,0.0,0.0,0.0,1.213663889725472e-09,0.0,0.0,0.04279744813838395,0.0,0.10483658566701626,0.036837742863137575,0.06428669417208856,0.22728027518598973,0.7716829214559832,0.0,0.0,0.0,0.00013465517765011965,0.070202869910982,0.0,0.0,0.0,0.0,0.0,0.0,0.0,5.1100019662905227e-08,5.557412632135499e-06,1.1370418761660376e-05,0.0,0.0,0.19131656593700608,0.0,0.0,0.0,0.0,0.0,1,STAD
TCGA-CG-5732-01,0.0,0.37847569912888174,0.0,0.0,0.12417399802887737,0.0,0.0019815610043471456,0.0,0.0,0.0,0.0,0.0,0.0,0.0,0.0,0.0,0.0,0.0,0.0,0.0,0.0,0.0,0.12465965948871409,0.0009453174570658668,0.4250438005496975,0.069460289549247,0.0,0.0002999433487167588,0.0,0.0,0.0002574052967313959,0.0,0.0,0.28735913735047075,0.0,0.0,0.0,0.0,0.0,0.0,0.0,0.0,0.0,0.0,0.11766047629777643,1.839700462591841e-05,0.0,0.0,0.6388067460485121,1.0118585936989693e-05,1,STAD
TCGA-D7-6822-01,1.6520472312954626e-06,0.08491569460232255,0.0,0.05587807616316235,0.053994798252283066,0.0,0.000488091615632114,0.0,0.0,0.0,0.0,0.0,0.0,0.0,0.0,3.795239773777613e-10,0.0,0.0,0.0,0.0,0.0,0.0,0.09836538721692005,0.000102390242848509,0.6490612439829669,0.07369379441257333,0.7153628970898793,0.0,0.0,0.0,7.140920499175952e-05,0.0,0.0,0.0,1.4817043610424393e-05,0.0,0.0,0.0,0.0,0.0,1.6480509754495266e-07,0.2666187753973898,0.0,0.0,0.09857599607474474,0.0,0.0,0.0,0.0,0.0,1,STAD
TCGA-BR-6457-01,0.0,0.0,0.13241518466620533,0.0,0.13617630547603538,0.0,0.005630273901533073,0.0,0.0,0.0,0.0,0.0,5.434204105539729e-06,0.0,0.20542017389441758,0.0,0.0,0.06289718673549728,0.0,0.0,0.2670131499333154,0.0,0.0,0.0,0.2766640014924615,0.002069380519640961,0.9214378054781474,4.673844472188404e-05,0.0,0.0,1.3807658714076907e-08,0.0,0.0,0.0,0.0,0.0,0.0,0.0,0.0,0.0,1.0,0.0,0.0,0.0,0.0,0.0,0.17736877515871705,0.0,0.0,0.0,1,STAD
TCGA-D7-6526-01,8.011298428376228e-08,0.07485158166994484,0.0,0.8299925741420995,0.04813213546799648,0.0,0.0006797556543108296,0.0,0.0,0.0,0.0,0.025731630113299587,0.0,0.0,0.0,3.203396716606968e-11,0.003871382320699931,5.371470919486351e-12,0.0,7.66627454640746e-10,0.0,0.0,0.09997657743898125,4.281857073010243e-05,0.0,0.0,0.0,0.0,0.0,0.0,4.9032070121723275e-05,0.0,0.0,0.0,0.0,0.0,0.0,0.0,0.0,0.0,2.2443660021292572e-08,0.0,0.0,0.0,0.0,0.0,0.0,0.0,0.0,0.0,1,STAD
TCGA-IN-7806-01,0.0,0.20413064042305093,0.06422400915085155,0.0,0.44049199581958964,0.0,0.0,0.2595189099312379,0.0,0.0,0.0,0.0,0.0,0.0,0.0,0.0,0.0,1.898426301523189e-09,0.0,0.0,0.09608833933346067,0.0,0.0,0.09532679534712629,0.10337420566761005,0.03315886941364284,0.4965746071442242,0.0,0.0013007945129405772,0.0,0.0,0.20725478396034694,0.0,0.0,0.0,0.0,0.0,0.0,1.3790140624793213e-07,0.0,1.5882104411172336e-05,0.7896191222873856,0.0,0.0,0.0,0.003904815963244299,0.06386658712299775,0.0,0.0,0.0,1,STAD
TCGA-CG-5723-01,0.0,0.0,6.942635163736093e-09,0.0,0.37983117342412387,0.0,0.0,0.0,0.0,0.0,9.846730521414076e-07,0.0,0.0,0.0,0.0,0.0,0.00019424091193901875,0.0,0.0,0.08551674221055997,0.3427374691365367,0.0,0.0,0.0,0.0,0.0,0.0,0.00010272307407639341,0.0,0.0,0.0,0.0,0.0,0.0,0.0,0.0,2.1293856641124492e-05,0.0,0.07297662687917367,0.0,0.0,0.23799645958890236,1.0,0.033226208440232774,0.0,0.0,1.0,0.0,0.0,0.0,1,STAD
TCGA-CG-4306-01,0.0,0.0,0.0,0.7253679789277261,0.0,0.0,0.0,0.0,0.1389528893890564,0.0,0.0,0.0,0.0,0.0,0.0,0.0,0.0,0.0,0.31278040528073947,0.0,0.0,0.1426708233242228,0.0,0.0,0.0,0.0,7.978856750136581e-10,0.0,0.0,0.0,0.0,0.5635399584720391,0.0,0.0,0.0,0.0,0.0,0.0,0.0,0.0,0.0,0.0,0.0,0.0,0.0,0.0,0.0,1.1356325138615615e-05,0.0,0.0,1,STAD
TCGA-B7-5816-01,0.0,0.014470183931931078,0.0,0.1274357271255806,0.7227605920782553,0.0006075728488318391,1.0,0.42274335614041414,0.0,0.0,2.410354794805399e-06,0.0,0.0,0.0,0.0,0.0,0.0,0.0,0.0,0.0,0.028349243525849843,0.0,0.15750652153419825,5.1449093020673624e-05,0.0,0.0,0.0,0.0,0.0,0.0,0.0,0.0,0.0,0.0,0.012874298374806886,0.0,0.002479522638440184,0.0,0.0,0.0,0.0,0.0,0.0,0.0,0.0,0.0,0.0,0.0,0.0,0.0025418099875868616,1,STAD
TCGA-CG-5726-01,2.6978294017536556e-05,0.43117128935332133,0.019543329778769592,0.0393673513251181,0.1666516085653714,0.0,0.02234830968034658,0.0,0.0,0.0,0.0,0.0,0.0,0.14388077304807745,0.0,0.0,0.0,4.331160890931966e-09,0.0,0.03842408709121261,0.0,0.0,0.5591660572197953,0.0,0.04785578905356922,0.016492307973186026,0.0,0.0,0.012567024344090193,0.0,0.0,0.0,0.0,0.0,0.0,0.0,0.0,0.0,0.0,0.0,0.0,0.0,0.16692734971401768,0.0,0.0,0.0,0.21003045236089543,0.0,0.37826562074634984,0.0,1,STAD
TCGA-BR-4369-01,5.049651897780942e-06,0.06227020194950382,0.712787868315305,0.0,0.05901515085421891,0.026678475670458366,0.0,0.0,0.0,0.07774195152599339,0.0,0.0,0.0,0.0,0.0,0.0,0.0,0.0,0.0,0.0,0.6829987229090625,0.0,0.13187051261597282,0.6854003003084825,0.025482848505120774,0.05021222462148108,0.0,0.0,0.0,0.09627217695601327,0.0,0.14602833791703476,0.0,0.0,0.0,0.0,0.0,0.0,0.0,0.0,1.530608217003691e-06,1.7259909027751697e-06,0.0,0.0,0.0,0.0,0.0,0.0,0.0,0.0,1,STAD
TCGA-CG-5720-01,0.0488470723213743,0.041056496706696165,0.0,0.0,0.00038344713136374245,0.0,0.0,0.0,0.0,0.0,0.0,0.0,0.0,0.0,0.0,0.0,1.2736196373193753e-11,2.8643123311294977e-12,0.0,4.432314892260023e-10,0.0,0.8893563144626213,0.0,2.9019071652324264e-06,0.04009957089132291,0.05284019536573852,0.0,0.0005890403329102399,0.0,0.0,0.0,0.0,2.7068933368201593e-09,0.0,0.0,0.0,0.0,0.0,0.0,0.0,0.0,0.0,0.0,0.0,0.0,0.00019366036612141895,0.0,0.0,0.0,0.0,1,STAD
TCGA-D7-6527-01,0.6007073570323385,0.0,0.0,0.0,0.2946134858435942,0.0,0.0016003605619238164,0.0,0.0001026369491418559,0.0,0.0,0.0,0.0,0.0,0.03774540072522326,0.0,0.0,1.0020305518293212e-09,0.0,0.04455856578033454,0.07099674986553056,0.023234232324173425,0.14254090339527134,0.0,0.032605563517829214,0.640413666685422,0.36564317512875316,0.002126011320457003,0.0,0.0,7.088966766350274e-05,0.0,0.0,0.0,0.0,0.0,0.0,0.0,0.0,0.0,0.0,0.9363099361664564,0.0,0.0,0.20993803207402603,0.0,0.0,0.0,0.0,0.0,1,STAD
TCGA-CG-5733-11,0.11875274777558466,0.07089650405764208,0.0,0.0,0.0006506138232200996,0.0,0.0,0.0,0.0,0.0,0.0,0.0,0.0,0.0,0.0,0.0,3.8879921951745895e-11,4.862186354328924e-12,0.0,7.30716094040918e-10,0.0,0.7898587021939055,0.0,4.501681713315877e-06,0.07414130636500095,0.01062940608252879,0.0,0.0008157339400061095,0.0,0.0,0.0,0.0,5.703989815081245e-09,0.0,0.0,0.0,0.0,0.0,0.0,0.0,0.0,0.0,0.0,0.0,0.0,0.0002721098504100771,0.0,0.0,0.0,0.0,0,STAD
TCGA-BR-4267-01,0.0,0.0,0.0,0.0,0.35807128022476115,0.12502674130916747,0.0,0.0,0.0,0.19111883077787917,3.6903957187403017e-07,0.0,0.0,0.0,0.0,0.0,0.0,0.09469532039857809,0.0,0.06463266629957133,0.7931984424749621,0.0,0.0,0.0,0.0,0.0,0.0,0.0,0.0,0.0,0.0,0.0,0.0,0.15300412480711933,0.0,0.0,0.0,0.0,0.10379852587153005,0.0,0.0,0.0,0.00010080555170637326,1.0,0.0,0.0,0.0,0.0,0.0,0.0,1,STAD
TCGA-BR-4187-01,0.01837807850325616,0.010534763876763494,0.0,0.0,0.0,0.0,0.0,0.0,0.0,0.0,0.017315976159866516,0.0,0.0,0.0,0.0,1.0,0.0,0.0,0.0,0.0,0.0,0.22168651731864333,0.0,0.0,0.0,0.0,0.0,0.0,0.0,0.0,0.0,0.0,0.0,0.00012709607683002101,0.0,0.0,0.0,0.0,0.0,0.0,0.0003393767524393699,0.0,0.0,0.0,0.0,0.0,0.0,0.0,0.0,0.0,1,STAD
TCGA-BR-6801-01,0.0,0.054845683521114276,0.0,0.1720526242362326,0.0,0.0,0.0,0.0,0.0,0.0,1.6265046092594099e-13,0.3791146180954576,0.0,0.0,0.0,0.0,0.05712330689202177,0.0,0.0,0.0,0.0,0.0,0.22145477010051526,8.254269937906278e-05,0.28514159910329867,0.04029701984150205,0.4723310395795641,0.0,0.0,0.0,0.00011605105833126368,0.0,0.0,0.0,0.0,0.0,0.0,0.0,0.0,0.0,0.0,0.0,0.0,0.0,0.0,0.0,0.0,0.0,0.0,0.0,1,STAD
TCGA-BR-6454-01,0.0,0.2506364904276512,0.0,0.0,0.0,0.6148491371667041,0.0,0.0,1.667524363535894e-08,0.627740796664714,0.0,0.0,0.0,0.0,0.0,0.0,3.3957338077051723e-09,0.0,0.0,0.0,0.0,0.15404831054281276,0.5084370163340115,0.00020680666143340867,0.17678284317999174,1.0,0.0,0.002962701403008778,0.0,0.0,0.0005652627345261637,0.0,0.0,0.0,0.0,0.0,0.0,0.0,0.0,6.159928708814681e-10,0.0,0.0,0.0,0.0,0.0,0.0,0.0,0.0,0.0,0.0,1,STAD
TCGA-CG-5728-11,0.8368801690925501,0.0,0.0,0.022303358639978732,0.2980395277024848,0.0,0.008197713129033873,0.0,0.1804789643065085,0.0,0.0,0.0,0.0,0.0,0.0,0.0,0.0,0.0,0.03981581842528286,0.0,0.0,0.14649181998086752,0.10966390006447953,0.0,0.0,0.0,1.4207504722210173e-06,0.0,0.0,0.0,4.9859160071552304e-05,0.0,0.0,0.0,0.0,0.0,0.0,0.0,0.0,0.0,0.0,0.0,0.0,0.0,0.07598302737901616,0.0,0.0,0.0,0.00044986027416345014,0.0,0,STAD
TCGA-BR-4363-01,5.479293599680538e-05,0.1451196678337103,0.0,0.020385108787145997,0.5060887031811077,0.0,0.0,0.478033691845553,0.0,0.0,0.0,0.0,0.0,0.0,0.0,0.0,0.0,0.0,0.00651558752723988,0.0,0.13199791309407258,0.0,0.47445218946689555,0.1276478036449368,0.0,0.0,2.8711327913579593e-09,0.0,0.0,0.0,0.0,0.0,0.0,0.0,0.0,0.0,0.4001819412898246,0.0,0.0,0.0,1.534813362477019e-05,3.564831482684099e-05,0.0,0.0,0.09042598763379553,0.0,0.0,0.0,0.0,0.0,1,STAD
TCGA-CG-5721-11,0.0,0.040052925989504155,9.694345701584038e-10,0.13649418880916261,0.3697372744783147,0.0,0.0,0.5203932358902973,0.0,0.0,0.0,0.0,0.0,0.0,1.314602391511172e-05,0.0,0.0,0.018877605176297427,0.0,0.05373074163781485,0.19625706693325284,0.0,0.0,0.1628817080543125,0.1306181415258804,0.12929874217468565,0.0,0.0,0.5782668321357429,0.0,0.0,0.0,0.0,0.0,0.0,0.0,0.0,0.0,2.7920366380824737e-07,0.0,8.158068087709982e-06,0.6231434922030893,0.025329792025498378,0.0,0.0,0.007232476330633165,0.0,0.03146773852815543,0.0,0.0,0,STAD
TCGA-BR-4292-01,3.103781919320159e-05,0.11551706936077355,0.0,0.08063510138127751,0.361734151860804,0.0506289094615496,0.0,0.0,0.0,0.08040129783907603,0.0,0.0,0.0,0.0,0.0,0.0,0.0,2.806054663989438e-09,0.0,0.0,0.11356118876375183,0.0,0.9964471826858423,0.11375132347962881,0.0,0.0,0.0,0.0,0.0,0.0,0.0005077057543760572,0.1835104064280016,0.0,0.0,0.0,0.0,0.0,0.0,0.0,0.23600987208712917,0.0,0.0,0.0,0.0,0.07816220583950456,0.0,0.0,0.0,0.0,0.0,1,STAD
TCGA-BR-4253-01,9.86143501862236e-06,0.012028621715720458,0.9868371710709796,0.046789742804593214,0.1149583004019296,0.18984199514951933,0.0,0.0,0.0,0.19553967543175968,0.0,0.0,0.0,0.00010097682370003001,0.0,0.0,0.0,0.09075127565222678,1.684487748565555e-05,0.0,0.07696791157156356,0.0,0.0,0.06828185005592297,0.0,0.0,0.0,0.0,0.0,0.0,8.360437677889701e-09,0.1430891004376328,0.0,0.0,0.0,0.0,0.0,0.0,0.0,0.0,2.3372192880340773e-06,4.191212112850944e-06,0.0,0.0,0.0,0.0,0.0,0.0,0.0,0.0,1,STAD
TCGA-D7-6525-01,0.0,0.03344935024221884,0.0,0.26747021509602803,0.0,0.0,0.0,0.0,1.0,0.0,0.0,6.224055541063716e-09,0.0,0.0,0.0,0.0,0.0,0.0,0.0,0.0,0.19423277577008752,0.35219786793278257,0.0,0.1432047042940195,0.01935417169176178,0.0,0.0,0.015070218162878688,0.0,0.0,0.0,0.0,0.0,0.0,0.0,0.0,0.08929180394681656,0.0,0.0,0.0,0.0,0.0,0.0,0.0,0.0,0.0,0.0,0.0,0.0,8.174501694829551e-05,1,STAD
TCGA-D7-6817-01,0.5367279355485448,0.08677196902927269,0.0,0.0,0.0,0.0,0.0,0.0,0.0,0.0,7.299397973424205e-08,0.0,0.0,0.0,0.0,0.004929699897013855,0.0,0.0,0.0,0.0,0.025785346367484488,0.34685523783006905,0.30466044665669,0.00017999070005927828,0.031150277776467266,0.028991096061368286,0.3011401331695299,0.0,0.0,0.0,0.0001403364899697974,0.0,0.0,0.21019673011048523,4.8143916317955516e-05,0.0,0.0,0.0,0.0,0.0,0.22339013548600828,0.3174720004613033,0.0,0.0,0.08213972838996964,0.0,0.0,0.0,0.0,0.0,1,STAD
TCGA-D7-5578-01,0.46212485174889917,0.031471692432876536,0.025129738913318954,0.0,0.00220904872395102,0.028444451491046206,0.0,0.0,0.0,0.045487994449316484,0.0,0.0,0.0,0.0,0.0,0.0,0.0,1.339827948757131e-10,0.0,0.0,0.0,0.08115589779248401,0.19301950717987518,5.978158759180152e-05,0.40536760990846665,0.0962478121972371,0.9617952012797819,0.10362132540652673,0.0,0.0,9.673545915882717e-05,0.0,0.0,0.0,0.0,0.0,0.0,0.0,0.04379561897308455,0.26284210953580844,0.18926019838166305,0.0,0.0,0.0,0.0,0.0,0.0,0.0,0.0,0.0,1,STAD
TCGA-CG-4460-01,0.0,0.0,0.0,0.0,0.2410995079714486,0.6978098980039639,0.4624020799240686,0.35100837532120555,0.0,0.0,0.0,0.0,0.0,0.0,0.0,0.08114918192543537,0.0,0.028293635494258708,0.0,0.0,0.32037019499365016,0.0,0.0,0.0,0.0,0.0,0.0,0.0,0.0,0.1833091739170883,0.0,0.0,0.0,0.0,0.005831054209415561,0.0,0.0,0.0,0.0,0.0,0.0,0.0,0.1964526102315334,0.0,0.0,0.0,0.0,0.0,0.0,0.04390157636653686,1,STAD
TCGA-HU-8608-01,0.10880145859880035,0.12127433124755685,0.0,0.0,0.013788427331274637,0.0,0.0,0.0,0.0,0.0,0.0,0.0,0.0,0.0,0.17404716364395853,0.0,0.0,0.0,0.0,0.42001787029778376,1.0,0.0007169404341230911,0.05507666302441068,1.0,0.04853700560126551,0.0,0.09281014817544096,0.0004226856157069643,0.0,0.0,0.00010341562856237448,0.0,1.5409069977948018e-07,0.0,0.0,0.0,0.0,0.0,0.0,0.0,0.0,0.0,0.0,0.0,0.0,0.0,0.0,0.0,0.0,0.0,1,STAD
TCGA-BR-8682-01,0.12940248117611658,0.006980623333566384,0.0,0.0,0.000707220118740054,0.0,0.0,0.0,0.0,0.0,0.0,0.0,0.0,0.0,0.0,0.0,0.0,0.01667530610063785,0.0,7.321375078753327e-10,0.0,0.8394660352299941,0.0,0.0,0.0,0.0,0.11451206453966312,0.0008781198795939539,0.0,0.0,0.0,0.0,5.345025554623959e-09,0.0,0.0,0.0,0.0,0.0,0.0,0.0,0.0,0.0,0.0,0.0,0.0,0.0002935500674577398,0.0,0.0,0.0,0.0,1,STAD
TCGA-CD-5801-01,0.0,0.0,0.0,0.0,0.0,0.0,0.0,0.0,0.0,0.0,1.0,0.0,0.0,0.0,0.0,0.0,0.0,0.0,0.0,0.0,0.0,0.0,0.0,0.0,0.0,0.0,0.0,0.0,0.0,0.0,0.0,0.0,0.0,0.0,0.0,0.0,0.0,0.0,0.0,0.0,0.0,0.0,0.0,0.0,0.0,0.0,0.0,0.0,0.0,0.0,1,STAD
TCGA-BR-6852-01,0.0,0.0,0.0,0.0,0.6582866969161589,0.000303836230114242,0.5045095172484402,0.0,0.0,0.0,9.5969051854123e-07,0.0,0.0,0.0,0.0,0.0,0.0,0.4451166218979264,0.0,0.03048740612665752,0.02859247557474528,0.0,0.0,0.0,0.0,0.0,0.0,0.0,0.0,0.0,0.0,0.0,0.0,0.0,0.0063179228364239086,0.0,0.15974048295189405,0.0,0.0,0.0,0.0,0.0,0.0,0.0,0.0,0.0,0.0,0.0,0.0,0.0012261642042941175,1,STAD
TCGA-BR-6453-01,0.16974804214726238,0.035159721836182926,0.0,0.0,0.424357012056484,0.0,0.003561296585029551,0.0,0.0,0.0,0.0,0.0,0.0,0.0,0.0,0.0,0.0,9.989949088511266e-10,0.0,0.14904643228058587,0.13861178222437692,0.0002569378326243659,0.24677674417930284,0.10204963596524882,0.05659847337196427,0.07911467239994102,0.20535672149718762,0.0011892207868968996,0.0,0.0,0.00011347368439782487,0.0,0.0,0.0,0.0,0.0,0.0,0.0,0.031004182030677074,0.0,0.2577852615774283,0.7371599238207396,0.0,0.0,0.1575882432631883,0.0011623812799442235,0.0,0.0,0.0,0.0,1,STAD
TCGA-BR-4370-01,1.2813511578167464e-08,0.0,0.0,0.2455613884226077,0.011296728613467857,0.0,0.00016366990119586733,0.0,0.0,0.0,0.0,0.8177008835760718,0.0,0.0,0.0,9.863617676903754e-12,0.12410067854991678,0.0,0.0,1.8076968870793003e-10,0.0,0.0,0.0,0.0,0.0,0.0,0.0,0.0,4.1596871574465395e-08,0.0,0.0,0.0,0.0,0.0,0.0,0.0,0.0,0.0,0.0,0.0,0.0,0.0,0.0,0.0,0.0,0.0,0.0,0.0,0.0,0.0,1,STAD
TCGA-BR-6453-11,0.3016313923568918,0.009245878634844804,0.0,0.0,0.38509276986662333,0.0,0.021596287944907998,0.0,0.0,0.0,0.0,0.0,0.026133577964401553,0.0,0.0341244392268317,0.0,0.0,0.0,0.0,0.2536790460588188,0.14626210864983874,0.00036037305258823367,0.20162756482248215,0.02660242073237223,0.04849699912286449,0.16122396845219333,0.06979838174021818,0.000992210848688173,0.00031959859347534416,0.0,0.00010541541484367961,0.0,0.0,0.0031500611270917156,0.0,0.0,0.0,0.0,0.0,0.002717490355245722,0.0,0.8547366699209179,0.10400983686729408,0.0,0.14725535886691812,0.0,0.0,0.0,0.0,0.0,0,STAD
TCGA-BR-8690-01,0.0,0.0,0.0,0.0,0.9014405509283175,0.00031971421105195003,0.44204432685409895,0.012328416705275621,0.0,0.0,5.652043844394006e-06,0.0,0.0,0.0,0.0,0.0,0.0,0.019599907314186142,0.0,0.0,0.04164560530103128,0.0,0.0,0.0,0.0,0.0,0.0,0.0,0.0,0.0,0.0,0.0,0.0,0.0,0.005903349887271842,0.0,0.0017547079576382602,0.0,0.0,0.0,0.0,0.0,0.15945737483185554,0.4884269372478314,0.0,0.0,0.0007538985194514981,0.0,0.0,0.001350692498406247,1,STAD
TCGA-CG-4469-01,0.0,0.21887000315964894,0.0,0.012448367994102174,0.374510784566145,0.3860488892192832,0.0,0.0,0.0,0.41190245463353964,0.0,0.0,0.0,0.0,0.0,0.0,0.0,2.630763886445079e-09,0.0,0.0,0.09299213306327139,0.0,0.06450991525392524,0.09347529221279018,0.07484491324540986,0.6330542682188,0.07369411483425259,0.0,0.0,0.0,0.0002478944375144747,0.0,0.0,0.27412868450263056,0.0,0.0,0.0,0.0,3.740051837007313e-08,0.0,0.0,0.0,0.0,0.0,0.1195842151131291,0.00033179072805300427,0.0,0.0,0.0,0.0,1,STAD
TCGA-BR-6803-01,0.0023761601725576713,0.0,0.0,0.0,0.01554483009688598,0.0,0.00014130469202667352,0.0,3.001782666817075e-05,0.0,0.0,0.0,0.0,0.0,0.0,0.0,0.0,0.0,0.0,3.637627874223943e-10,0.0,0.9803037979010463,0.0,0.0,0.0,0.0,0.0,0.00044701744675264797,0.0,0.0,0.0,0.0,0.0,0.0,0.0,0.0,0.0,0.0,0.0,0.0,0.0,0.0,0.0,0.0,0.0,0.00018215815344125384,0.0,0.0,0.0,0.0,1,STAD
TCGA-D7-6818-01,0.0,0.05187432581484363,0.0,0.02922794044760915,0.5238819582142611,0.044608180886066835,0.5514215477917981,0.2133947893461813,0.0,0.0,0.0,0.01128469831507405,0.01685649252211791,0.0,0.0,0.0,1.0,0.07998168791371894,0.0,4.550011437326131e-06,0.3050304450311726,0.0,0.0,0.26377864312315225,0.030162795645029203,0.12057337722651958,0.0,0.0,0.015226308958919377,0.0,0.0,0.06878783531295646,0.0,0.0,0.006288722098770179,0.0,0.0006781395105717178,0.0,0.0,0.0014834506935519846,0.0,0.0,0.5218511951249472,0.0,0.0,0.0,0.0,0.0,0.0,0.001222499173099399,1,STAD
TCGA-CG-4443-01,0.0,0.0,0.0,0.10163195048423859,0.41302633709328124,0.00035665192642302476,0.5858288074401242,0.012197478395451383,0.0,0.0,1.4313134994094819e-06,0.0,0.0,0.0,0.0,0.0,0.0,0.0,0.0,0.9999999999999999,0.03422135363782563,0.0,0.0,0.0,0.0,0.0,0.0,0.0,0.0,0.0,0.0,0.0,0.0,0.0,0.007433859224971759,0.0,0.001604339789536891,0.0,0.0,0.0,0.0,0.0,0.0,0.0,0.0,0.0,0.0,0.0,0.0,0.001484472452337159,1,STAD
TCGA-BR-4357-01,0.3414999352108127,0.22122059994492693,0.0,7.90361402372371e-06,0.00152781108940817,0.0,0.0,0.0,0.07753110570375898,0.0,0.0,0.13661202597998542,0.0,0.0,0.0,0.0,0.048800015724619075,0.0,0.1631168339420124,0.0,0.023223540907786885,0.2154553732549703,0.2565292684783607,0.00026419738862075063,0.08721078730551733,0.029795762522723736,3.039561236700271e-09,0.0,0.0,0.0,0.00013347029881355274,0.0,0.0,0.1362091893291963,0.0,0.0,0.0,0.0,1.802549832688665e-08,0.0,0.0,0.0,0.0,0.0,0.2404836700592689,0.0007907110652754346,0.0,0.0,0.0,0.0,1,STAD
TCGA-CG-5718-01,0.0,0.09061310049742971,0.0,0.0,0.38969275907493967,0.0,0.0,0.2962375896649895,0.0,0.0,0.0,0.0,0.0,0.0,1.8187920906085019e-06,0.0,2.820197707859797e-08,0.1100529882748239,0.0,0.7606867021734551,0.12354510475625723,0.0,0.10694149813240769,0.12143609030724833,0.0,0.0,0.0,0.0,0.00036817793449899964,0.0,0.0,0.0,4.363975527532973e-06,0.0,0.0,0.0,0.0,1.0858132605793201e-05,1.689021471227584e-07,0.0,9.263496120234105e-06,0.0,0.0,0.0,0.0,0.004539694011691699,0.0,0.0,0.0,0.0,1,STAD
TCGA-CD-8529-01,0.0,0.022821925466362917,0.0,0.04678052901418707,0.6352849724247959,0.00028352360373145376,0.4836456963708444,1.0,0.0,0.0,9.07308925085858e-07,0.0,0.0,0.0,0.0,0.0,0.0,0.0,0.0,0.0,0.19036914470171384,0.0,0.0,0.04210863582834675,0.0,0.0,0.0,0.0,0.0,0.0,0.25007320497040103,0.0,0.0,0.0,0.005080663992898987,0.0,0.0004122784302982772,0.0,0.0,0.0,0.0,0.0,0.0,0.0,0.0,0.0,0.0,0.09817422567016774,0.0,0.0011303391129029476,1,STAD
TCGA-CG-4462-01,1.0,0.10186821758766168,0.028910994359430446,0.0,0.04500619442602241,0.02977806439288778,0.0,0.3120009161060899,0.0,0.1199814788051008,0.0,0.0,0.0,0.0,0.0,0.0,0.0,3.1907082188902553e-09,0.0,0.0,0.21395681663056912,0.001302154228012538,0.2498594392274343,0.21135684848223701,0.043490826150406475,0.0971786132741137,0.10059047407875837,0.15700245655153838,0.0011978364000755988,0.0,0.0,0.0,0.0,0.0,0.0,0.0,0.0,0.0,1.571849378914442e-07,0.3023902150084915,0.4356152965163176,0.0,0.0,0.0,0.0,0.08626917368854144,0.0,0.0,0.0,0.0,1,STAD
TCGA-F1-6875-01,5.4522215646224895e-06,0.0355721432665197,0.06712279123732025,0.0,0.08702774508592287,0.0,0.0027474964594441415,0.0,0.0,0.0,0.0,0.4992930916594308,0.0,0.0,0.0,1.1568995983151103e-09,0.1490644101319978,0.0,0.0,0.06798182503235844,0.08429034454750339,0.0,0.03707544425398243,0.08494124382156942,0.11403766295487536,0.014671636648553369,0.8454884000155521,0.0,0.0,0.0,4.999339549932604e-05,0.0,0.0,0.0,0.0,0.0,0.0,0.0,0.0,0.0,2.611755740496052e-06,0.3338624738414625,0.0,0.0,0.0,0.0,0.11156394416425632,0.0,0.0,0.0,1,STAD
TCGA-BR-6706-01,3.731854721480996e-05,0.041022365772046175,0.0,0.0,0.45027709891501716,0.026548835510212976,0.0,0.0,0.0,0.04411038745987146,0.0,0.0,0.0,0.0,0.0,0.0,1.0120738267422517e-08,3.280874833811842e-09,0.0,0.04155616899773365,0.05039677556086185,0.0,0.4624459667437696,0.01618637837400033,0.047034293293647,0.20651336913769996,0.0,0.0,0.0,0.0003663540843750398,1.0,0.0,0.0,0.0,0.0,0.0,0.0,0.0,0.03273437978760062,0.0,1.1408259571656971e-05,0.20790669506758072,0.0,0.0,0.0,0.0,0.0,0.0,0.0,0.0,1,STAD
TCGA-BR-A4J4-01,3.839667248824806e-08,0.031346201574239035,0.0,0.13404609784825663,0.0230574435380446,0.0,0.000325661273088629,0.0,0.0,0.0,0.0,0.8803672736824776,0.0,0.0,0.0,1.7419033538450202e-11,0.13268014011089124,0.0,0.0,3.643370543997483e-10,0.0,0.0,0.04234368523285772,1.8091471332210864e-05,0.0,0.0,0.0,0.0,0.0,0.0,2.074554379537185e-05,0.0,0.0,0.0,0.0,0.0,0.0,0.0,0.0,0.0,0.0,0.0,0.0,0.0,0.0,0.0,0.0,0.0,0.0,0.0,1,STAD
TCGA-CG-5734-01,0.07064278235539101,0.0,0.0,0.0,0.4906448493476347,0.0,0.0,0.42863282907760347,0.08162064792261903,0.0,0.0,0.0,0.0,0.0,1.0570206813208152e-05,0.0,0.0,0.0,0.0,0.08020748942144325,0.03820290944441253,0.3644459613226022,0.0,0.0,0.0,0.00025324046902977775,0.0,0.0,0.0024126582391565607,0.0,0.0,0.0,0.0,0.0,0.0,0.0,0.0,0.0,2.639148819759248e-07,0.0,0.0,0.0,0.0,0.0,0.0,0.13955593791246498,0.0,0.0,0.0,0.0,1,STAD
TCGA-CG-5722-11,0.0030234049867133538,0.0,0.0,0.0,0.019515267991445356,0.0,0.0001779052612879906,0.0,3.734926226451835e-05,0.0,0.0,0.0,0.0,0.0,0.0,0.0,0.0,0.0,0.0,4.6527711552048416e-10,0.0,0.9614243073710608,0.0,0.0,0.0,0.0,0.0,0.0004404573184158218,0.0,0.0,0.0,0.0,0.0,0.0,0.0,0.0,0.0,0.0,0.0,0.0,0.0,0.0,0.0,0.0,0.0,0.0001884355332616277,0.0,0.0,0.0,0.0,0,STAD
TCGA-CD-5800-01,0.6973135138469198,0.02054417057758174,0.0,0.0,0.0029880298056808785,0.0,0.0,0.0,0.0,0.0,0.0,0.0,0.0,0.0,0.0,0.0,0.0,0.0,0.0,0.06491557149959894,0.029604581913764774,0.021332110857452558,0.47878524450024046,0.027679897832635525,0.12751987470615986,0.03336939160361828,0.7656858582249808,0.002252117610761858,0.0,0.0,0.00023270817647538477,0.0,0.0,0.0,3.006790635220835e-05,0.0,0.0,0.0,0.0,0.0,0.0,0.9472128321015454,0.0,0.0,0.4715098633706059,0.005462760177594495,0.0,0.0,0.0,0.0,1,STAD
TCGA-CG-4301-01,0.0,0.3343443337126282,0.0,0.4125522773015858,0.017425170605966937,0.0,0.00020957136060988156,0.0,4.903057531748329e-07,0.0,0.0,0.0,3.4795231844166247e-06,0.0,0.0,2.1418615369528158e-10,0.0,0.0,7.6420704556261e-06,0.0,0.337760751982021,0.0,0.08025820451260063,0.3252256092764316,0.0,0.0,1.7249933791103806e-08,0.0,0.0,0.0,6.786356434745757e-05,0.0,0.0,0.0,0.0,0.0,0.0,0.0,0.0,1.8314673627999757e-08,1.8627701359201657e-07,2.5455843686285208e-08,0.0,0.0,0.5112323026724035,0.0,0.0,0.0,0.0,0.0,1,STAD
TCGA-BR-8381-01,0.12941957254235342,0.09298054859636908,0.0,0.0,0.343390067998896,0.0,0.0017600799482622729,0.0,0.0,0.0,0.0,0.0,0.0,0.0,0.0,0.0,0.0,0.016939376372504776,0.0,0.3015085443283736,0.20894616493550158,0.0001033943560498747,0.047474220203377035,0.20991043108463403,0.08940025753532885,0.015234562657940058,0.5164866919304926,0.0004079408456171206,0.0,0.0,4.2941938030526004e-05,0.0,0.0,0.0,0.0,0.0,0.0,0.0,0.0,0.0,0.0,0.268997350335599,0.0,0.0,0.09503055179400731,0.0017683098585697613,0.0,0.0,0.0,0.0,1,STAD
TCGA-D7-6524-01,0.0,0.012788986199015166,0.0,0.026306843345846733,0.0,0.030380110116068202,0.0,0.06541056076554182,0.0,0.08410674496075035,0.0,0.0,0.0,0.0,0.9999999999999999,0.0,0.0,0.0,0.0,0.0,0.31747578235095625,0.0,0.05022476506227525,0.2870115024915458,0.3900041667151036,0.575829314153933,0.0,0.0,0.0,0.0,0.0,0.0,0.0,0.0,0.0002996034264570948,0.0,0.0,0.0,0.05796590496807378,0.0,0.0,0.0,0.0,0.0,0.0,0.0,0.0,0.0,0.0,8.686180067254283e-05,1,STAD
TCGA-BR-4294-01,0.1888278299016477,0.21142862948867694,0.0,0.0,0.0010161078749203532,0.0,0.0,0.0,0.0,0.0,0.0,0.0,0.0,0.0,0.0579631177991204,0.0,0.0,5.199727372229927e-10,0.0,0.031447841453672444,0.0,0.41993185724626664,0.0,9.668207373844789e-05,0.19246977683034924,0.0,0.0741856286455521,0.0011874842301437575,0.0,8.78974164832654e-09,0.0,0.0,0.0,0.38545585973588764,0.0,0.0,0.0,0.0,0.0,0.0,0.0,0.0,0.0,0.0,0.0912424681873746,0.0,0.0,0.0,0.0,0.0,1,STAD
TCGA-CG-4475-01,0.0,0.20899117157400685,0.0,0.0,0.08670444795066987,0.4998368247470622,0.0,0.0,0.0,0.0,0.0,0.0,0.0,0.0,0.0,0.0,0.0,0.08229240039970488,0.0,0.0,0.0,0.0,0.4939512046154404,0.0002788804146694141,0.13869576512683154,0.0,0.0730653598297436,0.0,0.0,0.0,0.0,0.0,0.10255889428017897,0.2088056241344925,0.0,0.001350752508028252,0.0,0.1742205601366083,1.8949762194489384e-08,0.0,0.0,0.0,0.0,0.0,0.08956349277752927,9.419285085582711e-05,0.0,0.0,0.0,0.0,1,STAD
TCGA-D7-6521-01,0.0002741418274952153,0.06614418900639622,0.0,0.6573986910242765,0.15922184603589787,0.0,0.002267569421866041,0.0,0.0,0.0,0.0,0.024500183181428416,0.0,0.0,0.0,0.0,0.005437541910050105,0.0,0.0,0.0,0.0,0.0,0.07310260876135458,8.459248231014449e-05,0.012716895662853323,0.0,0.0,0.0,0.1324528862264141,3.536177352770522e-07,0.0,0.0,2.3816263891987564e-05,0.0,0.0,0.0,0.0,0.00012095803938019296,0.0,5.9186135294093616e-08,8.648517369379898e-05,0.00018907416283380976,0.0,0.0,0.08163211532670042,0.0,0.0,0.9999999999999999,0.0,0.0,1,STAD
TCGA-D7-5577-01,0.4947202268026108,0.0,0.0,0.0,0.27556531799261164,0.0,0.0,0.19902817358183497,4.278846158551181e-05,0.0,0.0,0.0,0.0,0.0,0.0,0.0,0.0,1.6418333676780392e-08,0.0,0.9369497552806505,8.871809895837817e-07,0.03288791299116066,0.0,0.0,0.0,0.00013053592756113745,0.11050486565098543,0.0018623595701517126,0.015859469385681484,0.0,0.0,0.0,0.0,0.0,0.0,0.0,0.0,0.0,1.416820611455602e-07,0.0,0.0,0.0,0.16207541660028466,0.0,0.0,0.08841860107448862,0.0,0.0,0.0,0.0,1,STAD
TCGA-BR-6455-01,0.009125126189839877,0.0,0.0,0.007287623972139379,0.8337154938222701,0.0,0.0,0.31157744115460434,0.05816587921378723,0.0,0.0,0.0,0.0,0.0,7.621430341128813e-06,0.0,0.0,1.9249560737564083e-09,0.01805632377063675,4.046814376783794e-06,0.06286544653720921,0.043766042388537166,0.044856915415952756,0.0,0.0,0.0,0.0,0.0,0.0023988496539548154,0.0,0.0,0.0,0.0,0.0,0.0,0.0,0.0,0.0,1.7017271393953886e-07,0.0,9.692908898551701e-05,0.00017858681489249861,0.0,0.0,0.0,1.0,0.0,0.0,1.986598934693504e-05,0.0,1,STAD
TCGA-D7-A4YX-01,0.0,0.11891156967564001,0.03335433386650481,0.0,0.4334043418110578,0.07101460394646586,0.4018827690575038,0.3645899260691639,0.0,0.0,0.023970995471677248,0.0,0.0,0.0,0.06473829066891801,0.0,0.0,0.03958058578993719,0.0,0.0,0.0,0.0,0.0480246937127466,0.00016752223391725625,0.07803709367680842,0.05575621899215981,0.338484558686878,0.0,0.0,0.0,0.0,0.0,0.0,0.17737864720403132,0.005651039766987938,0.0,0.12469993099305522,0.0,0.0,0.0,0.0,0.0,0.15802737368445277,0.13235934851069645,0.21441671027053372,0.0,0.0006692559004202766,0.0,0.0,0.001228797175471411,1,STAD
TCGA-CD-5798-01,8.228357839826077e-06,0.0,0.0,0.7954989318933141,0.11576544502629232,0.0,0.0,0.0,0.0,0.0,0.0,0.0,0.0,0.0,0.0,4.863193930332246e-09,0.0,7.654328522377051e-10,1.281516311424917e-07,0.29872169277421623,0.0,0.0,0.0,0.0,0.0,0.0,0.0,0.0,0.0,3.8485002361927514e-08,0.0,0.0,1.0569652607816384e-06,0.0,0.0,0.0,0.0,3.846880300156721e-06,0.0,0.0,2.6153354216961563e-06,0.0,0.0,0.0,0.0,0.0,0.0,0.0,0.0,0.0,1,STAD
TCGA-HF-7136-01,0.0,0.0,0.0,0.0,0.21176627037103757,0.2104104251535351,0.0,0.0,0.0,0.21564162247089858,0.0,0.0,0.0,0.0,0.0,0.0,0.0,1.0,0.0,0.0,0.060378315702335504,0.0,0.08354174621275967,0.0,0.0,0.0,0.0,0.0,0.0,0.0,0.00014918555000749848,0.0,0.0,0.0,0.0,0.0,0.0,0.0,0.0,0.24710356571545752,0.0,0.0,0.0,0.0,0.0,0.00016563981954774283,0.0,0.0,0.0,0.0,1,STAD
TCGA-BR-6566-01,0.0,0.0,0.24591390698671928,0.0,0.0,0.5708672314981461,0.0,0.0,0.0,0.5844116483123957,0.0,0.0,0.0,0.0,0.0,0.0,0.0,0.23361798915477414,0.0,0.0,0.0,0.0,0.9445982840616569,0.0,0.0,0.0,0.0,0.0,0.0,0.0,0.0005091200623962197,0.0,0.0,0.0,0.0,0.0,0.0,0.0,0.4285714212480013,0.0,0.0,0.0,0.0,0.0,0.0,0.0,0.0,0.0,0.0,0.0,1,STAD
TCGA-CG-4472-01,5.574115568101787e-07,0.3620568892536106,0.0,0.0,0.3587612771264834,0.0,0.005084385386695846,0.0,0.0,0.0,0.0,0.0,0.0,0.0,0.0,3.388550980435754e-10,0.0,0.0,0.0,5.409975546781839e-09,0.0,0.0,0.0,3.174094462477473e-05,0.19183370181800094,0.020609110167584252,0.0,0.0,3.6621039379563514e-07,1.5332754824445285e-08,0.0,1.0,0.0,0.0,0.0,0.0,0.0,0.0,0.0,0.0,0.0,0.0,0.0,0.0,0.0,0.0,0.0,0.0,0.0,0.0,1,STAD
TCGA-BR-4368-01,0.0,0.0,0.0,0.9999999999999999,0.0,0.0,0.0,0.0,0.0,0.0,0.0,0.0,0.0,0.0,0.0,0.0,0.0,0.0,2.724013983071695e-15,0.0,0.0,0.0,0.0,0.0,0.0,0.0,0.0,0.0,0.0,0.0,0.0,0.0,0.0,0.0,0.0,0.0,0.0,0.0,0.0,0.0,0.0,0.0,0.0,0.0,0.0,0.0,0.0,0.0,0.0,0.0,1,STAD
TCGA-CG-4441-01,0.0,0.28113772405055415,0.0,0.03652026288279306,0.13813972120256235,0.0547408228419633,0.0,0.0,0.0,0.10223854430042792,0.0,0.0,0.0,0.0,0.0,0.0,0.0,1.7135729376388625e-09,0.0,0.0,0.09704660799160875,0.0,1.0,0.09231755423058806,0.029475430539194665,0.18339888906820218,4.822338423045956e-09,0.0,0.0,0.0,0.0005293281123622996,0.08899970589634822,0.0,0.7561596609262913,0.0,0.0,0.0,0.0,6.041547150925739e-08,0.0,0.0,0.0,0.0,0.0,0.10572979672274256,0.00021699867854834358,0.0,0.0,0.0,0.0,1,STAD
TCGA-CG-4437-01,0.4947740189404635,0.2775168176129079,0.0,0.0,0.002119291800439221,0.28568714778754567,0.0,0.0,0.0,0.2854193222609236,0.0,0.0,0.0,0.0,0.0,0.0,0.0,0.23361813398926384,0.0,0.0,0.0,0.2164762872457073,0.0,1.75158165274946e-05,0.0,0.0,0.0,0.0884903634507703,0.0,0.0,0.0,0.0,0.0,0.0,0.0,0.0,0.0,0.0,0.0,0.0,0.0,0.0,0.0,0.0,0.0,0.0003271061870771391,0.0,0.0,0.0,0.0,1,STAD
TCGA-CG-5720-11,0.0,0.0,0.0,0.0,0.0,0.0,0.0,0.0,2.2388065894073617e-07,0.0,0.0,0.0,0.0,0.0,0.0,0.0,0.0,0.0,0.0,0.0,0.0,1.0,0.0,0.0,0.0,0.0,0.0,0.0004490540295096267,0.0,0.0,0.0,0.0,0.0,0.0,0.0,0.0,0.0,0.0,0.0,0.0,0.0,0.0,0.0,0.0,0.0,3.7954201578214825e-06,0.0,0.0,0.0,0.0,0,STAD
TCGA-CG-4305-01,5.330998792925724e-09,0.10427314229796207,0.0,0.28115396381454677,0.0,0.0,0.0,0.0,0.0,0.0,3.065354608492007e-16,0.0,0.0,0.0,0.0,1.9071145041470238e-10,0.0,0.0,0.0,0.0,0.0,0.0,0.0,0.0006020214339162971,0.4977298436476878,0.05627892772986446,1.2140736196534045e-08,0.0,0.0,0.0,0.0,0.0,0.0,0.0,0.0,0.0,0.0,0.0,0.0,1.2607106224643468e-07,0.0,1.7827781007880623e-07,0.0,0.0,0.9978656682664014,0.0,0.0,0.0,0.0,0.0,1,STAD
TCGA-BR-6802-01,6.976181236035358e-08,0.0,0.0,0.0,0.05396973898855218,0.0,0.0007819987018023385,0.0,0.0,0.0,0.0,1.0,0.0,0.0,0.0,5.9842743978453e-11,0.1496570749363361,0.0,0.0,8.736730700443848e-10,0.0,0.0,0.0,0.0,0.0,0.0,0.0,0.0,1.9876691407689667e-07,0.0,0.0,0.0,0.0,0.0,0.0,0.0,0.0,0.0,0.0,0.0,2.6666216538081825e-09,0.0,0.0,0.0,0.0,0.0,0.0,0.0,0.0,0.0,1,STAD
TCGA-CG-4440-01,0.18593099358589335,0.6165915763993515,0.0,0.0,0.19558287376963726,0.0,0.001882345647721789,0.0,0.0,0.0,0.0,0.0,0.0,0.0,0.35189497753590254,0.0,1.642984068852616e-09,4.387139243244217e-10,0.0,0.06681937226590179,0.0,0.00019815567488287502,0.0,5.271609356579533e-05,0.0,0.0,3.844329225333999e-08,0.0007215358985462568,0.0,0.0,0.0,0.0,6.713239779128784e-07,0.0,0.0,0.0,0.0,0.0,0.0,0.0,0.0,0.0,0.0,0.0,0.0,0.0,0.0,0.0,0.0,0.0,1,STAD
TCGA-BR-6452-01,0.3157511283641838,0.50649523016424,0.0,0.0,0.0015701478478085177,0.0,0.0,0.0,0.0,0.0,0.0,0.0,4.423786236534383e-06,0.0,0.0,0.0,0.0,0.0,0.0,0.0,0.0992208609191583,0.18903334284431111,0.21602054042893878,0.051321206667986945,0.0,0.0,7.199692774852583e-09,0.0010619107006725429,0.0,0.0,0.00011669909542854182,0.0,0.0,0.0,0.0,0.0,0.0,0.0,0.0,0.0,0.0,0.0,0.0,0.0,0.25993244969724255,0.013982971722263964,0.0,0.0,0.0,0.0,1,STAD
TCGA-D7-8570-01,0.6126645363704698,0.20776021847157006,0.0,0.09020545114434346,0.034431269214580194,0.0,0.0005413152598460236,0.0,0.0014475323726843492,0.0,6.274999501008158e-08,0.0,0.0,1.0,0.05666053475082676,0.0,0.0,0.0,0.0,0.0,0.19833111205068554,0.0008148606551001431,0.0,0.18996755653199132,0.0,0.0,0.0,0.002354563030070202,0.0,0.0,0.0,0.0,0.0008265971066212546,0.534652833911858,0.0,0.0,0.0,0.0,0.0,0.0,0.0,0.0,0.0,0.0,0.0,0.0,0.0,0.0,0.0,0.0,1,STAD
TCGA-BR-6454-11,0.0,0.0,0.0,0.0,0.0,0.0,0.0,0.0,2.2171151835268834e-07,0.0,0.0,0.0,0.0,0.0,0.0,0.0,0.0,0.0,0.0,0.0,0.0,0.9903111731956552,0.0,0.0,0.0,0.0,0.0,0.00044470322399773064,0.0,0.0,0.0,0.0,0.0,0.0,0.0,0.0,0.0,0.0,0.0,0.0,0.0,0.0,0.0,0.0,0.0,3.758646987077174e-06,0.0,0.0,0.0,0.0,0,STAD
TCGA-HU-A4G6-01,0.0,0.0,0.0,0.0,0.0,0.0,0.0,0.0,2.2078677942550274e-07,0.0,0.0,0.0,0.0,0.0,0.0,0.0,0.0,0.0,0.0,0.0,0.0,0.9861806758578575,0.0,0.0,0.0,0.0,0.0,0.0004428484065512976,0.0,0.0,0.0,0.0,0.0,0.0,0.0,0.0,0.0,0.0,0.0,0.0,0.0,0.0,0.0,0.0,0.0,3.7429700127546577e-06,0.0,0.0,0.0,0.0,1,STAD
TCGA-BR-4191-01,5.262635226080379e-07,0.07396803967583035,0.0,0.04713180126696486,0.3634041401638476,0.0,0.0046288604066502936,0.0,0.0,0.0,0.0,0.0,0.0,0.0,0.0,0.0,0.0,0.0,0.0,0.0,0.27231676351932516,0.0,0.1653001696070868,0.251293965318633,0.0,7.677553309161573e-05,0.0,0.0,0.0,1.0,0.009350696049439982,0.11461814356686992,0.0,0.0,0.0,0.0,0.0,0.0,0.03950174968170239,0.0,1.580689708069064e-08,0.0,0.0,0.0,0.0,0.0,0.0,0.0,0.0,0.0,1,STAD
TCGA-CG-4304-01,0.0,0.9999999999999999,0.0,0.0,0.0,0.0,0.0,0.0,1.0395277299349241e-08,0.0,0.0,0.0,0.0,0.0,0.0,0.0,1.5931362551942707e-09,0.0,0.0,0.0,0.0,0.0464322256238504,0.0,9.150428776229695e-05,3.448957715638993e-18,0.0,0.0,2.0850578043143064e-05,0.0,0.0,0.0,0.0,0.0,0.0,0.0,0.0,0.0,0.0,0.0,0.0,0.0,0.0,0.0,0.0,0.0,1.762298051701092e-07,0.0,0.0,0.0,0.0,1,STAD
TCGA-CG-5734-11,0.0,0.0,0.0,0.14860341771267724,0.1537804508370749,0.0,0.001958133344318019,0.0,4.847433340088652e-07,0.0,0.0,4.95792817309339e-12,0.0,0.0,0.0,1.5827725531604743e-10,0.0,0.0,8.217449037368655e-05,0.0,0.6624432939683892,0.0,0.0,0.0,0.4932159173755971,0.28867839090050695,0.0,0.0,0.0,0.0,6.989822045814849e-09,0.0,0.0,0.0,0.0,3.468920737677602e-11,0.0,0.0,0.0,0.0,2.71551962690267e-07,0.0,0.0,0.0,0.0,0.0,0.0,0.0,0.0,0.0,0,STAD
TCGA-CG-5724-01,0.0,0.011235786408960615,0.0,0.020081791571668776,0.6655337660527991,0.00021264751196801854,0.36943000469545756,0.5924826475096773,0.0,0.0,0.0,0.0,0.0,0.0,0.0,0.0,0.0,0.03114875720972469,0.0,0.2698227104172932,0.07771521670494135,0.0,0.0,0.014641819521869132,0.0,0.0,0.0,0.0,0.001121638853676113,0.0,0.0,0.0,0.0,0.0,0.004908815262723252,0.0,0.0005650161342003287,0.0,0.1360092360988137,0.0,0.0,0.0,0.09479099630641377,0.0,0.0,0.0,0.0,0.0,0.0,0.000907434954932987,1,STAD
TCGA-BR-4257-01,0.1980699847783551,0.010788674427399314,0.0,0.0,0.16321916658219185,1.943544467411944e-05,0.06889534506196007,0.05680134996645802,0.0,0.0,2.638393083710708e-08,0.0,0.0,0.0,0.0,0.0,0.0,0.012654966265502903,0.0,0.0,0.3362403566789385,0.0006193838575383688,0.027445532378937546,0.24862769841275467,0.08834148929859248,0.04779333995561158,0.0,0.0,0.0,0.0,0.0,0.0,0.0,0.008916645688632143,1.0,0.0,9.481551435194964e-05,0.0,0.010368278605792399,0.0,0.0,0.143889244574268,0.0,0.0,0.0,0.0,0.0,0.0,0.02315463989487439,0.0001394433067146965,1,STAD
TCGA-D7-6820-01,0.0,0.10093445589933309,0.0,0.0,0.6513888758478104,0.0,0.0,0.17153223915633947,0.0,0.0,0.0,0.0,0.0,0.0,0.059335890747076465,0.0,0.0,0.0,0.0,0.10355581696482252,0.2532720278487599,0.0,0.13909471740891854,0.2509400084279116,0.0,0.0,0.0,0.0,0.0011873385288110273,0.0,0.0,0.0,4.755523505119502e-06,0.0,0.0,0.0,0.0,0.0,0.0,0.0,8.944731998223342e-06,5.881529881163706e-06,0.0,0.0,0.0,0.0051617946655283155,0.0,0.0,0.0,0.08985968212678183,1,STAD
TCGA-CG-4449-01,0.0,0.28061984747178215,3.763366786983797e-09,0.0,0.11203820592329712,0.06391361918629047,0.0,0.0,0.0,0.13321349441609062,0.0,0.0,0.09260203671127637,0.0,0.0,0.0,0.0,0.0,0.0,0.09329429477373861,0.061396303802440856,0.0,0.11023731961128287,0.05385663470601464,0.03838636812660786,0.1748559778220994,0.5785027990682278,0.0,0.0,0.0,0.00011708658219812845,0.07966255061444863,0.0,1.0,0.0,0.0,0.0,0.0,0.0,0.36207097312390835,0.0,0.6831411814346059,0.0,0.0,0.3657761884255053,0.0001997627400514972,0.0,0.0,0.0,0.0,1,STAD
TCGA-D7-6519-01,0.0,0.2490990741691763,0.0,0.0,0.30040357865301215,0.11817433827228736,0.0,0.0,0.0,0.1356193103126656,0.02361569104882345,0.0,0.0,0.02846192404559486,0.0,0.0,0.0,0.0,0.0,0.0,0.0,0.0,0.0,0.037576798229772966,0.09040245284130888,0.22677427500891068,0.0,0.0,0.0,0.0,0.0,0.0,1.0,0.496385183816907,0.0,0.0,0.0,0.0,0.0,0.0,0.0,0.0,0.0,0.0,0.0,0.000309391489425526,0.0,0.0,0.0,0.0,1,STAD
TCGA-CD-5813-01,0.8123742612837732,0.004592898096053039,0.0,0.48857011035700587,0.0034604005673761293,0.0,0.0,0.0,0.05611074548617082,0.0,0.0,0.0,0.0,0.0,0.0,0.0,0.0,0.0,0.11351913726861995,1.8917713181339435e-09,0.0,0.05614503306461872,0.08133154200900149,1.7197438164487252e-05,0.0,0.0,0.0,0.0,0.0,0.0,3.836726793763171e-05,0.0,0.0,0.0,0.0,0.0,0.0,0.0,0.0,0.0,0.0,0.0,0.0,0.0,0.0,0.0010510210409978662,0.0,4.0360408203174414e-05,0.0,0.0,1,STAD
