patient,0,1,2,3,4,5,6,7,8,9,10,11,12,13,14,15,16,17,18,19,20,21,22,23,24,25,26,27,28,29,30,31,32,33,34,35,36,37,38,39,40,41,42,43,44,45,46,47,48,49,50,51,52,53,54,55,56,57,58,59,60,61,62,63,64,65,66,67,68,69,70,71,72,73,74,75,76,77,78,79,80,81,82,83,84,85,86,87,88,89,90,91,92,93,94,95,96,97,98,99,tumor,project
TCGA-F1-6874-01,0.7315181184950579,0.0,0.0,0.0,0.0,0.0,0.0,0.00022823433982303927,0.0,0.0,0.0,0.0,0.0,0.0,0.0,0.0,0.0,0.0,0.0,0.0,0.0,0.0,0.0,0.0,0.0,0.0,7.196089476740091e-05,0.0,0.0,0.0,0.0,0.0,0.0,0.0,0.0,0.0,0.0,0.0,3.958533475715256e-05,0.0,0.0,0.0,0.0,0.0,0.0,0.0,0.0,0.0,0.0,0.0,0.0,0.0,0.0,0.0,0.0,0.0,0.0,0.0,0.0,0.0,0.0,0.0,0.0,0.0,0.0,0.0,0.0,0.0,0.0,0.0,0.0,0.0,3.961006704719261e-05,0.0,0.0,0.0,0.0,0.0,0.0,0.0,0.0,0.0,0.0,0.0,0.0,0.0,0.0,0.0,0.0,0.0,0.03719503174490444,0.0,0.004076808590335808,0.9999999999999999,0.0,0.0,0.0,0.0,0.0,0.0,1,STAD
TCGA-CG-5719-01,0.7405001507870095,0.0,0.0,0.0,0.0,0.018712025279599528,0.0,0.0958672814349938,0.0,0.012023841098224566,0.0,0.0,0.0,0.0,0.015735738379465826,0.0,0.0,0.0,0.031932294048377816,0.0,0.0,0.0,0.14751066234322013,0.09759019713921373,0.0,0.0,0.0,0.0,0.0,0.0,0.0,0.0,0.0,0.0,0.0,0.0,0.0,0.0,0.0,0.0,0.006579289370583303,0.0,0.0,0.0,0.0,0.01816616219754749,0.03199133990947904,0.0,0.027156446647124292,0.0,0.0,0.0,0.0,0.0,0.0,0.0,1.0,0.0,0.0,0.0,0.0,0.0,0.0,0.0,0.0,0.0,0.0,0.0,0.0,0.0,0.0,0.0,0.0,0.0,0.0,0.0,0.0,0.0,0.0,0.0,0.0,0.09477841574703667,0.0,0.0,0.0,0.0,0.03583764162458101,0.0,0.0,0.0,0.0,0.0,0.0,0.0,0.0,0.0,0.0,0.0,0.0,0.0,1,STAD
TCGA-CG-4477-01,0.5905061926703196,0.0,0.0,0.0,0.0,0.08677754014516387,0.0,0.006812663928794278,0.0,0.00045829718141526636,0.0,0.0,0.00029768711202730636,0.0,0.0,0.0001938356661260396,0.0,0.0,0.0,0.0,0.0,0.0,0.0,0.0,0.0,0.0,0.0,0.0,0.0006043803246743361,0.0,0.0,0.00011451932511075141,0.0,0.0,0.0,0.00023848882329078087,0.00038623656644647553,0.0,0.0,0.0,0.0,0.0,0.0002021243317067124,0.0,0.0,0.0,0.0,0.0,0.0,0.0,0.0,0.0,0.0,0.0,0.0,0.0,0.0,0.0,0.0,0.0,0.0,1.0765271871799512e-05,0.0,0.0,0.0,0.0,0.0,0.0,0.0,0.0,0.0,0.0,0.004812930305139558,0.0,0.06342711422485357,0.0,0.0,0.0039016157665187476,0.0,0.0,1.0,0.09735035358637276,0.0,0.0003204711420575156,0.0,0.0,0.0004138180418386127,0.0009230562415787243,0.0,0.0,0.0,0.0,0.0,0.0,0.0,0.0,0.0,0.0,0.0,0.0,1,STAD
TCGA-CG-5725-01,0.10922035993132342,0.0,0.0,0.0,0.0,0.0,0.0,0.0,0.0,0.0,0.0,0.0,0.0,0.0,0.0,0.0,0.0,0.0,0.0,0.0,0.0,0.0,0.0,0.0,0.0,0.0,0.0,0.0,0.0,0.0,0.0,0.0,0.0,0.0,0.0,0.004783562308271899,0.0,0.0,0.0,0.0,0.0,0.0,0.0,0.0,0.0,0.0,0.0,0.0,0.0,0.0,0.0,0.0,0.0,0.0,0.0,0.0,0.0,0.0,0.0,0.0,0.0,0.0,0.0,0.0,0.0,0.0,0.0,0.0,0.0,1.0,0.0,0.0,0.0,0.0,0.0,0.0,0.0,0.0,0.0,0.0,0.0,0.0,0.0,0.0,0.0,0.0,0.0,0.0,0.0,0.0,0.0,0.0,0.0,0.0,0.0,0.0,0.0,0.0,0.0,0.0,1,STAD
TCGA-BR-4280-01,0.5995254688092415,0.0,0.0,0.0,0.0,0.0,0.0,0.0,0.0,0.0,0.0,0.0,0.020081301932636783,0.0,0.0,0.0,0.0,0.0,0.0,0.0,0.0,0.0,0.0,0.0,0.0,0.0,0.024625053056242432,0.0,0.0,0.0,0.0,0.0,0.0,0.0,0.0,0.0,0.0,0.0,0.0,0.0,0.0,0.0,0.04299573566419092,0.0,0.0,0.0,0.0,0.029275300068496924,0.0,0.0,0.0,0.0,0.0,0.0,0.0,0.024566497190226234,0.0,0.0,0.014474190395320214,0.0,0.0,0.0,0.0,0.0,0.0,0.0,0.0,0.0,0.0,0.0,0.0,0.0,0.0,0.0,0.0,0.0,0.0,0.0,0.0,0.0,0.0,0.0,0.008445559884289097,0.0,0.0,0.0,0.0,1.0,0.0,0.0,0.0,0.0,0.0,0.0,0.0,0.0,0.004825973385697383,0.0,0.0,0.0,1,STAD
TCGA-BR-6707-01,0.7060401687523236,0.0,0.0,0.0,0.0,0.0,0.0,0.0,0.0,0.002078321589164043,0.0,0.0,0.0,0.0,0.0,0.0,0.0,0.0,0.0,0.0,0.0,0.0,0.0,0.0,0.0,0.0,1.0,0.0,0.0,0.0,0.0,0.0,0.0,0.0,0.0,0.0,0.0,0.0,0.22573358500311383,0.0,0.0,0.0,0.0,0.0,0.0,7.705809082569575e-05,0.0,0.0,0.0,0.0,0.0,0.0,0.0,0.0,0.0,0.0,0.0,0.0,0.0,0.0,0.0,0.0,0.0,0.0,0.0,0.0,0.0,0.0,0.0,0.0,0.0,0.0,0.0,0.0,0.0,0.0,0.0,0.0,0.0,0.0,0.0,0.0,0.0,0.0,0.0,0.0,0.0,0.0,0.0,0.0,0.0,0.0,0.0,0.0,0.0,0.0,0.0,0.0,0.0,0.003092370513222996,1,STAD
TCGA-CG-4466-01,0.4442480799252339,0.0,0.0,0.0,0.0,0.0,0.0,0.0,0.0,0.0,0.0,0.0,0.0,0.0,0.0004259782236820607,0.0,0.0018656736758155287,0.0,0.0,0.0,0.0,0.0,0.0,0.0,0.0037265337185829785,0.0,0.0,0.0036758317822791816,0.00674513380287952,0.0,0.0,0.0,0.0,0.0,0.0,0.0,0.002861589340511655,3.8950374982856694e-05,0.0,0.0,0.0,0.0,0.0,0.0,0.0,0.0,0.0,0.0,0.0,0.0,0.0,0.0,0.0,0.0,0.0,0.0,0.0,0.0,0.0,0.0,0.0,0.0,0.0,0.0,0.0,0.0,0.0,0.0,0.0,0.0,0.0,0.0,0.0,0.0,0.0,0.0,1.0,0.0,0.0,0.0,0.0,0.0,0.0,0.0,0.0,0.0,0.0,0.0,0.0,0.0,0.0,0.0,0.0,0.0,0.0,0.0,0.0,0.0,0.0,0.0,1,STAD
TCGA-CG-4444-01,0.5751568014901474,0.0,0.0,0.0,0.0,0.0,0.0,0.0,0.0,4.9867982372336414e-05,0.0,0.0,0.0,0.0,0.0,0.0,0.0,0.0,0.0001152722983105269,0.0,0.0,0.0,0.0,0.0,0.0,0.0,0.0,0.0,0.0,0.0,0.0,0.0,0.0,0.0,0.0,0.0,0.0,0.0,0.02879464360217966,0.0,0.0,0.0,0.0,0.0,0.0,0.025407511990512006,0.0,0.0,0.0,0.0,0.0,0.0,0.0,0.0,0.0,0.006150379888408836,0.0,0.0,0.0,0.0,0.0,0.0,0.0,0.0,0.0,0.0,0.0,0.0,0.0,0.0,0.0,0.0,0.004863175532816804,0.0,0.0,0.0,0.0,0.0,0.0,0.0,0.0,0.005529313759631004,0.0,0.0,0.0,0.0,0.0,0.02306516852598618,0.0,0.0,0.0,0.0,0.0,0.0,1.0,0.0,0.0,0.0,0.0,0.0,1,STAD
TCGA-CG-4442-01,0.4440199210414089,0.0,0.0,0.0,0.0,0.0,0.0,0.0,0.0,0.0,0.0,0.0,0.0,0.0,0.0,0.0,0.0,0.0,0.0,0.0,0.0,1.0,0.0757214734006102,0.0,0.0,0.0,0.0,0.00968010389712472,0.0,0.0,0.0,0.0,0.0,0.0,0.0,0.0,0.0,0.0,0.0,0.0,0.0,0.0,0.0,0.0,0.0,0.0,0.0,0.0,0.0,0.0,0.0,0.0,0.0,0.0,0.0,0.0,0.0,0.0,0.0,0.0,0.0,0.0,0.0,0.0,0.0,0.0,0.0,0.0,0.0,0.0,0.0,0.02087570731697763,0.0,0.0,0.0,0.0,0.0,0.0,0.0,0.0,0.0,0.0,0.0,0.0,0.0,0.0,0.0,0.0,0.0,0.04231599493753089,0.0,0.0,0.0,0.0,0.0,0.0,0.0,0.0,0.0,0.0,1,STAD
TCGA-CG-4436-01,0.5930194101529703,0.0,0.0,0.0,0.0,0.0,0.0,0.00037887370869596997,0.0,0.0,0.0,0.0,0.0,0.0,0.0,0.0033689454788879583,0.0,0.0,0.0,0.0,0.0,0.0,0.0,0.0,0.0,0.0,0.0,0.0,0.0005592489838237587,0.0,0.0,0.0,0.0,0.0,0.0,0.0,0.0,0.0,0.0,0.0,0.0,0.0,0.0,0.0,0.0,3.827405814083424e-05,0.0,0.0,0.0,0.0,0.0,0.0009722361714342784,0.0,0.0,0.0,0.0,0.0,0.0,0.0,0.0,0.0,0.0,0.0,0.0,0.0,0.0,0.0,0.0,0.0,0.0,0.0,0.0,0.0,0.0,0.0,0.0,0.0,0.00034714387666754407,0.0,0.0,0.0,0.0,0.0,0.0,1.0,0.0,0.0,0.0,0.0,0.0,0.0,0.0,0.0,0.0,0.0,0.0,0.0,0.0,0.0,0.0,1,STAD
TCGA-D7-6815-01,0.7980093606591855,0.13102869565641126,0.0,0.0,0.0,0.0,0.0,0.0,0.0,0.0,0.0,0.0,0.0,0.0,0.0009037383814534273,0.014429712836822829,0.0,0.0,0.0,0.0,0.0,0.0,0.0,0.0,0.0,0.0,0.0,0.0,0.12452987734393961,0.0,0.0,0.0,0.0,0.0,0.0,0.0,0.12913610317076407,0.0,0.0,0.0,0.0,1.0,0.0,0.0,0.0,0.0,0.0,0.0,0.0,0.0,0.0,0.0,0.0,0.0,0.0,0.0,0.0,0.0,0.0,0.0,0.0,0.0,0.0,0.0,0.0,0.0,0.0,0.0,0.0,0.0,0.0,0.0,0.0,0.0,0.0,0.0,0.0,0.020134130514835844,0.0,0.0,0.0,0.0,0.04108605537820859,0.0,0.0,0.0,0.0,0.0,0.0,0.0,0.025123042597105176,0.0,0.0,0.0,0.0,0.0,0.0,0.0,0.0,0.0,1,STAD
TCGA-CG-4476-01,0.5260847599532313,0.0,0.0722549552960936,0.0,0.0,0.0766830126391805,0.0,0.0,0.0,0.0,0.11398783038449767,0.0,0.0,0.0,0.0,0.0,0.0,0.10095258112349992,0.01786850828109651,0.0018720550688841858,0.0,0.0,0.0,0.012838838214251825,0.0,0.0,0.0,0.0,0.33958650071525853,0.0,0.0,0.0,0.0,0.0063337587695374365,0.0,0.015470427265377047,0.0,0.0,0.8950096869893216,0.0,0.0,0.0,0.0,0.0,0.5807031178870062,0.0,0.0,0.007835753690834108,0.0,0.0,0.0,0.0,0.07012704147865025,0.0,0.05782553378313458,0.0,0.0,0.0,0.0,0.0,0.0,0.0,0.059549206050081994,0.0,0.0,0.0219431811690353,0.0,0.0009840237118455158,0.0,0.0,0.0,0.0,0.0,0.0,0.0,0.0,0.0,0.0,0.0,0.0,0.0,0.018540760954499205,0.002536837311865281,0.07331311965388966,0.0,0.0,0.0,0.0,0.0,0.0,0.0,0.03426924840364022,0.0,0.0,0.0,0.0,0.0,0.0,0.0,0.0,1,STAD
TCGA-BR-6458-01,0.7897766326494456,0.0,0.0,0.0,0.0,0.0,0.0,0.0,0.0,0.0,0.0,0.0,0.0,0.0,0.0,0.0,0.0,0.0,0.0,1.0,0.0,0.0,0.0,0.0,0.0,0.0,0.0,0.0,0.0,0.0,0.0,0.0,0.0,0.0,0.0,0.0,0.0,0.0,0.03162502001864343,0.0,0.0,0.0,0.0,0.006380238127841709,0.0,0.0,0.0,0.0,0.0,0.0,0.0,0.0,0.0,0.0,0.0,0.0,0.0,0.0,0.0,0.0,0.0,0.0,0.0,0.0,0.0,0.0,0.0,0.0,0.0,0.0,0.0,0.07707093772799004,0.04275499584800888,0.0,0.0,0.0,0.0,0.0,0.0,0.0,0.0,0.0,0.08117894318059772,0.0,0.0,0.0,0.0,0.0,0.0,0.0,0.0,0.0,0.014511727590644518,0.0,0.0,0.0,0.0,0.0,0.0,0.0,1,STAD
TCGA-BR-8486-01,0.6161544707625578,0.0,0.0,0.0,0.0,0.0,0.0,0.0,0.0,0.07457894188327559,0.0,0.0,0.0,0.0,0.0,0.0,0.0,0.0,0.51119190502529,0.0,0.0,0.0,0.0,0.0,0.0,0.0,0.0,0.0,0.0,0.0,0.0,0.0,0.0,0.0,0.07339004117589064,0.0,0.0,0.0,0.0,0.0,0.0,0.3004396096103599,0.0,0.0,0.2617018884243967,0.0847426551403867,0.0,0.3735876826234171,0.0,0.0,0.0,0.0,0.0018634674648747187,0.0,0.0,0.0,0.0,0.0,0.0,0.0,0.0,0.0,0.0,0.0,0.0,0.0,0.0,0.0,0.0,0.0,0.0,0.0,0.0,0.0,0.0,0.0,0.0,0.0,0.0,0.0,0.0,0.0,0.0,0.0,0.0,0.0,0.0,0.0,0.007225451519557797,0.0,0.0,0.0,0.0,0.0,0.0,0.0,0.0,0.0,0.0,0.0,1,STAD
TCGA-CD-5803-01,0.5832120825631345,0.0,0.0,0.0,0.0,0.0,0.0,0.0,0.008741366500615078,0.0,0.35980880573193236,0.0,0.6030075358726968,0.0,0.014847464236702641,0.0,0.0,0.019006175505058006,0.0,0.0,0.0,0.0,0.1855759481337167,0.10187147076435554,0.0,0.0,0.0,0.0,0.04261102988492368,0.0,0.0,0.0,0.0,0.0,0.0,0.0,0.0,0.0,0.0,0.0,0.0,0.0,0.0,0.0,0.0,0.0,0.06497870510380865,0.0,0.0,0.0,0.0,0.0,0.0,0.0,0.0,0.0,0.0,0.0,0.0,0.0,0.0,0.0,0.0,0.0,0.0,0.0,0.0,0.0,0.0,0.0,0.0,0.0,0.0,0.0,0.0,0.0,0.0,0.0,0.0,0.0,0.0,0.0,0.252559589109454,0.0,0.0,0.0,0.16016428914034578,0.0,0.0,0.0,0.0,0.0,0.0,0.0,0.0,0.0,0.0,0.0,0.0,0.0,1,STAD
TCGA-D7-6528-01,0.5011751415557759,0.0,0.0,0.0,0.0,0.0,0.0,0.0,0.0,0.0,0.0,0.0,0.0,0.0,7.975742851789917e-05,0.0,0.0,0.0,0.0,0.0,0.0,0.0,0.0,0.0,0.007074911187267827,0.0,0.0,0.0015033951130878967,0.0,0.0,1.0,0.0,0.0,0.0,0.0,0.0,5.516545839345953e-05,0.0,0.0,0.0,0.0,0.0,0.0,0.0,0.0,0.0,0.0,0.0,0.0,0.0,0.0,0.0,0.0,0.0,0.0,0.0,0.0,0.0,0.0,0.0,0.0,0.0,0.0,0.0,0.0,0.0,0.0,0.0,0.0,0.0,0.0,0.0,0.0,0.0,0.0,0.0,0.0,0.0,0.0,0.0,0.0,0.0,0.0,0.0,0.0,0.0,0.0,0.0,0.0,0.0,0.0,0.0,0.0,0.0,0.0,0.0,0.0,0.0,0.0,0.0,1,STAD
TCGA-BR-4201-01,0.11749780908024361,0.0,0.0,0.0,0.0,0.0,0.0,0.0,0.0,0.0,0.0,1.0,0.0,0.0,0.0,0.0,0.0,0.0,0.0,0.0,0.0,0.0,0.0,0.0,0.0027476966950248437,0.0008603526540358846,0.0,0.0,0.0,0.0,0.0,0.0,0.0,0.0,0.0,0.0,0.0,0.0011458767838669161,0.0,0.0,0.0,0.0,0.0,0.0,0.0,0.0,0.0,0.030407848454486457,0.0,0.0,0.0,0.0,0.0,0.0,0.0,0.0,0.36983557939598266,0.0,0.0,0.0,0.0,0.0,0.0,0.0,0.0,0.0,0.006330830545248978,0.0,0.0,0.03639176566014355,0.0,0.0,0.0,0.0,0.0,0.0,0.0,0.0,0.0,0.0,0.08601041921912149,0.0,0.10414335509148673,0.0,0.0,0.026043929746416606,0.0,0.0,0.0013475871748130479,0.002456866004915952,0.0,0.0,0.0,0.0,0.0,0.03219202314284708,0.0,0.0,0.0,0.0,1,STAD
TCGA-CG-4465-01,0.5201102350929205,0.0,0.0,0.0,0.0,0.047358901680590024,0.2272584625657294,0.0,0.0,0.0,0.0,0.04543668911545331,0.0,0.0,0.0,0.0,0.0,0.0,0.0,0.0,0.0,0.0,0.0,0.0,0.0,0.0,0.0,0.0,0.0,0.0,0.0,0.0,0.0,0.0,0.0,0.0,0.5685654822541679,0.06731375360516295,0.04397795534510635,0.0,0.00175073838177057,0.0,0.0,0.0,0.24078161680552265,0.0,0.0,0.0,0.0,0.0,0.0,0.0,0.0,0.0,0.0,0.0,0.0,0.0,0.0,0.0,0.0,0.0,0.0,0.0,0.0,0.0,0.0,0.0,0.0,0.0,0.0,0.0,0.0,0.0,0.0,0.0,0.0,0.0,0.0,0.0,0.0,0.0,0.0,0.0,0.0,0.0,0.0,0.23883122793819628,0.0,0.0,0.0,0.0,0.0,0.0,0.0,0.0,0.0,0.0,0.0,0.0,1,STAD
TCGA-BR-8373-01,0.603486924333341,0.0,0.0,0.0,0.0,0.0,0.0,0.0,0.00013801661020883978,0.0,0.0,0.0,0.0,0.0,0.0,0.0,0.0,0.0,0.0,0.0,0.0,0.0,0.012784980841822089,0.0,0.006615538946257329,0.0,0.0,0.0019116105651226188,0.0,0.0,0.02440045337209488,0.0,0.0,1.0,9.074555376771778e-05,0.0,3.069309199756437e-05,0.0,0.0,0.0,1.2937026531784377e-05,0.0,0.0,0.0,0.0,0.0,0.0,0.0,0.00018720036231886526,0.0,0.0,1.5441025582116022e-05,0.0,0.0,0.0,0.0,0.0,0.0,0.0,0.0,0.0,0.0,0.0,0.0,0.0,0.0,0.0,0.0,0.0,0.0,0.0,2.985911240427325e-05,0.0,0.0,0.0,0.0,0.0,0.0,0.0,0.0,0.0,0.0,0.0,0.0,0.0,0.0,0.0,5.4432092094485124e-05,0.0,0.0,0.0,0.0,0.0,0.0,0.0,0.0,0.0,0.0,0.0,0.0,1,STAD
TCGA-BR-4256-01,0.4743159644691124,0.0,0.0,0.0,0.0,0.0,0.0,0.0,0.0,0.0,0.6648735104754702,0.0,0.0,0.0,0.0,0.0,0.0,0.0,0.0,0.0,0.0,0.19058236641690604,0.0,0.0,0.0,0.0,0.0,0.0,0.0,0.04394220684771197,0.0,0.0,0.0,0.0,0.0,0.0,0.0,0.0,0.6835753309281364,0.0,0.0,0.0,0.0,0.37186841358969974,0.0,0.0627327627442519,0.0,0.0,0.0,0.0,0.0,0.0,0.0,0.0,0.0,0.0,0.0,0.0,0.0,0.0,0.0,0.16707213154057265,0.0,0.0,0.0,0.0,0.0,0.0,0.0,0.0,0.0,0.0,0.0,0.0,0.0,0.0,0.0,0.0,0.0,0.0,0.0,0.0,0.0,0.0,0.0,0.0,0.0,0.0,0.0,0.0,0.0,0.0,0.0,0.0,0.0,0.0,0.0,0.0,0.0,0.0,1,STAD
TCGA-BR-6565-01,0.5186034178095935,0.08945107617846604,0.0,0.0,0.0,0.0,0.0,0.0,0.0,0.0,0.014965791812711784,0.0,0.06867540619729796,0.0,0.0,0.0,0.0007446707234271295,0.0,0.0,0.0,0.0,0.0,0.0,0.04495557081552674,0.0,0.0,0.0,0.0,0.0,0.0,0.0,0.0,0.0,0.0,0.0,0.0,0.028272334527001924,0.0,0.6312223861369656,0.0,0.0,0.0,0.0,0.0045560023800277774,0.0,0.0,0.0,1.0,0.0,0.0,0.0,0.0,0.0,0.0,0.0,0.0030938010687566278,0.0,0.0,0.0,0.002241821732904309,0.0,0.0,0.0,0.0,0.0,0.0,0.0,0.0,0.0,0.0,0.0,0.0,0.0,0.0,0.0,0.0,0.0,0.07807309720227074,0.0,0.0,0.0,0.0,0.06761672079548646,0.0,0.0,0.0,0.0,0.0,0.0,0.0,0.009963644055886275,0.0,0.0,0.0,0.0,0.0,0.0,0.0,0.0,0.0,1,STAD
TCGA-D7-6520-01,0.7916354751568723,0.0,0.0,0.0,0.0,0.0,0.0,0.0,0.0,0.0,0.0,0.0,0.0,0.0,0.0,0.0,0.0,0.0,0.0,0.0,0.0,0.003782792771451324,0.0,0.0,0.005145238217285098,0.0,0.0,0.0,0.0,0.00407939699046073,0.0,0.0,0.0,0.0,0.0,1.0,0.0,0.0,0.00027139138632917395,0.0,0.0,0.0,0.0,0.0,0.0,0.0,0.0,0.0,0.0,0.0,0.0,0.0,0.0,0.0,0.0,0.00014909521250485702,0.0012897012309167736,0.0,0.0,0.0,0.0,0.0,0.0,0.0,4.966016571103489e-08,0.0,0.0,0.0,0.0,0.0,0.0,0.0,0.0,0.0,0.0,0.0,0.0,0.0,0.0,0.0,0.0,0.0,0.0,0.0,0.0,0.0,0.0,0.0,0.0,0.0,0.0,0.0,0.0,0.0,0.0,0.0,0.0,0.0,0.0,0.0,1,STAD
TCGA-HU-A4H0-01,0.37975587115740317,0.0,0.0,0.0,0.0,0.0,0.000552840186853127,0.0,0.0,0.0,0.0,0.0,4.8812859391678995e-05,0.0,0.0,0.0,0.0,0.0,0.0,0.0,0.0,0.0,0.0,0.00368463120293228,0.0,0.0,0.0,0.0,0.0,0.0,0.0,0.0,0.0,0.0,0.0,0.0,0.0,0.0,0.0,0.004547251826829168,0.0,0.0,0.010277009399974963,0.0,0.0,0.0,0.0,0.0,0.0,0.0,0.0,0.0,0.0022071839782396453,0.0,0.0,0.0,0.0,0.0,0.0,0.0,0.0,0.0,0.0,0.0,1.0,0.0,0.0,0.0,0.0,0.0,0.0,0.003252181737606566,0.0,0.0,0.0,0.0,0.0,0.0,0.0,0.0,0.002219278152783141,0.0,0.0,0.001984254637963038,0.0,0.0,0.0,0.0,0.0,0.0,0.0,0.0,0.0,0.0,0.0,0.0,0.0,0.0,0.0,0.0,1,STAD
TCGA-CG-5730-11,0.7363798712075376,0.0,0.0,0.0,0.0,0.09626675959522338,0.0,0.0,0.0,0.0,0.07359841405628052,0.0,0.12389353237835661,0.0,0.0,0.0,0.0,0.0,0.06613690942351916,0.0,0.0,0.0,0.0,0.0,0.0,0.0,0.0,0.0,0.0,0.0,0.0,0.0,0.0,0.0,0.0,0.0,0.0,0.0,0.0,0.0,0.0,0.0,0.0,0.015719923624640232,0.0,0.0,0.0,0.0,0.0,0.0,1.0,0.04852338819618454,0.0,0.0,0.0,0.0,0.0,0.0,0.0,0.0,0.0,0.0,0.0,0.0,0.0,0.0,0.10116340202402459,0.0,0.0,0.0,0.0,0.0,0.0,0.0,0.0,0.0,0.0,0.0,0.0,0.0,0.0,0.0,0.0,0.0,0.0,0.0,0.0,0.016880004209934577,0.0,0.0,0.0,0.0,0.0,0.0,0.0,0.0,0.0,0.0,0.0,0.0,0,STAD
TCGA-BR-6705-01,0.6857794327414356,0.0,0.0,0.0,0.0,0.0,0.023475855421218227,0.0,0.0,0.0,0.0,0.0,0.08905635296447084,0.0,0.0,0.0,0.0,0.0,0.0,0.0,0.0,0.0,0.0,0.015388896851066864,0.02601252908912326,1.0,0.0,0.0,0.0,0.0,0.0,0.0,0.0,0.0,0.0,0.0,0.0,0.009967414112041582,0.0,0.0,0.0,0.0,0.0,0.02164469703369697,0.0,0.0,0.00038020544521689075,0.0,0.0,0.0,0.0,0.0,0.0,0.0,0.0,0.04858636841301877,0.0,0.0,0.0,0.0,0.0,0.0,0.0,0.0,0.0,0.0,0.0,0.0,0.0,0.0,0.0,0.0,0.0,0.0,0.0,0.0,0.0,0.0,0.0,0.0,0.002111196625445391,0.0,0.0,0.0,0.0,0.0,0.0,0.0,0.0,0.0,0.0,0.0,0.0,0.0,0.0,0.0,0.0,0.0,0.0,0.0,1,STAD
TCGA-D7-6522-01,0.672580934370946,0.0,0.0,0.0,0.0,0.14432584921984476,0.0,0.0,0.0,0.007098520994338818,0.19164231898947065,0.0,0.09132922481477389,0.0,0.0,0.0,0.00594536993859964,0.0,0.06382305560410456,0.0,0.0,0.0,0.0,0.0,0.0,0.0,0.0,0.018956286656807937,0.0,0.0025979560323102897,0.0,0.010863367070235946,0.0,0.0,0.0,0.00016392068959598724,0.2844467142726902,0.0,0.6726601835019468,0.06327749591392551,0.0,0.0,0.0,0.0,0.0,0.03095000773206962,0.0,0.0,0.0,0.0,0.0,0.0,0.0,0.0,0.0,0.0,0.0,0.0,3.3795788951991734e-06,0.0,0.0,0.006163672950715766,0.0,0.0,0.0,0.0,0.0,0.0,0.0,0.0,0.0,0.0,0.0,0.0,0.0,0.0,0.0,0.0,0.0,0.0,0.0,0.015479538742413366,0.8113228027144084,0.0,0.0,0.0,0.0,0.0,0.0,0.0,0.0,0.0,0.0,0.0,0.0,0.0,0.0,0.009539240006768325,0.0,0.0,1,STAD
TCGA-CG-5722-01,0.5831453003645496,0.0,0.0,0.0,0.0,0.0,0.0,0.00040649027420160805,0.0,0.0,0.0004595285587368715,0.003961395051658344,0.0,0.0,0.0,0.0,0.0,0.0,0.0,0.0,0.0,0.0,0.0,0.0007080569827025091,0.0,0.0,0.0,0.0,0.0,0.0,0.0,0.0,0.0,0.0,0.0,0.0,0.0,0.0,0.0008460181852428875,0.0012970672868041454,0.0,0.0,0.0,0.0,4.292167218867424e-06,0.0,0.0,0.0,0.0,0.0,0.001320190440251289,0.0,0.0,0.0036767962037079402,0.0,0.0,0.0,0.0,0.9999999999999999,0.0,0.0,0.0,0.0,0.0,0.0,0.0,0.0,0.0,0.0,0.0,0.0,0.0,0.0,0.0,0.0,0.0,0.0,0.0,0.0,0.0,0.0,0.0,0.0,0.0,0.0,0.0,0.0,0.0,0.0,0.0,0.0,0.0,0.0,0.0,0.0,0.0,0.0,0.0,0.0006069049806990987,0.0,1,STAD
TCGA-CG-5717-01,0.653974054220771,0.0,0.0,0.0,0.0,0.0,0.0,0.0,0.0,0.0,0.0,0.0,0.0,0.0,0.0,0.0,0.0,0.0,0.0,0.0,0.0,0.0,0.0,0.0,0.0,0.0,0.0,0.0,0.0,0.0,0.0,0.0,0.0,0.0,0.0,6.504782478454196e-05,0.0,0.0,0.0,0.0,0.0,0.0,0.0,0.0,0.0,0.0002576513467293122,0.0,0.0,0.0,0.0,0.0,5.216427354830084e-05,0.0,0.0,0.0,0.0,0.0,0.0,0.0,0.0,0.009249557791089817,0.0,0.0,0.0,0.0,0.0,0.0,0.0,0.0,0.0,0.0,0.0,0.0165601774580559,0.0,0.0,0.0,0.0,0.0,0.0,0.0,0.0,0.020748346991626577,0.0,0.0015550703290620198,0.0,0.0,0.0,0.0007122191647099168,0.0,0.0,0.0,0.0,0.0,0.0,0.0,1.0,0.0,0.0,0.0,0.0,1,STAD
TCGA-FP-7998-01,0.5311619095080476,0.0,0.0,0.0,0.0,0.0,0.024283404963949366,0.0,0.0,0.0,0.0,0.0,1.0,0.0,0.0,0.0,0.0,0.0,0.0,0.0,0.0,0.0,0.0,0.0,0.0,0.0,0.0,0.0,0.0,0.0,0.0,0.0,0.0,0.0,0.0,0.0,0.0,0.0,0.6578697722260559,0.0,0.0,0.0,0.0,0.0,0.010987821906895913,0.06293260914158286,0.0,0.0,0.0,0.0,0.0,0.0,0.0,0.0,0.0,0.0,0.0,0.0014413753011932565,0.0,0.0,0.15684498212461728,0.0,0.0,0.0,0.03164758708132498,0.0,0.0,0.0,0.0,0.0,0.0,0.0,0.0,0.0,0.0,0.12305016047991371,0.0,0.0,0.0,0.0,0.0,0.0,0.0,0.0,0.0,0.0,0.0,0.0,0.0,0.0,0.0,0.0,0.0,0.0,0.0,0.0,0.0,0.0,0.0,0.0,1,STAD
TCGA-CG-4474-01,0.6023362413496169,0.0,0.0,0.0,0.0,0.4075357091690742,0.07469440693006306,0.019219611132819694,0.0,0.0,0.0,0.0,0.0,0.0,0.0,0.0,0.0,0.0,0.15981089692441722,0.0,0.0,0.0,0.0,0.0,0.0785778156981991,0.0,0.021510413050577434,0.0,0.18195490863889122,0.0,0.0,0.0,0.0,0.0,0.0,0.0,0.2986094804916001,0.0,0.0,0.0,0.0,0.0,0.0,0.0,0.236024757954805,0.0,0.0,0.0,0.0,0.0,0.0,0.0,0.0,0.22983002724192453,0.004435741668946246,0.0,0.0,0.0,0.009730394995615328,0.0,0.0,0.0,0.0,0.0,0.022015377053307094,0.0,0.0,0.0,0.0,0.0,0.0,0.0,0.0,0.0,0.0010780611437219445,0.0,0.0,0.0,0.0,0.0,0.0,0.0,0.10203732753189977,0.0,0.0,0.0,0.0,0.0,0.0,0.0,0.0,0.0,0.0,0.0,0.0,0.0,0.0,0.0,0.0,0.0,1,STAD
TCGA-BR-6456-01,0.8796548721094506,0.0,0.0,0.0,0.0,0.0,0.0,0.0,0.0,0.0,0.020513631138059773,0.0,0.08493712275962595,0.0,0.0,0.0,0.0,0.09266021847277431,0.0,0.0,0.0,0.0,0.0,0.0029190884975338286,0.0,0.0,0.0,0.0,0.0,0.0,0.0,0.0,0.0,0.0,1.0,0.0,0.0,0.0,0.03677453159995747,0.0,0.0,0.0,0.0,0.0,0.0,0.0,0.0,0.0,0.0,0.0,0.0,0.0,0.0,0.0,0.0,0.0,0.0,0.0,0.0,0.0,0.0,0.0,0.02294201484632242,0.0,0.0,0.0,0.0,0.0,0.0,0.0,0.0,0.0,0.0,0.0,0.0,0.0,0.0,0.0,0.0,0.0,0.0,0.0,0.05057885491344962,0.0,0.0,0.00013664678410718476,0.0,0.0,0.0,0.0,0.0,0.0,0.0,0.0,0.0,0.0,0.0,0.0,0.0,0.0,1,STAD
TCGA-BR-6564-01,0.4756375566227287,0.0,0.0,0.026947800173696995,0.0,0.031129150534048126,0.0,0.0,0.0,0.0,0.0,0.0,0.0,0.0,0.008216045148728673,0.0,0.0,1.0,0.0,0.0,0.0,0.0,0.0,0.0,0.0,0.0,0.0,0.0,0.0,0.0,0.0,0.0,0.0,0.0,0.0,0.0,0.08587554951561623,0.0,0.0,0.001863087853948726,0.0,0.0,0.07003683690377502,0.0,0.0,0.0,0.031778969893049,0.0,0.0,0.01997228342604045,0.10533091620365898,0.0,0.0,0.0,0.0,0.017793590476699116,0.0,0.009331946209086792,0.0,0.0,0.0,0.0,0.0,0.0,0.0,0.0,0.0,0.0,0.0,0.0,0.0,0.0178495334809715,0.0,0.0,0.0,0.0,0.0,0.0,0.0,0.0,0.009807304194323858,0.0,0.0,0.052030506603480256,0.0,0.0,0.0,0.0,0.0,0.0,0.0,0.0,0.0,0.0,0.0,0.0,0.0,0.0,0.019938480903783137,0.006387414800224346,1,STAD
TCGA-F1-6177-01,0.2807716999947021,0.0,0.0,0.0065382011828844155,0.0,0.0,0.00019932490191829883,0.0,0.0,0.0,0.0,0.0,0.0,0.0,0.0,0.0,0.0,0.0,0.0,0.0,0.0,0.0,0.0,0.0,0.0,0.0,0.0,0.0,0.0,0.0,0.0,0.0044730138801501885,0.0,0.0,0.00398507629406974,0.0,0.0,0.0,0.0,0.0,0.0,0.0,0.0,0.0,0.0,0.0,0.0,0.009610461031144966,0.0,0.0,0.0,0.0,0.0,0.0,0.0,0.0,0.0,0.0,0.0,0.0,0.0,0.0,0.0,0.0,0.0,0.0,0.0,0.0,0.0,0.0,0.0,0.0,0.0,0.0,0.0,0.0019836067520868726,0.0,1.0,0.0,0.0,0.0,0.0,0.0,0.0,0.0014877618718809058,0.0,0.0,0.0,0.0,0.0,0.0,0.0,0.0,0.0,0.0,0.0,0.0,0.0,0.0,0.00020133718347605875,1,STAD
TCGA-BR-4255-01,0.6274948141192749,0.14062564220575416,0.0,0.0,0.0,0.0,0.0,0.03345202676487048,0.0,0.0,0.44440232319711387,0.0,0.0,0.0,0.0,0.0,0.0,0.28262467332512203,0.0,0.2580481900120015,0.012384875009177843,0.0,0.0,0.14350707215819805,0.03271632046731261,0.0,0.0,0.03828558817722345,0.0,0.0,0.0,0.0,0.0,0.0,0.0,0.0,0.0,0.0,0.0,0.0,0.0,0.0,0.0,0.0,0.0012966487199480893,0.0,0.0,0.0,0.0,0.0,0.0,0.007891022888678543,0.0,0.09007999160998276,0.0,0.0,0.0,0.0,0.0,0.0,0.0,0.0,0.0,0.0,0.0,0.0,0.0,0.0015641953635874555,0.0,0.0,0.0,0.0,0.0,0.06634606072688007,0.0,0.0,0.0,0.0,0.0,0.0,0.0,0.0,0.0,0.0,0.0,0.014169240841932888,0.06288969315551693,0.0,0.0,0.0,0.0,0.0,0.0,0.0,0.0,0.0,0.0,0.0,0.0,0.0,1,STAD
TCGA-CD-5799-01,0.3777550517525221,0.0,0.0,0.0,0.0,0.026533730108338087,0.0,0.0,0.0,0.0,0.0,0.0,0.0,0.0,0.0,0.0,0.0,0.0,0.031814864095071144,0.0,0.0,0.0,1.0,0.0,0.0,0.0,0.0,0.0,0.0,0.0,0.0,0.0,0.0,0.0,0.0,0.0,0.0075960612789670754,0.0,0.6593640608150679,0.0,0.0,0.0,0.0,0.0,0.0,0.0,0.0,0.0,0.0,0.0,0.0,0.0,0.0,0.0,0.0,0.0,0.0,0.0,0.0,0.0,0.0,0.0,0.0,0.0,0.0,0.0,0.0,0.0,0.0,0.0,0.0,0.0,0.0,0.0,0.0,0.0,0.0,0.0,0.0,0.0,0.0,0.0,0.0,0.0,0.0,0.0,0.0,0.0,0.0,0.0,0.0,0.0,0.0,0.0,0.0,0.0,0.0,0.0,0.0,0.0,1,STAD
TCGA-BR-4367-01,1.0,1.0,0.0,0.0,0.0,0.0,0.0751754117206097,0.0,0.0,0.0,0.0,0.0,0.0,0.0,0.0,0.0,0.0,0.0,0.0,0.0,0.0,0.0,0.0,0.0,0.0,0.0,0.0,0.0,0.0,0.0,0.0,0.0,0.0,0.0,0.0,0.0,0.0,0.0,0.057316937489424374,0.0,0.03491020248200745,0.0,0.0,0.011488223861910521,0.0,0.021632379528963065,0.0,0.0,0.0,0.0,0.0,0.0,0.0,0.0,0.0,0.0,0.0,0.0,0.0,0.0,0.0,0.0,0.0,0.0,0.0,0.0,0.0,0.0,0.0,0.0,0.0,0.0,0.00017183782761883679,0.0,0.0,0.0,0.0,0.0,0.0,0.0,0.0,0.00021955148112949279,0.0,0.0,0.0,0.0,0.0,0.0,0.0,0.0,0.0,0.0,0.0,0.0,0.0,0.0,0.0,0.0,0.0,0.0,1,STAD
TCGA-B7-5818-01,0.2530124854430483,0.0,0.0,0.0,0.0,0.0,0.0,0.0,0.0,0.0,0.0,0.0,0.0,0.0,0.0,0.0,0.0,0.0,0.0,0.0,0.0,0.0,0.0,0.0,0.0,0.0,0.0,0.0,0.0,0.0,0.0,0.0,0.0,0.0,0.0,0.0,0.0,0.0,0.0,0.0,0.0,0.0,0.0,0.0,0.0,0.0,0.0,0.0,0.0,0.0,0.0,0.0,0.0,0.0,0.0,0.0,0.0,0.0,0.0,0.006804829305178958,0.0,0.0,0.0,0.0,0.0,0.0,0.0,0.0,0.0,0.0,0.0,0.0,1.0,0.0,0.0,0.0,0.0,0.0,0.0,0.0,0.0,0.0,0.0,0.0,0.0,0.0,0.0,0.0,0.0,0.0,0.0,0.0,0.0,0.0,0.0,0.0,0.0,0.0,0.0,0.0,1,STAD
TCGA-BR-4279-01,0.523949166782735,0.0,0.0,0.0,0.0,0.0,0.0,0.0,0.0,0.0,0.6002617784202056,0.0,0.0,0.0,0.0,0.0,0.0,0.0024372853445234614,0.0,0.0,0.0,0.0,0.0,0.0,0.0,0.0,0.0,0.0,0.0,0.0,0.0,0.0,0.0,0.0,0.0,0.0,0.0,0.0,0.8140739161905967,0.0,0.0,0.0,0.0,0.0,0.0,0.0,0.0,0.0,0.0,0.0,0.0,0.0,0.0,1.0,0.0,0.0,0.14171037902806946,0.0,0.0,0.0,0.0,0.0,0.0,0.0,0.0,0.0,0.0,0.0,0.0,0.0,0.0,0.0,0.0,0.0,0.0,0.0,0.0,0.0,0.0,0.0,0.0,0.0,0.0,0.0,0.0,0.0,0.0,0.0,0.0,0.0,0.0,0.0,0.10952877849749884,0.0,0.0,0.0,0.0,0.0,0.0,0.0,1,STAD
TCGA-CG-5721-01,0.37489076594655013,0.0,0.0,0.0,0.0,0.0,0.0,0.0,0.0,0.0,0.0,0.0,0.0,0.0,0.0,0.0,0.0,0.0,0.0,0.0,0.0,0.0,0.0,0.0,0.0,0.0,0.0,0.0,0.0,0.0,0.0,0.0,0.0,0.0,0.0,0.0,0.0,0.0,0.09511715267984806,0.0,0.0,0.0,0.0,0.0,0.0,0.0,0.0,0.0,0.0,0.0,0.0,0.0,0.0,0.0,0.0,1.0,0.0,0.0,0.0,0.0,0.0,0.0,0.0,0.0,0.0,0.0,0.0,0.0,0.0,0.0,0.0,0.0,0.0,0.0,0.0,0.0,0.0,0.0,0.0,0.0,0.0,0.0,0.0,0.0,0.0,0.0,0.0,0.0,0.0,0.0,0.0,0.0,0.0,0.0,0.0,0.0,0.0,0.0,0.0,0.0,1,STAD
TCGA-BR-7722-01,0.8024968637920767,0.0,0.0,0.0,0.0,0.015239361682224076,0.0,0.0,0.0,0.0,0.0,0.0,0.0,0.0,0.0,0.0,0.0,0.0,0.0,0.0,0.0,0.0,0.0,0.0,0.0,0.0,0.0,0.0,0.0,0.0,0.0,0.0,0.0,0.0,0.0,0.0,0.0,0.0,0.9020337530864595,0.0,0.0,0.0,0.0,0.0,0.0,0.0,0.0,0.0,0.0,0.0,0.0,0.0,0.0,0.0,0.0,0.0,0.0,0.0,0.0,0.0,0.018062671709377948,0.0,0.0,0.0,0.0,0.0,0.0,0.0,0.0,0.0,0.0,0.0,0.017418923019143207,0.0,0.0,0.0,0.0,0.0,0.0,0.0,0.0,0.0,0.0,0.0,0.0,0.0,1.0,0.0,0.0,0.0,0.0,0.0,0.0,0.0,0.0,0.0,0.0,0.0,0.0,0.0,1,STAD
TCGA-D7-6518-01,0.7891719979093464,0.0,0.0,0.0,0.0,0.0,0.0,0.0012115579313241034,0.0,0.013700056007883397,0.0,0.0,0.0,0.0,0.0,0.0,0.03772157552491265,0.0,0.0,0.0,0.0,0.0,0.0,0.0,0.0,0.0,0.0,0.0,0.0,0.0,0.0,0.0,0.0,0.0,0.0,0.0,0.0,0.0,0.16314955530399852,0.0,0.0,0.0,0.02310671815312168,0.0,0.0,0.0,0.0,0.0,0.0,0.0,0.0,0.0,0.0,0.0,0.0,0.0,0.0,0.0,0.0,0.0,0.0,0.0,0.0,0.0,0.0,0.0,1.0,0.0,0.0,0.0,0.0,0.0,0.01148323946700175,0.0,0.0,0.0,0.0,0.0,0.0,0.0,0.0,0.0,0.0,0.0,0.0,0.0,0.0,0.0,0.0,0.0,0.0,0.0,0.0004365695838798193,0.0,0.0,0.0,0.0,0.008398194379851643,0.0,0.0,1,STAD
TCGA-CG-5732-01,0.37480804873464874,0.0,1.0,0.0,0.0,0.0,0.11158273004200983,0.004864024166816604,0.0,0.0,0.0,0.0,0.0,0.0,0.0,0.0008102283983523295,0.0,0.0,0.0,0.0,0.0,0.0,0.0,0.0,0.0013444023662219258,0.0,0.0,0.0,0.0,0.0,0.0,0.0,0.0,0.0,0.0,0.0,0.0009404071384719723,0.0,0.0,0.0,0.0,0.0,0.0,0.0,0.0,0.009054576614026281,0.0,0.0,0.0,0.0,0.0,0.0,0.0,0.0,0.0,0.02113538402253133,0.0,0.0,0.0,0.0,0.0,0.0,0.0,0.002050051804269258,0.0,0.0,0.0,0.0,0.0,0.0,0.0,0.0,0.054415436356657895,0.0,0.0,0.0,0.0,0.0,0.0,0.0,0.0,0.0,0.0,0.0,0.0,0.0,0.037574106083820946,0.026207339750790946,0.0,0.0,0.0,0.0,0.0,0.0,0.0,0.0,0.0,0.0,0.0,0.0,1,STAD
TCGA-D7-6822-01,0.555814087066334,0.0,0.0,0.0,0.0,0.0,0.0,0.0,0.0,0.0,0.0,0.0,0.0,0.0,0.0,0.0,0.0,0.0,0.0,0.0,0.0,0.0,0.0,0.0,0.0,0.0,0.0,0.0,0.0,0.0,0.0,0.0,0.0,0.0,0.0,0.0,0.0,0.0,0.0,0.0,0.0,0.0,0.0,0.0,0.0,0.00027802947729325316,0.0,0.0,0.00015027460026294196,0.0,0.0,6.224295071863506e-05,0.0,0.0,0.0,0.0,0.0,0.0,0.0,0.0,0.029306980714361792,0.0,0.0,0.0,0.0019018567414764386,0.0,0.0,0.0,0.0,0.0,0.0,0.0,0.0,0.0,0.0,0.0,0.0,0.003911609996203849,0.0,0.0,0.0,0.0,0.0,0.0,0.003824319093044805,0.0,0.0,0.002534192716599023,0.0,0.0,0.00014675886286247093,0.0,0.0,0.0,0.0,0.0,1.0,0.0,0.0,0.0,1,STAD
TCGA-BR-6457-01,0.5145229443431155,0.07734009465422496,0.0,0.0,0.0,0.0,0.0,0.0,0.0,0.0,0.04093286062949658,0.0,0.0,0.0,0.0,0.05514028831782847,0.0,0.6013217755269437,0.0,0.0016284425250230382,0.0,0.0,0.008153082514402351,0.01786240925315388,0.0,0.1354183637978314,0.0,0.0,0.0,0.0,0.01753967973786281,0.03683424114126926,0.0,0.0,0.0,0.0,0.0,0.0,0.6039443947120816,0.0,0.00012924169823021062,0.0,0.0,0.0,0.0,0.0,0.0,0.0,0.0,0.0,0.0,0.12344366367210315,0.0,0.0,0.0,0.0,0.0,0.0,0.0,0.0,0.0,0.013120348926308511,0.0067298038846565775,0.0,0.0,0.019692646630003093,0.0,0.0,0.0,0.0,0.0,0.0,0.0,0.0,0.0,0.010779911591497672,0.0,0.0,0.0,0.0,0.0,0.0,0.21737901109583668,0.0,0.0,0.0,0.0,0.00338076439960005,0.0,0.0,0.0,0.03967458419299172,0.04517587728240612,0.0,0.0,0.0,0.0,0.0,0.0,0.01357720209054451,1,STAD
TCGA-D7-6526-01,0.5347693044788983,0.0,0.0,0.0,0.0,0.0,0.0,0.0,0.0,0.0,0.0,0.0,0.0,0.0,0.0,0.0,0.0,0.0,0.0,0.0,0.0,0.0,0.0,0.0,0.0,0.0,0.0,0.0,0.0,0.0,0.0,0.0,0.0,0.0,0.0,0.0,0.0,0.0,0.0,0.0,0.0,0.0,0.0,0.0,0.0,0.0,0.0,0.0,0.0,0.0,0.0,0.0,0.0,0.0,0.0,0.0,0.0,0.0,0.0,0.0,0.0,0.0,0.0,0.0,0.0,0.0,0.0,0.00047933963917363764,0.0,0.0,1.0,0.0001074116334038822,0.0,0.0,0.0,0.0,0.0,0.0,0.0,0.0,0.0,0.0,0.0,0.0,0.0,0.0,0.0,0.0,0.0,0.0,0.0,0.0,0.0,5.4513568352504936e-05,0.0,0.0,0.0,0.0,0.0,0.0,1,STAD
TCGA-IN-7806-01,0.6226337314661134,0.0,0.0,0.0,0.0,0.0,0.0005339416006368649,0.0005106662815357099,0.0,0.0,0.0,0.0,0.00029520998991333685,0.0,0.0,0.0,0.0,0.0,0.0,0.0,0.0,0.0,0.0,0.0,0.0,0.0,0.0,0.0001535632971712513,0.0,0.0,0.0,0.0,0.0,0.0,0.0,0.0,0.0,0.0,0.0,0.0,0.0,0.0,0.0,0.0,0.0,0.0004615695688957346,0.0,0.0,0.0,0.0,0.0,0.0,0.0,0.0,0.0,0.0040395977171267935,0.0,0.0,0.00021967936457795558,0.0,0.025484045166524916,0.015593446084839488,0.0,0.02313880930582155,0.00530136770470684,0.0,0.0,1.0,0.0,0.0,0.0,0.0,0.0005600665992400458,0.0,0.0,0.00031006511777119914,0.0,0.0,0.0,0.0,0.0,0.0,0.0,0.0,0.0,0.0,0.0,0.0,0.0,0.0,0.0,0.0,0.0,0.0,0.0,0.00016511920451376598,0.0,0.0,0.0,0.0,1,STAD
TCGA-CG-5723-01,0.47267771177506157,0.0,0.0,0.0,0.0,0.0,0.0,0.0,0.0,0.0,0.0,0.0,0.0,0.0,0.0,0.0,0.0,0.003973019999647377,0.0,0.0,0.0,0.0,0.0,0.0,0.0,0.0,0.0,0.0,0.0,1.0,0.0,0.0,0.0,0.0,0.0,0.0,0.0,0.0,0.0,0.0,0.0,0.0,0.0,0.0,0.0,0.0,0.0,0.0,0.0,0.0,0.0,0.0,0.0,0.0,0.0,0.0,0.0,0.0,0.0,0.0,0.0018607178109778812,0.0,0.0,0.0,0.0,0.0,0.0,0.0,0.0,0.0,0.0,0.0,0.0,0.0,0.0,0.0,0.0,0.0,0.0,0.0,0.0,0.0,0.002512822206483557,0.0,0.0,0.0,0.0,0.0,0.0,0.0017673822685754796,0.0,0.0,0.002922789568234221,0.0,0.0,0.0,0.0,0.0,0.0,0.0,1,STAD
TCGA-CG-4306-01,0.5458389257228785,0.0,0.0,0.0,0.2141790932278797,0.0,0.0,0.04730815892448759,0.0,0.0,0.0,0.0,0.0,0.0,0.0,0.0,0.0,0.0,0.0,0.0,0.0,0.19837763578979156,0.0,0.0,0.0,0.0,0.0,0.0,0.3887164470340326,0.04556874167538777,0.0,0.0,0.0,0.0,0.0,0.0,0.0,0.0,0.14463701094028258,0.0,0.04884953452559616,0.0,0.0,0.0,0.0,0.039471322037295364,0.0,0.0,0.004052645319782785,0.0,0.0,0.0,0.0,0.42173605206675197,0.0,0.0,0.0,0.0,0.0,0.0,0.0,0.0,0.0,0.0,0.0,0.0,0.0,0.0,0.0,0.0,0.0,0.0,0.0,0.0,0.0,0.0,0.0,0.036106258453704576,0.0,0.0,0.0,0.04846793964652312,0.0,0.0,0.0,0.0,0.0,0.0,0.0,0.0,0.0,0.0,0.0,0.0,0.0,0.0,0.0,0.006879360643451515,0.0,0.0,1,STAD
TCGA-B7-5816-01,0.7724239401898787,0.0,0.0,0.0,0.0,0.0,0.0001792681043423526,0.0,0.0,0.0,0.0,0.0,0.0,0.0,0.0,0.0,0.0,0.0,0.0,0.0,0.0,0.0,0.0,0.06797739242659132,0.0,0.006352215833448611,0.0,0.0,0.0,0.0,0.0,0.0,0.0,0.0,0.0,0.0,0.0,0.0124469923478129,0.0,0.0,0.0,0.0,0.0,0.0,0.0,0.0,0.0,0.0,0.011264056649570668,0.0,0.0,0.0,0.0,0.0,0.0,0.0,0.0,0.0,0.0,0.007121973724890306,0.020255796380701605,1.0,0.0,0.0,0.0,0.0,0.0,0.0,0.0,0.0,0.0,0.0,0.0,0.0,0.0,0.0,0.02407387173441321,0.0,0.0,0.0,0.0,0.0,0.0,0.0,0.0,0.0,0.0,0.0,0.0,0.0,0.0003352329975543516,0.0,0.0024016161920974257,0.0,0.0,0.0,0.0,0.0,0.0,0.0,1,STAD
TCGA-CG-5726-01,0.6228287362196515,0.0,0.0,0.0,0.0,0.0,0.0,0.0,0.0,0.0,0.0,0.0,0.0,0.0,0.0,0.0,0.0,0.0,0.0,0.0,0.0,0.0,0.0,0.0,0.0,0.0,0.0,0.0,0.0,0.0,0.0,0.0,0.0,0.0,0.0,0.0,0.0,0.02018245862810285,0.3453104688853938,0.0,0.0,0.0,0.0,0.0,0.0,0.0,0.0,0.0,0.017251702811977743,0.0,0.0,1.0,0.0,0.0,0.0,0.0,0.0,0.0,0.0,0.0,0.0,0.0,0.0,0.0,0.0,0.0,0.0,0.0,0.0,0.0,0.0,0.0,0.0,0.0,0.0,0.0,0.0,0.0,0.0,0.0,0.0,0.0,0.0,0.0,0.01739166441198829,0.0,0.0,0.0,0.0,0.0,0.0,0.0,0.0,0.0,0.0,0.0,0.0,0.0,0.0,0.0,1,STAD
TCGA-BR-4369-01,0.5057412926708413,0.0,0.0,0.0,0.0,0.0,0.0004936303915814553,0.0,0.0,0.0,0.0,0.0,0.0002814164024574566,0.0,0.0,0.0,0.0,0.0,0.0,0.0,0.0,0.0,0.0,0.0,0.0,0.0,0.0,0.0,0.0,0.0,0.0,0.0,0.0,0.0,0.0,0.0,0.0,0.0,0.0006273457643093718,0.0,0.0,0.0,0.0005872070331396581,0.0,0.0,0.008447357467322045,0.0,0.0,0.0,0.0,0.0,0.0,0.0,0.0,0.0,0.0,0.0,0.0,0.0,0.0,0.08643644173390569,0.0,0.0,0.006788784972832508,0.03084852123831316,0.0,0.010872961235247731,0.0,0.0,0.0,0.0,0.0,0.004119722675251678,0.0,0.0,0.07147700745719318,0.0,0.0,1.0,0.0,0.0,0.0,0.0,0.0,8.27896576731584e-05,0.0,0.0,0.00036268455257647747,0.0,0.0,0.0,0.0,0.0,0.0,0.0,0.0,0.0,0.0,0.0,0.0,1,STAD
TCGA-CG-5720-01,0.7529286315743648,0.03380819594378141,0.0,0.0,0.0,0.0,0.0,0.0,0.0,0.0,0.0,0.0,0.0,0.0,0.0,0.031267236714865615,0.0,0.0,1.0,0.0,0.0,0.0,0.0,0.0,0.06498426979489796,0.0,0.0,0.0,0.0,0.0,0.0,0.0,0.0,0.0,0.0,0.0,0.018002810826301046,0.0,0.7893892005978921,0.0,0.0005533039121039224,0.0,0.0,0.0,0.0,0.0,0.0,0.0,0.0,0.0,0.0,0.0,0.0,0.0,0.0,0.0,0.0,0.0,0.0,0.0,0.0,0.0,0.0,0.0,0.0,0.0,0.0,0.0,0.0,0.0,0.0,0.0,0.026497269140620523,0.0,0.0,0.0,0.0,0.1031391024843171,0.0,0.0,0.0,0.0,0.0,0.0,0.0,0.0,0.0,0.11118850065709485,0.0,0.0,0.002717446731193389,0.0,0.0,0.0,0.0,0.0,0.0,0.0,0.0,0.0,1,STAD
TCGA-D7-6527-01,0.8148989490043377,0.0,0.0,0.0,0.0008403126350969043,0.0,0.0,0.0,0.0,0.006533866975289464,0.0,0.0,0.0,0.0,0.0,0.0,0.0,0.0,0.0,0.0,0.0,0.0,0.0,0.0,0.0064300038154980355,0.0,0.0,0.0,0.0,0.0,0.0,0.0,0.0,0.0,0.0,0.0,0.001997854053454353,0.0,0.0,0.0,0.021376036884900407,0.0,0.0,0.0,0.0,0.006630271360020324,0.021004182213967246,0.0,0.0,0.0001994482170527144,0.0,0.0,0.0,0.0,0.0,0.005028389877821587,0.0,0.0,0.0,0.0,0.0,0.0,0.0,0.0,0.0,0.0,0.0,0.0,0.0,0.0,0.0,0.0,0.0,0.0,0.0,0.0,0.0,0.0,0.0,0.0,0.0,0.0,0.0,0.0,0.0,0.0,0.0,0.0,0.0,0.0,0.0,1.0,0.0,0.0,0.0,0.0,0.0,0.0,0.0,0.0,1,STAD
TCGA-CG-5733-11,0.7045511179215509,0.0,0.0069046961100819775,0.0,0.0,0.0,0.0,0.0,0.0,0.0,0.0,0.0,0.0,0.0019528488785077742,0.0,0.0,0.0,0.0,0.06048698605414192,0.0,0.0,0.0,0.0,0.0,0.0,0.0,0.014529342281325033,0.0,0.0,0.0,0.0,0.00047783291312081667,0.0,0.0,0.0,0.0,0.0,0.0,0.0,0.018066212603657504,0.0,0.0,0.008338729211044523,0.0,0.0,0.032217045679966166,0.0,0.0,0.0,0.0,0.010533469017238223,0.0,0.011829766228253373,0.001821562531829305,0.0,0.0,0.0,0.01188104682135033,0.0,0.0,0.0,0.0,0.15576123248044377,0.0,0.0,0.0,0.0,0.0,0.0,0.0,0.0,0.0,0.0,0.0,0.0,0.006229807824913896,0.0,0.0,0.0,0.0,0.0,0.06583003421685266,0.12514031139340392,0.7647709867345068,0.0,0.0,0.05829896015822492,0.0,0.0,0.0,0.0,0.0,0.0,0.0,0.0,0.0,0.0,0.0,0.0,0.0,0,STAD
TCGA-BR-4267-01,0.6282087509126761,0.0,0.0,0.0,0.0,0.0,0.0,1.0,0.0,0.0,0.0,0.0,0.0,0.0,0.0,0.0,0.0,0.0,0.0,0.0,0.0,0.0,0.0,0.0,0.0,0.0,0.0,0.0,0.0,0.0,0.0,0.00032388570796515335,0.0,0.0,0.0,0.0,0.0,0.0,0.7381704452551865,0.0,0.0,0.0,0.0,0.0,0.0,0.018395854261194697,0.0,0.0,0.0,0.0,0.0,0.0,0.0,0.0,0.0,0.0,0.0,0.0,0.0,0.0,0.009156615795000437,0.0,0.0,0.0,0.0,0.0,0.0,0.0,0.0,0.0,0.0,0.0,0.0030409020192445043,0.0,0.0,0.0,0.0,0.0,0.0,0.0,0.0,0.0,0.0,0.0,0.0,0.0,0.0,0.0,0.0,0.0,0.0,0.0,0.0,0.0,0.0,0.0,0.0,0.0,0.0,0.0,1,STAD
TCGA-BR-4187-01,0.479681412039328,0.0,0.0,0.0,0.0,0.3695086205441351,0.0,0.0,0.0,0.0,1.0,0.06964743493422271,0.0,0.0,0.0,0.0,0.0,0.0,0.08257449791943958,0.0,0.0,0.0,0.0,0.0,0.0,0.0,0.0,0.0,0.0,0.0,0.0,0.0,0.0,0.0,0.0,0.0,0.0,0.0,1.0,0.0,0.0,0.0,0.0,0.0,0.02207389413570333,0.0,0.0,0.0,0.009805349596537161,0.0,0.11762183458379513,0.0,0.0,0.0,0.0,0.0,0.0,0.0,0.0,0.0,0.0,0.0,0.0,0.0,0.0,0.0,0.0,0.0,0.0,0.0,0.0,0.0,0.0011437798718075308,0.0,0.0,0.0,0.0,0.0,0.0,0.0,0.0,0.14327412657535024,0.0006835266700526724,0.0,0.024879320214465758,0.0,0.0,0.0362762882679146,0.0,0.0,0.0,0.0,0.0,0.0,0.0,0.0,0.0,0.0,0.0,0.0,1,STAD
TCGA-BR-6801-01,0.5924481087606049,0.0,0.0,0.0,0.0,0.0,0.00914551120405773,0.0,0.0,0.0,0.0,0.02310005288438615,0.0,0.0,0.0,0.0,1.0,0.0,0.0,0.0,0.0,0.0,0.0,0.0,0.0,0.0,0.0,0.0,0.0,0.0,0.0,0.0,0.0,0.0,0.0,0.0,0.0,0.0,0.0,0.0,5.1904221403296145e-05,0.0,0.0,0.00879001860902432,0.0,0.0,0.0,0.0,0.0,0.0,0.0,0.0,0.0,0.0,0.0,0.004223798098607575,0.0,0.0,0.0,0.0,0.0,0.0,0.0,0.0,0.0,0.0,0.0,0.0,0.0,0.0,0.0,0.0,0.0,0.0,0.00635260567169698,0.0,0.0,0.0,0.0,0.0,0.0,0.0,0.0,0.0,0.0,0.0,0.0,1.4869440734977349e-05,0.0,0.0,0.0,0.0,0.0,0.0,0.0,0.0,0.0,0.0,0.0,0.0,1,STAD
TCGA-BR-6454-01,0.629107160815499,0.0,0.0,0.0,0.0,0.0,0.0,0.0,0.0,0.0,0.0,0.0,0.0,0.0,0.0,0.0,0.0,0.0,0.0,0.0,0.0,0.0,0.0,0.0,0.0,0.0,0.0,0.0,0.0,0.0,0.0,0.0,0.0,0.0,0.0,0.0,0.0,0.0,0.0,0.0,0.0,0.0,1.0006153894228787e-07,0.0,0.0,0.002699681436468396,0.0,0.0,0.0,0.0,0.0,0.0006104656214182285,0.0,0.0,0.0,0.0,0.0,0.0,0.0,0.0,0.01817002799950738,0.0005449488686483546,0.0,1.0,0.0,0.0,0.0,0.0,0.0,0.0,0.0,0.0,0.0,0.0,0.0,0.0,0.0,0.0,0.0,0.0,0.0,0.0,0.0,0.0,0.0,0.0,0.0,4.8570283700232805e-05,0.0,0.0,0.0,0.0,0.0,0.0,0.0,0.0,0.0,0.0,0.0,0.0,1,STAD
TCGA-CG-5728-11,0.6448605581050174,0.0,0.0,0.0,0.0,0.012378918791750735,0.032163545367022595,0.0,0.0,0.0,0.0,0.0,0.0,0.0,0.0,0.0,0.0,0.0,0.0,0.0,0.0,0.0,0.0,0.0,0.024732319390139337,0.0,0.0,0.0,0.0,0.0,0.0,0.0,0.0,0.001975693232797864,0.0,0.0,0.0,0.0077394080423677765,0.0,0.0,0.0,0.0,0.0,0.024142555802434316,0.0,0.0466830921583715,0.0,0.0,0.0,0.0,0.0,0.0,0.0,0.0,0.0,0.0033773067007127474,0.0,0.0,0.0,0.0,0.0,0.001916778074201942,0.0700715244479417,0.0,0.0,0.0,0.0,0.0,0.0,0.0,0.0,0.0,0.0,0.0,0.0,0.0,0.0,0.0,0.0,0.0,0.0,0.0,0.3088608340381182,0.8622488498402313,0.0,0.0,0.0,0.0,0.0,0.0,0.0,0.0,0.0,0.012484674000982915,0.0,0.0,0.0,0.0,0.0,0.0,0,STAD
TCGA-BR-4363-01,0.4939120745609574,0.0,0.0,0.0,0.0,0.0,0.0,0.0,0.0,0.0,0.0,0.00022311195223763245,0.0,0.0,0.00039676872640262656,0.0,0.0,0.0001810509803110895,0.0,0.0001886264239976938,0.0,0.0,0.0,0.0,0.0,0.0,0.0,0.0,0.0,0.0,0.0,0.0,0.0,0.0,0.0,0.0,0.0,0.0,0.0,0.0,0.0,0.0,0.0,0.0,0.0,0.00014855501056530837,0.0,0.0004715111855303539,0.0,0.0,0.0,0.0002923462535679548,0.0,0.0,0.0,0.0,0.004103833092128309,0.0,0.0,0.0,0.0,0.0476003173186499,0.00012012291560441257,0.0,0.0,9.370145436183463e-05,0.0,0.0,0.0,0.0003263881732311456,0.0,0.0,0.0007675875307003552,0.004323407264682063,1.0,0.0,0.0,0.0,0.0,0.0,0.0,0.0,0.0,0.0002798272443640837,0.0,0.0,0.0,0.0,0.0,0.0,0.0,0.0,0.0,0.0,0.0,0.0,0.0,0.0,0.0,0.0,1,STAD
TCGA-CG-5721-11,0.7284718826809251,0.0,0.0,0.0,0.0,0.0,0.0,0.00220302657343042,0.0,0.0,0.0,0.0,0.0,0.0,0.0,0.0,0.0,0.0,0.0,0.0,0.0,0.0,0.0,0.0,0.0,0.0,0.0,0.0,0.0,0.0,0.0,0.0,0.0,0.0,0.0,0.0,0.0,0.0,0.8971708184154905,0.0,0.0,0.0,0.0,0.0,0.0,0.0,0.016326087858961568,0.0,0.0,0.0,0.0,0.0,0.0,0.0,0.0,0.0,0.0,0.0,0.0,0.0,0.0,0.0,0.0,0.0,0.0,0.0,0.0,0.0,0.0,0.0,0.0,0.0,0.0,0.0,0.0,0.0,0.0,0.0,0.0,0.0,0.0,0.0,0.0,1.0,0.0,0.0,0.0,0.0,0.0,0.0,0.0,0.0,0.0,0.0,0.0,0.0,0.0,0.0,0.0,0.0,0,STAD
TCGA-BR-4292-01,0.8493995626479159,0.0,0.0,1.0,0.0,0.0,0.0,0.0,0.0,0.0,0.0,0.0,0.0,0.0,0.0,0.0,0.0,0.0,0.0,0.0,0.0,0.0,0.0,0.0,0.0,0.0,0.0,0.0,0.0,0.0,0.0,0.0,0.0,0.0,0.0,0.0,0.0,0.0,0.0018619804336041915,0.0,0.0,0.0,0.0,0.0,0.0,0.0,0.0,0.0,0.0,0.0,0.0,0.0,0.0,0.0,0.0,0.0,0.0,0.0,0.0,0.0,0.0,0.0,0.0,0.0,0.0,0.0,0.0,0.0,0.0,0.0,0.0,0.0,0.0,0.0,0.0,0.0,0.007076960782524192,0.0,0.0,0.0,0.0,0.0,0.0,0.0,0.0042844476708442545,0.0,0.0,0.025703770571181273,0.0,0.0,0.007374468990363544,0.0,0.0,0.0,0.0,0.0,0.0,0.0,0.0,0.0,1,STAD
TCGA-BR-4253-01,0.0,0.0,0.0,0.0,0.0,0.0,0.9999999999999999,0.0,0.0,0.0,0.0,0.0,0.0,0.0,0.0,0.0,0.0,0.0,0.0,0.0,0.0,0.0,0.0,0.0,0.0564565997783821,0.0,0.05479998489798044,0.0,0.0,0.0,0.0,0.0,0.0,0.0,0.0,0.0,0.0,0.0,0.0,0.0,0.0,0.0,0.057520213401636225,0.0,0.0,0.0,0.0,0.0,0.0,0.0,0.0,0.0,0.0,0.0,0.0,0.0,0.0,0.0,0.04435318798211861,0.0,0.0056787021573141755,0.0,0.0,0.0,0.0,0.0,0.0,0.0,0.0,0.0,0.0,0.0,0.005783035047525579,0.0,0.0,0.0,0.0,0.0,0.0,0.0,0.0,0.0,0.0,0.003837606593427465,0.0,0.0,0.00010597660682524929,0.0,0.0,0.0,0.0,0.0,0.0,0.0,0.0,0.0,0.0,0.0,0.0,0.0,1,STAD
TCGA-D7-6525-01,0.6555765850485004,0.0,0.0,0.0,0.0,0.0,0.0,0.0,0.0,0.0,0.0,0.0,0.0,0.0,0.0,0.0,0.0,0.0,0.0,0.0,0.0,0.0,0.0,0.0,0.0,0.0,0.0,1.0,0.0,0.0,0.0,0.0,0.0,0.0,0.0,0.0,0.0,0.0,0.10296498780578697,0.0,0.0,0.0,0.0,0.0,0.0,0.0,0.0,0.0,0.003676777290003194,0.0,0.0,0.0,0.0,0.0,0.0,0.0,0.0,0.0,0.0,0.0,0.0,0.0,0.0,0.0,0.009276986993126034,0.0,0.0,0.0,0.0,0.0,0.0,0.0,0.012859850156145498,0.0,0.0,0.0,0.0,0.0029556716628581455,0.0,0.0,0.0,0.0,0.0,0.0,0.0,0.0,0.0,0.0,0.0,0.0,0.0,0.0,0.0,0.0,0.0,0.0,0.0,0.0,0.0,0.0,1,STAD
TCGA-D7-6817-01,0.5225970299848539,0.010858865662012235,0.0,0.0,0.0,0.0,0.0,0.0018814318359970626,0.005085773249181916,0.0,0.029976545309716128,0.0,0.0,0.0,0.0,0.0,0.0,0.0,0.0,0.0,0.0,0.03276956342169997,0.0,0.015870852749311423,0.0,0.0,0.005299332722696524,0.00020484851022656108,0.0,0.0,0.0,0.0,1.0,0.01064637984203726,0.0,0.016618079169827167,0.0,0.013039557980400183,0.0,0.0,0.020338818686585575,0.0,0.0,0.0,0.019770006637777556,0.0,0.0,0.0,0.0,0.0,0.0,0.0,0.0,0.0,0.0,0.0,0.08604548160522152,0.0,0.0,0.0,0.0,0.0006239379367374509,0.0,0.0,0.0,0.0,0.0,0.0,0.0,0.0,0.0,0.0,0.0,0.0,0.0,0.0,0.004189675109029768,0.0,0.0,0.0,0.0,0.15864556871174026,0.0,0.0,0.0,0.0,0.018166768614549432,0.0,0.0,0.08782726149829868,0.0,0.0,0.0,0.0,0.0,0.0,0.0,0.0,0.0,0.0,1,STAD
TCGA-D7-5578-01,0.6903664402164604,0.12177612456776957,0.13478037771509846,0.0,0.09391333526120745,0.0,0.0,0.0,0.0,0.0,0.0,0.0,0.0,0.0,0.0,0.0,0.05932170185681662,0.0,0.6464461288076979,0.0011508559002916686,0.0,0.0,0.0,0.0,0.0,0.020911499203930897,0.0,0.0,0.0,0.0,0.0,0.0,0.0,0.0,0.03648659164722167,0.0,0.0,0.0,0.060552411585682524,0.0,0.0,0.0,0.0,0.0,0.0,0.0,0.0,0.14950283075831092,0.0,0.0,0.0,0.02433283852679491,0.0,0.0,0.18787237388407527,0.0,0.0,0.0,0.0,0.0,0.0,0.0,0.0,0.0,0.0,0.006761570615014923,0.0030365925031327454,0.017806344982446203,0.0,0.0,0.0038099869437031534,0.0,0.0,0.0,0.0,0.0,0.0,0.026147972327730046,0.0,0.0,0.0,0.0,0.004086342567864762,0.0,0.0,0.0,0.0,0.0,0.0,0.0,0.0,0.0,0.0,0.0,0.0,0.0,0.0,0.0,0.0,0.0,1,STAD
TCGA-CG-4460-01,0.6203543810539307,0.0,0.0,0.004887943715700516,0.0,0.0005800457068996419,0.0,0.0,0.0,0.0,0.0,0.045251074158742945,0.0033233427274661645,0.0003279020571262594,0.0017766139676075692,0.0009416514668064208,0.0,0.0,0.0017771886694859002,0.0,1.0,0.0,0.0,0.0,0.0,0.0,0.0,0.0,0.0,0.0,0.0,0.0,0.0,0.0,0.0,0.0,0.0,0.0,0.0,0.0,0.0,0.0,4.546970251185931e-06,0.0008101573981769615,0.0,0.0,0.0,0.0,0.0,0.0,0.0,0.0,0.0,0.0,0.0,0.0,0.0,0.0,0.0,0.0,0.0,0.0,0.0,0.00028144053939234594,0.0,0.0,0.0,0.0,0.00012597246348602993,0.0,0.0,0.0003335560454889817,9.545222420777844e-05,0.0,0.0,0.0,0.0,0.0,0.0,0.0,0.0,0.0005706121399203631,0.0004058971327312381,0.0,4.25696359350658e-05,0.0,0.0,0.0004913502180289577,0.0,0.0,0.0,0.0,1.6435779118983862e-05,0.0,0.0,0.0,6.174829142833758e-05,0.0,0.0,8.529858549057291e-06,1,STAD
TCGA-HU-8608-01,0.16423482833407946,0.005339707167729789,0.0,0.0,0.0,0.0,0.0,0.0,0.0,0.0,0.0,0.0,0.0,0.0,0.0,0.0,0.0,0.0,0.0,0.0,0.0,0.0,0.0,0.0,0.0,0.0,0.01868765474387508,0.0,0.0,0.0,0.0,0.0,0.0,0.0,0.0,0.0,0.0,0.0,0.0,0.0,0.0,0.0,0.00549592566209883,0.0,0.0,1.0,0.0,0.0,0.0,0.0,0.0,0.0,0.0,0.0,0.0,0.0,0.0,0.0,0.0,0.0,0.02689061900009257,0.0,0.0,0.0,0.0,0.0,0.0,0.0,0.0,0.0,0.0,0.0,5.828382955526689e-05,0.0,0.0,0.0,0.0,0.0,0.0,0.0,0.0,0.0,0.0,0.0,0.0,0.010713198027882422,0.0,0.0,0.0,0.0,0.0,0.0,0.0,0.0,0.0,0.0,0.0,0.0,0.0,0.0,1,STAD
TCGA-BR-8682-01,0.6368029396561206,0.0,0.0,0.0,0.003468097689006852,1.0,0.0,0.0,0.0,0.0,0.08208201816634014,0.0,0.0347226949182738,0.0,0.0,0.0,0.0,0.14057102109758016,0.0,0.0,0.0,0.0,0.0,0.0,0.0,0.0,0.0,0.0,0.0,0.0,0.0,0.0,0.0,0.0,0.0,0.0,0.0,0.0,0.8982986676725673,0.0,0.0,0.0,0.0,0.05544782689164048,0.0,0.0,0.018797034191635434,0.0,0.0,0.0,0.0,0.0,0.0,0.0,0.0,0.0,0.0,0.0,0.0,0.0,0.0,0.0,0.18358105319794535,0.0,0.0,0.0,0.0,0.0,0.0,0.0,0.0,0.0,0.0,0.0,0.0,0.0,0.0,0.0,0.0,0.0,0.0,0.0,0.0,0.0,0.0,0.0,0.0,0.0,0.0,0.0,0.0,0.0,0.0,0.0,0.0,0.0,0.0,0.0,0.0,0.0,1,STAD
TCGA-CD-5801-01,0.6980079226172811,0.0,0.0,0.0,0.0,0.0,0.0,0.0,0.0,0.0,0.0,0.0,0.0,0.0,0.0,0.0,0.0,0.0,0.0,0.0,0.0,0.0,0.0,0.0,0.0,0.0,0.0,0.0,0.0,0.0,0.0,0.0,0.0,0.0,0.0,0.0,0.0,0.0,0.1393067212202115,0.0,0.0,0.0,1.0,0.0,0.0,0.0,0.0,0.0,0.0,0.0,0.0,0.0,0.0,0.0,0.0,0.0,0.0,0.0,0.0,0.0,0.0,0.0,0.0,0.0,0.0,0.0,0.0,0.0,0.0,0.0,0.0,0.0,0.0,0.0,0.0,0.0,0.0,0.0,0.0,0.0,0.0,0.0,0.0,0.0,0.0,0.0,0.0,0.0,0.0,0.0,0.0,0.0,0.0,0.0,0.0,0.0,0.0,0.0,0.0,0.0,1,STAD
TCGA-BR-6852-01,0.8027490551870163,0.0,0.0,0.0,0.0,0.0,0.0,0.0,0.0,0.0,0.0,0.0,0.0,0.0,0.0,0.0,0.0,0.0,0.0004136572194403097,0.0,0.0,0.0,0.0,0.0,0.0,0.0,0.0,0.0,0.0,0.0,0.0,0.0,0.0,0.0,0.0,0.0,0.0,0.0,0.0,0.0,0.0,0.0,0.0,0.0,0.0,0.0,0.0,0.05960302504846293,0.0,0.0,0.0,0.03870312682341966,0.0,0.0,0.011371783378231816,0.0,0.04140267749536149,0.0,0.0069617733970322015,0.0,0.0,0.0,0.0,0.0,0.0,0.0,0.0,0.008993675077806153,0.0,0.0,0.0,1.0,0.0,0.0,0.0,0.0,0.0,0.0,0.0,0.0,0.0,0.0,0.0,0.0,0.0,0.0,0.0,0.0,0.000610793346258212,0.0,0.0,0.0,0.0,0.0,0.0,0.0,0.0,0.0,0.0,0.0,1,STAD
TCGA-BR-6453-01,0.6795659651562121,0.0,0.0,0.0,0.0,0.0267450641588784,0.0,0.0,0.0,0.0,0.0,0.0,0.0,0.0,0.0,0.0,0.0,0.0,0.0346957436525619,0.0,0.0,0.0,0.0,0.0,0.0,0.0,0.006242969881673301,0.0,0.0,0.0,0.0,0.0,0.0,0.0,0.0,0.0,0.0,0.0,0.9845624505154479,0.0,0.015527876407325527,0.0,0.0,0.0,0.0,0.0,0.0,0.0,0.0,0.0,0.12687756588409552,0.07962759334604656,0.0,0.0,0.0,0.0,0.0,0.0,0.0,0.0,0.0,0.0,0.0,0.0,0.0,0.0,0.0,0.032220870854218826,0.0,0.0,0.0,0.0,0.0,0.0,0.0,0.0,0.015359398890636844,0.036561535761135945,0.0,0.0,0.0,0.0,1.0,0.0,0.0,0.0,0.0,0.11828164955440694,0.0,0.0,0.030817867257660954,0.0,0.0,0.0,0.0,0.0,0.0,0.0,0.0,0.0,1,STAD
TCGA-BR-4370-01,0.2245074609689872,0.0,0.0,0.0,0.0,0.0625591262878075,0.0,0.0,0.0,0.0,0.0,0.68925837600203,0.1664900334521382,0.0,0.0,0.0,0.017083394321442548,0.0,0.0,0.0,0.0,0.0,0.0,0.061261793758773365,0.0,0.0,0.0,0.017877945289829045,0.0,0.0,0.0,0.0,0.0,0.0,0.0,0.016505919952203175,0.0,0.0,0.0,0.0,0.003623105924736251,0.0,0.0,0.22828826426147486,0.0,0.0,0.08907604973632502,0.0,0.0,0.0,0.0,0.00319418388742275,0.0,0.04506717207520306,0.0,0.0,0.0,0.0,0.0,0.0,0.0,0.0,0.0363587422324915,0.0,0.0,0.0,0.0,0.0,0.0,0.0,0.0,0.0732877768075883,0.0,0.0,0.0,0.0,0.0,0.00466008846664345,0.0,0.0,0.0,0.10861369772783194,0.0,6.460155116341268e-05,0.0,0.0,0.03954790678773231,0.0,0.0,0.0,0.0,0.0,0.0,0.0,0.0,0.0,0.0,0.0,0.0,0.0,1,STAD
TCGA-BR-6453-11,0.5489446957575165,0.0,0.0,0.0,0.0,0.0,0.0,0.0,0.0,0.0,0.0,0.0,0.0007233921667115718,0.0,0.0,0.0,0.0,0.07943082989610505,0.0,0.0,0.0,0.0,0.0,0.0,0.0,0.0,0.0,0.0,0.0,0.0,0.0,0.03347150035174371,0.090280912282477,0.0,0.0,0.0,0.0,0.0,0.7571560609611423,0.08027701549296688,0.0,0.0,0.0,0.03261499973485802,0.09161336883682568,0.009163947152862775,0.0,0.0,0.0,0.0,0.6072064414607279,0.013893829271568863,0.0,0.04719719856269786,0.0,0.0,0.0,0.0,0.0,0.0,0.0,0.0,0.1618433799962515,0.0,0.0,0.0,0.019482106496550015,0.0,0.052649262995187324,0.0,0.0,0.0,0.0,0.0,0.0,0.0,0.02540592347753981,0.0,0.0,0.0,0.011168000866702325,0.0,0.08739084990362801,0.05044653544963083,0.0,0.0038631313310271225,0.0,0.003956271724973238,0.0,0.0,0.0,0.0,0.0,0.0,0.0,0.0,0.0,0.0,0.0,0.0,0,STAD
TCGA-BR-8690-01,0.5527728957855859,0.0,0.0,0.0,0.0,0.0,0.0,0.0013914818636445363,0.0,0.0005127610720896615,0.0,0.0,0.0,0.0,0.007260863707787061,0.0,0.0,0.0,0.0,0.0,0.0,0.0,0.0,0.0,0.0,0.0,0.0,0.0,0.0,0.0,0.0,0.0,0.0,0.0,0.0,0.0,0.0,0.0,0.0,0.0,0.0,0.0,0.0,0.0,0.0,0.0,0.0,0.0,0.0,0.0,0.0,0.0,0.0,0.0,0.0,0.004604070455175867,0.0,0.0,0.0,0.0,0.0,0.0,0.0,0.0,0.0,0.0,0.0,0.0,0.0,0.0,0.0,0.0,0.0,0.0,0.0,0.0,0.0,0.0001922980919426023,0.0,0.0,0.0,0.0,0.0,0.0,0.0,0.0,0.0,0.0,0.0,1.0,0.0,0.0,0.0,0.0,0.0,0.0,0.0,0.0,0.0,0.0,1,STAD
TCGA-CG-4469-01,0.5218567588984163,0.0,0.0,0.0,0.0,0.0,0.016629549431582683,0.0,0.0,0.0,0.0,0.0,0.0,0.0,0.0,0.0,0.0,0.0,0.0,0.0,0.0,0.0,0.0,0.0,0.0,0.0,0.0,0.0,0.000273200224483357,0.0,0.0,0.0,0.0,0.0,0.0,0.0,0.0,0.0006510180594724539,0.0,0.0,0.0,0.0,0.0,0.0,0.0,0.0203950470305064,0.0,0.0,0.0,0.0,0.0,0.0,0.0,0.0,0.0,0.0,0.0,0.0,0.0,0.0,0.0,0.0,0.0,0.0,0.0,0.0,0.0,0.0,0.0,0.0,0.0,0.0,0.0,0.0,0.0,0.0,0.0,0.0,0.0,0.0008388888954994371,0.0,0.0,0.0,0.0,0.0025581229157919574,0.0,0.0,0.0,0.0,0.0,1.0,0.0,0.0,0.0,0.0,0.0,0.0,0.0,0.0,0.0,1,STAD
TCGA-BR-6803-01,0.6095160691087546,0.0,0.0,0.0,0.0,0.018454777817720355,0.0,0.0,0.0,0.0,0.06148802886817405,0.0,0.05783084909841859,0.21041679317545128,0.0,0.0,0.0,0.5110228766607806,0.0,0.0,0.0,0.0,0.006586526380883903,0.0,0.02432284777117401,0.0,0.03185118438958487,0.0,0.0,0.0,0.0,0.0,0.0,0.0,0.0,0.0,0.0,0.04230862581784149,0.0,0.0,0.0,0.0,0.0,0.0,0.0,0.0,0.0,0.0018472608349661688,0.012855841218553751,0.0,0.0,0.013394566991537404,0.0,0.0,0.0,0.0,0.027690441087861204,0.0,0.02135083316200433,0.0,0.0,0.0,0.32491869036931537,0.0,0.0,0.0,0.0,0.0,0.0,0.0,0.0,0.0,0.0,0.0,0.012911835512767103,0.0,0.0,0.0,0.0,0.0,0.0,0.04611022669369949,0.043023406732954635,0.0,0.0,0.02776350729279143,0.03052436065688148,0.0,0.0,0.0,0.0,0.0,0.0,0.0,0.0,0.0,0.0,0.0,0.0,0.0,1,STAD
TCGA-D7-6818-01,0.663636710925537,0.0,0.0,0.0,0.0037608814249091896,0.0,0.003949299686181174,0.0,0.0,0.0,0.0,0.0,0.0,0.0,0.0,0.0,0.0,0.0,0.0,0.0,0.0,0.008908728842753889,0.0,0.0,0.001256506842674783,0.0,0.0,0.0,0.0,0.0,0.0,0.0,0.0,0.0,0.0,0.0,0.0055847299223783994,0.004042583849520053,0.0,0.0,0.0,0.0,0.0,0.0,0.0,0.0,0.0003719187926355427,0.0,0.0,0.0,0.0,0.0,0.0,0.0,0.0,0.0006960938022838519,0.0,0.0,0.0,0.0,0.0,0.0,0.0,0.0003857246215163867,0.016351467752109706,1.0,0.0,0.0,0.0,0.0,0.0,0.0,0.0,0.0,0.0,0.0,0.0,0.0,0.0,0.0,0.0,0.0,0.0,0.0,0.0,0.0,0.0,0.0002951285218583915,0.0,0.0,0.0,0.0,0.0,0.0,0.006138378735808708,0.0,0.0,0.0,0.0,0.0,1,STAD
TCGA-CG-4443-01,0.0,0.0,0.0,0.0,0.0,0.0,0.0,0.0,0.0,0.0,0.0,0.0,0.0,0.0,0.0,0.0,0.0,0.0,0.0,0.0,0.0,0.0,0.0,0.0,6.982855519180699e-07,0.0,0.0,0.0,0.0,0.0,0.0,0.0,0.0,0.0,0.0,0.0,0.0,0.001306991608442922,0.0,0.0,0.0,0.0,0.0,0.003391045840020596,0.0,0.0,0.0,0.0,0.0,0.0,0.0,0.0,0.0,0.0,0.0,0.0,0.0,0.0,0.0,0.0,0.0,0.0,0.0,0.0,0.0,0.0,0.0,0.0,0.0,0.0,0.0,0.0,0.0,0.0,0.0,0.0,0.0,0.0,0.0,0.0,0.00035745654621684554,0.0,0.0,0.0,0.0,0.0,0.0,0.0,0.0,0.0,0.0,0.0,0.0,0.0,0.0,2.0043897642509054e-05,0.0,0.0,0.0,1.0,1,STAD
TCGA-BR-4357-01,0.6289779309427924,0.0,0.0,0.0,0.0,0.0,0.0,0.0,0.0,0.0,0.0,0.0,0.0,0.0,0.0,0.0,0.0,0.0,0.0,0.0,0.0,0.0,0.0,0.0,0.0,0.0,0.0,0.0,0.0,0.0,0.0,0.0,0.0,0.0,0.0,0.0,0.0,0.0,0.0,0.0,0.0,0.0,0.0,0.0,0.0,0.012432133957142105,0.0,0.0,0.0,0.0,0.0,0.0,0.0,0.0,0.0,0.01442757310822983,0.0,0.0,0.0,0.0,0.0,0.0,0.0,0.0,0.0,0.0,0.0,0.0,0.0,0.0,0.0,0.0,0.0023745693742651753,0.0,0.0,0.020614441042294568,0.0,0.023710305317375342,0.0,1.0,0.0,0.0,0.0,0.0,0.0,0.0,0.0,0.0,0.0,0.0,0.0,0.0,0.0,0.0,0.0,0.0,0.0,0.0,0.0,0.0,1,STAD
TCGA-CG-5718-01,0.7009807869034479,0.0,0.0,0.0,0.0,0.0,0.07305864211094588,0.012451263371797616,0.0,0.0,0.0,0.0,0.0,0.0,0.0,0.0,0.0,0.0,0.0,0.0,0.0,0.010331228861571883,0.0,0.0,0.0,0.0,0.0,0.0,0.0,0.0,0.0,0.0,0.0,0.0,0.0,0.0,0.0,0.0,0.0,0.0,0.0,0.0,0.0,0.0,0.0,0.0,0.00485628620923264,0.0,0.0006935796381305834,0.0020921815718650803,0.0,0.0,1.0,0.0,0.0,0.0,0.0,0.0,0.0,0.0,0.0,0.0,0.0,0.0,0.0,0.0,0.0,0.0,0.0,0.0,0.0,0.0,0.0,0.0,0.0,0.0,0.0,0.0,0.0,0.0,0.0,0.0,0.0,0.0,0.0,0.0,0.0,0.0,0.0,0.0,0.0,0.0,0.0,0.0,0.0,0.0,0.0,0.0,0.004038478693653548,0.0,1,STAD
TCGA-CD-8529-01,0.5288670074708167,0.02377521694941022,0.0,0.0,0.0,0.0,0.0,0.0006063493864495634,0.0,0.0,0.0,0.0,0.0,0.0,0.0,0.0006933501014694062,0.0,0.0004919502307773337,0.0,0.0003233223042805177,0.0,0.0004088143045596575,0.001140835463137032,0.0,0.0024438461038092476,0.0,0.0014957504472472472,0.0018233277030693198,0.0,0.0,0.00033570175095642,0.0,0.0,0.0,0.0,0.0,0.0,0.0,0.0,0.0,0.04224898467455694,0.007796458272791596,0.013880737085967978,0.015358505858503946,0.0,0.05354244528336833,0.04114186108189786,0.0,0.0,0.0,0.0,0.006995502176445947,0.0,0.0004190741060234703,0.0,0.0,0.05053235638610391,0.0,0.0,0.0,0.010817952345867783,0.048061619249504924,0.0,0.0,0.0,0.0,0.0,0.0,1.0,0.0,0.0,0.0,0.0,0.0,0.0,0.0,0.0,0.0,0.0,0.0,0.0,0.030500358049019724,0.0,0.0,0.0,0.0,0.0,0.0,0.0,0.0,0.0,0.0,0.0009217957488843942,0.0,0.0,0.0,0.0,0.0,0.0,0.0,1,STAD
TCGA-CG-4462-01,0.5942506936394937,0.0,0.0,0.0,0.0,0.0,0.10467604936158584,0.0,0.0,0.0,0.0026827449806262073,0.033667338540302176,0.0,0.0,0.0,0.0,0.0,0.0,0.0,0.0,0.0,0.0,0.0,0.1586522525938819,0.0,0.0,0.0,0.0,0.06472294378334911,0.0,0.0,0.0,0.0,0.0,0.0,0.0,0.0,0.015385848534206121,0.0,0.0,0.0,0.0,0.0,0.0,0.07328018945903732,0.0,0.0,0.0,0.0,0.0,0.0,0.0,0.0,0.0,0.0,0.0,0.0,0.010437430192785669,0.0,0.0,0.0,0.0,0.0,0.0,0.0,0.0,0.0,0.0,0.0,0.0,0.0,0.11922089846234235,0.0,0.0,0.034933200838254436,0.0,0.0,0.0,0.0,0.0,0.0,1.0,0.0,0.026632485402371082,0.0,0.0,0.0,0.0,0.0,0.0,0.0,0.0,0.0,0.0,0.0,0.0,0.0,0.0,0.0,0.0,1,STAD
TCGA-F1-6875-01,0.17543645974493835,0.0,0.0,0.0,0.0,0.0,0.0,0.0,0.0,0.0,0.0,0.0,0.0,0.0,1.0,0.0,0.0,0.0,0.0,0.0,0.0,0.0,0.0,0.0,0.0,0.0,0.0,0.0,0.0,0.0,0.0,0.0,0.0,0.0,0.0,0.0,0.0,0.0,0.037884036189024826,0.0,0.0,0.0,0.0,0.0,0.0,0.0,0.0,0.0,0.0,0.0,0.0,0.0,0.0,0.0,0.0,0.0,0.0,0.0,0.0,0.0,0.0,0.0,0.0,0.0,0.0,0.0,0.0,0.0,0.0,0.0,0.0,0.0,0.0,0.0,0.0,0.0,0.0,0.0,0.0,0.0,0.0,0.0,0.0,0.0,0.0,0.0,0.0,0.0,0.0,0.0,0.0,0.0,0.0,0.0,0.0,0.0,0.0,0.0,0.0,0.0,1,STAD
TCGA-BR-6706-01,0.48698087230577525,0.0,0.0,0.0,0.0,0.0,0.021165913281790884,0.0,0.0,0.0,0.0,0.0,0.5243585306774114,0.0,0.0,0.0,0.0,0.19244399978633764,0.0,0.0,0.0,0.0,0.0,0.0,0.03508635940947703,0.04461804970147735,0.04054238520213199,0.0,0.0,0.0,0.0,0.0,0.0,0.0,0.0,0.0,0.004358398324065786,0.0,0.673907609829495,0.0,0.0,0.0,0.0,0.0,0.0,0.0,0.0,0.0,0.0,0.0,0.015018955782366464,0.0,0.0,0.0,0.0,0.0,0.16674084717200813,0.0,0.0,0.04169888002636268,0.2237221085980213,0.050286440293919474,0.0,0.0,0.0,0.0,0.0,0.0,0.0,0.0,0.0,0.0025215963056798075,0.0,0.0,0.0,0.0,0.0,0.0,0.0,0.0,0.0,0.0,0.0621618076133357,0.0,0.0,0.0,0.0,0.0,0.0,0.041134088943410106,0.0,0.0,0.0,0.0,0.0,0.0,0.0,0.0,0.0,0.0,1,STAD
TCGA-BR-A4J4-01,0.7000096872846511,0.0,0.0,0.0,0.0,0.0,0.0,0.0029077688575433534,0.0,0.0,0.0,0.0,0.0,0.0,0.0005773323621076899,0.0,0.0,0.0,0.0,0.0,0.0,0.0,0.0,0.0,0.0,0.0,0.0,0.0,0.0,0.0003525054410910369,0.0,0.0,0.0,0.0,0.0,0.0,0.0,0.0,0.0,0.0,0.0,0.0,0.0,0.0,0.00015298878884896277,0.0,0.0,0.0,0.0,0.0,0.0,0.001689515502094683,0.0,0.0,0.0,0.02625407146554655,0.0,0.001168263409073516,0.0,1.0,0.0,0.0,0.0,0.0,0.0,0.0,0.0,0.0,0.0,0.0,0.0,0.0,0.0,0.0,0.0,0.0,0.0,7.861266508193527e-05,0.0,0.0,0.0,8.526257469797992e-05,0.0,0.0,0.0,0.0,0.0,0.0,0.0,0.0,0.0,0.0,0.0,0.0,0.0,0.0,0.0,0.0,0.0,0.0,1,STAD
TCGA-CG-5734-01,0.8259213813129858,0.0,0.0,0.0,0.0,0.007569315475407976,0.0,0.0,0.0,0.0,0.0,0.0,0.0,0.0,0.0,0.01552888683252764,0.0,0.0,0.08893547026031176,0.0,0.0,0.0,0.0,0.0,0.0,0.0,0.0,0.0,0.0,0.0,0.0,0.0,0.0,0.0,0.0,0.0,0.0,0.0,0.0,1.0,0.0734703624148077,0.0,0.0,0.0,0.0,0.019920077452827752,0.0,0.0,0.0,0.0,0.0,0.018741387709503437,0.0,0.0,0.0,0.0,0.0,0.0,0.0,0.0,0.0,0.0,0.0,0.0,0.020077455852748314,0.00017298991629166463,0.0,0.0,0.0,0.0,0.0,0.0,0.0,0.0,0.0,0.0,0.0,0.0,0.0,0.0,0.0,0.0,0.0,0.0,0.0,0.0,0.0,0.026839969972393782,0.0,0.0,0.021568416182645538,0.0,0.0,0.0,0.0,0.0,0.0,0.0,0.0,0.0,1,STAD
TCGA-CG-5722-11,0.6722364055522645,0.0,0.0,0.0,0.0,0.0,0.0,0.007568020699458133,0.0,0.0,0.0,0.0,0.0,0.0,0.0,0.0,0.0,0.0,0.0,0.010809649175345899,0.0,0.0,0.0,0.0,0.0,0.0,0.0,0.0,0.0,0.0,0.0,0.0,0.0,0.0,0.0,0.0,0.0,0.0,0.0,0.0,0.0,0.035743942583325444,0.0,0.0,0.0,0.0,0.0,0.0,0.0,0.0,0.0,0.0,0.0,0.0,0.0,0.0,0.0,0.03402177354689971,0.0,0.0,0.0,0.019087436259557042,1.0,0.0,0.0,0.04440230359772658,0.0,0.0,0.0,0.0,0.0,0.0042115697020462485,0.0,0.0,0.0,0.0,0.0,0.0,0.0,0.0,0.0,0.051404751486546996,0.0,0.09472714327183067,0.0,0.0,0.0,0.0,0.0,0.0,0.0,0.0011738427102746917,0.0,0.0,0.0,0.0,0.0,0.0,0.0,0.018051892674751376,0,STAD
TCGA-CD-5800-01,0.2792133330032875,0.0,0.0,0.0,0.0,0.0,0.0,0.0,0.0,0.0,0.0,0.0,0.0,0.0,0.0,0.0,0.0,0.0,0.0,0.0,0.0,0.0,0.00028949493966329303,0.0,0.0,0.0,0.0,0.0,0.0,0.0,0.0,0.0,0.0,0.0,0.0,0.0,0.0,0.0,0.0,0.0,0.0,0.0,0.0,0.0,0.0,0.0,0.0,0.0,0.00016269530040001682,0.0,0.0,0.0,0.0,0.0,0.0,0.0,0.0,0.0,0.0,0.0,0.0,0.0,0.0,0.0,0.0,0.0,0.0,0.0,0.0,0.0,0.0,0.0,0.0,0.0,0.0,0.0,0.0,0.00010638293250158836,0.0,0.0,0.0,0.0,5.4470851733376494e-05,0.0,0.0,0.0,0.0012396695511322682,0.05601159534776777,1.0,0.0,0.0,0.0,0.0,0.0,0.0,0.0,0.0,0.0,0.0,0.0,1,STAD
TCGA-CG-4301-01,0.505771118554355,0.0,0.0,0.0,0.0,0.0,0.0,0.0764860612239228,0.08202744563209967,0.0,0.0,0.030518162299275318,0.0,0.0,0.0,0.0,0.0,0.0,0.0,0.0,0.0,0.0,0.0,0.0,0.11829031021840533,0.0,0.0,0.0,0.0,0.00022472327586558485,0.0,0.0,0.0,0.0,0.0,0.0,0.0,0.0,0.0,0.0,0.0,0.0,0.0,0.0,1.0,0.0,0.045025558846862594,0.0,0.0,0.08535604095902717,0.0,0.0,0.0,0.0,0.0,0.0,0.29308133572453166,0.0,0.0,0.0,0.0,0.0,0.0,0.0,0.0,0.0,0.0,0.0,0.0,0.0,0.0,0.0,0.0,0.0,0.0,0.0,0.0,0.0,0.0,0.0,0.0,0.0,0.0,0.0,0.0,0.0,0.0,0.0,0.0,0.0,0.0,0.0,0.0,0.0,0.0,0.0,0.0,0.0,0.07953422734195502,0.0,1,STAD
TCGA-BR-8381-01,0.6809113591645226,0.0,0.0,0.0,0.0,0.0,0.18027057914838274,0.0010029444171300932,0.0,0.0,0.0,0.0,0.00033172537459680095,0.0,0.0,0.0005133250365072844,0.0,0.0,0.0,0.0,0.0,0.0,0.0,0.0,0.0,0.0,0.0,0.0,0.0,0.0,0.0,0.0,0.0,0.0,0.0,0.0,0.0,0.0,0.0,0.0,0.006331261518929565,0.0,0.0,0.003630714335494638,0.0,0.03715963161641561,0.0,0.0,0.0,0.0,0.0,0.0,0.0,0.0,1.0,0.0,0.0,0.0,0.0,0.0,0.0,0.0,0.0,0.0,0.0,0.0,0.0,0.0,0.0,0.0,0.0,0.03457135136421612,0.014181569974494818,0.0,0.0023670991952369448,0.01084641451823776,0.0,0.0,0.0,0.0,0.0,0.0,0.0,0.0,0.0,0.0,0.0,0.0,0.0,0.006634708905037297,0.0,0.0,0.0,0.0,0.0,0.0,0.0,0.0,0.0,0.0,1,STAD
TCGA-D7-6524-01,0.496218296074172,0.0,0.0,0.0,0.3069864398445954,0.0,0.0,0.0,0.0,0.009692756992941969,0.0,0.0,0.0,0.0,0.0,0.07693072589013428,0.0284413492407583,0.0,0.010729509181599393,0.0,0.0,0.0,0.0,0.0,0.0,0.0,0.0,0.0,0.0,0.0,0.0,0.0,0.029862445122585877,0.0,0.0,0.0,0.0029737451165768166,0.0,0.23736844438938548,0.0,0.0,0.0,0.0,0.0,0.0,0.017013663607438008,0.07373454784581719,0.0,0.0,0.0,0.0,0.05013016758711668,0.0,0.0,0.03958935920943906,0.0,0.0,0.0,0.0,0.0,0.0,0.0,0.0,0.0,0.07742934621650223,0.0,0.011879991964979152,0.003985264738485553,0.0,0.0,0.0,0.0,0.0,0.0,0.0,0.0,0.0,0.018347336996716465,0.0,0.0,0.0,0.7651402487800842,0.0,0.0,0.0,0.0,0.0,0.0,0.0,0.0,0.012212202263700157,0.0,0.0,0.0,0.0,0.0,0.0,0.0,0.0,0.0,1,STAD
TCGA-BR-4294-01,0.04097373286130043,0.0,0.0,0.0,0.0,0.0,0.0,0.0,0.0,0.0,0.0,0.0,0.0,0.0,0.0,0.0,0.0,0.0,0.0,0.0,0.0,0.0,0.0,0.0,0.0,0.0,0.0,0.0,0.0,0.0,0.0,0.0,0.0,0.0,0.0,0.0,0.0,0.0,0.019642853156724906,0.0,0.0,0.0,0.0,0.0,0.0,0.0,0.0,0.0,0.0,0.0,0.0,0.0,0.0,0.0,0.0,0.0,0.0,1.0,0.0,0.0,0.0,0.0,0.0,0.0,0.0,0.0,0.0,0.0,0.0,0.0,0.0,0.0,0.0,0.0,0.0,0.0,0.0,0.0,0.0,0.0,0.0,0.0,0.0,0.0,0.0,0.0,0.0,0.0,0.0,0.0,0.0,0.0,0.0,0.0,0.0,0.0,0.0,0.0,0.0,0.0,1,STAD
TCGA-CG-4475-01,0.4337218350130154,0.0,0.0,0.0,0.0,0.0035674077373200543,0.0,0.0,0.0,0.0,0.0,0.0,0.0,0.0,0.0,0.0,0.0,0.0,0.0017093870309653682,0.0,0.0,0.0,0.0,0.0,0.0,0.0,0.0,0.0,0.0,0.0,0.0038615004629173866,0.0,0.0,0.0,0.0,0.0,0.0,0.0,0.4030375418881449,0.0,0.0,0.0,0.0,0.0,0.0,0.0,0.0,0.0,0.0,0.0,0.0,0.0,0.0,0.0,0.0,0.0,0.0,0.0,0.0,0.0,0.0,0.0,0.0,0.0,0.0,0.0,0.0,0.0,0.0,0.0,0.0,0.0,0.0,0.0,0.0,0.0,0.0,0.0,0.0,0.0,0.0,0.0,0.0,0.0,0.020395657118526093,0.017243212693402076,0.0,0.017097878259979517,0.0,0.0,0.0222964308505082,0.0,0.0,0.0,0.0,0.0,0.00011672718075682805,0.0,1.0,0.003633785999723961,1,STAD
TCGA-D7-6521-01,0.7951116343299796,0.0,0.0,0.0,0.0,0.0,0.0,0.0,0.0,0.005843930121642035,0.0,0.0,0.0,1.0,0.0,0.0,0.0,0.0,0.0,0.0,0.0,0.0,0.0,0.0,0.0,0.0,0.0,0.0,0.0,0.0,0.0,0.03912742478542228,0.0,0.0,0.0,0.0,0.0,0.0,0.29574685655451,0.04223059965858329,0.0,0.0,0.0,0.0,0.0,0.12404686884470278,0.0,0.0,0.0,0.0,0.0,0.0,0.0,0.0,0.0,0.0,0.0,0.022359329582518864,0.0,0.0,0.0,0.0,0.0,0.0,0.0,0.0,0.0,0.0,0.0,0.0,0.0,0.0,0.0,0.0,0.0,0.0,0.0,0.0,0.0,0.0,0.0,0.0,0.0,0.0,0.0,0.0,0.0,0.0,0.0,0.0,0.0,0.0,0.0,0.0,0.0,0.0,0.0,0.0,0.0,0.0,1,STAD
TCGA-D7-5577-01,0.826334283417586,0.0,0.0,0.0,0.0,0.0,0.0,0.0,0.0,0.008160562044091383,0.0,0.0,0.0,0.0,9.658024395487473e-05,0.0,0.0,0.0,0.0,0.0,0.0,0.0,0.0,0.0,0.9999999999999999,0.0,0.0,0.0,0.0,0.0,0.0,0.0,0.0,0.0,0.0,0.0,0.0,0.0,0.014956390988006456,0.0,0.0,0.0,0.0,0.0,0.0,0.0012735739496658916,0.0,0.0,0.02715619350541098,0.0,0.0,0.0,0.0,0.0,0.0,0.0,0.0,0.0,0.0,0.0,0.0,0.0,0.0,0.0,0.0,0.0,0.0,0.0,0.0,0.007210410688158644,0.0,0.0,0.0,0.0,0.0,0.0,0.0,0.0,0.0,0.0,0.0,0.0,0.0,0.0,0.009957161985217493,0.0,0.0,0.0,0.0,0.0,0.0,0.0,0.0,0.0,0.0,0.0,0.0,0.0,0.0,0.0,1,STAD
TCGA-BR-6455-01,0.736793829370498,0.0,0.0,0.0,0.0,0.0,0.0,0.0,0.0,0.0,0.0,0.0,0.0,0.0,0.0,0.0,0.0,0.0,0.0,0.0,0.0,0.0,0.0,0.0,0.0,0.0,0.0,0.0,0.0,0.0,0.0,0.0027383069675002533,0.0,0.0,0.0,0.0,0.0,0.0,0.11417767499856406,0.0,0.0,0.0,0.0,0.0,0.0,0.03756391102620413,0.0,0.0,0.0,0.0,0.0,0.0,0.0,0.0,0.0,0.0,0.0,0.0,0.0,0.0,0.0013349494900925611,0.0,0.0,0.0,0.0,0.0,0.0,0.0,0.0,0.0,0.0,0.0,0.0020468196538521526,0.0,0.0,0.0,0.0,0.0,0.0,0.0,0.0,0.0,0.0,0.0,0.0,1.0,0.0,0.0,0.0,0.0,0.0,0.0,0.0,0.0,0.0,0.0,0.0,0.0,0.0,0.0,1,STAD
TCGA-D7-A4YX-01,0.3361082889038326,0.0,0.0,0.0,0.0,0.0,0.0,0.019925008742129893,0.0,0.007355709048071219,0.0,0.0,0.0,0.0,0.0,0.0,0.0,0.0,0.0,0.0,0.0,0.0,0.0,0.0,0.0,0.0,0.0,0.0,0.0,0.0,0.0,0.0,0.0,0.0,0.0,0.0,0.0,0.0,0.0,0.0,0.0,0.0,0.0,0.0,0.0,0.0,0.0,0.0,0.0,0.0,0.0,0.0,0.0,0.0,0.0,0.0037672831442040005,0.0,0.0,0.0,0.0,1.0,0.0,0.0,0.0,0.0,0.0,0.0,0.0,0.0,0.0,0.0,0.0,0.0,0.0,0.0,0.0,0.0,0.011281095737346267,0.0,0.0,0.0,0.0,0.0,0.0,0.0,0.0,0.0,0.0,0.0,0.0,0.0,0.0,0.0,0.0,0.0,0.0,0.000743256625924521,0.0,0.0,0.0,1,STAD
TCGA-CD-5798-01,0.6964323029576456,0.0,0.0,0.0,0.0,0.0,0.0006552827309907035,0.0,0.0,0.0,0.0,0.0,0.0,0.0,0.0,0.0,0.0,0.0,0.005919158231445387,0.0,0.0,0.0,0.0,0.0,0.0,0.0,0.0,0.0,0.0,0.0,0.010695342639866335,0.0,0.0,0.0,0.0,0.0,0.0,0.0,0.8046469880748861,0.0,0.0,0.0,0.0,0.0,0.0,0.0,1.0,0.0,0.0,0.0,0.0,0.0,0.0,0.0,0.0,0.0,0.0,0.0006150668005216001,0.0,0.0,0.0,0.0,0.0,0.0,0.0,0.0,0.0,0.0,0.0,0.0,0.0,0.0,0.0,0.0,0.0,0.026602979197011246,0.0,0.0,0.0,0.0,0.0,0.001991778312157745,0.0,0.0,0.008269552996128787,0.0,0.0,0.0,0.0,0.0,0.0,0.0,0.0,0.0,0.0,0.0,0.0,0.0,0.0,0.0,1,STAD
TCGA-HF-7136-01,0.42941674207070674,0.0,0.0,0.0,0.0,0.006499450528952109,0.0,0.0,0.0,0.0,0.0,0.0,0.0,0.0,0.0,0.0,0.0,0.0,0.0,0.0,0.0,0.0,0.0,0.0,0.0,0.0,0.0,0.0,0.0,0.0,0.0,0.0,0.0,0.0,0.0,0.0,0.0,0.0,0.26248868794848745,0.0,0.0,0.0,0.0,0.0,0.0,0.0,0.0,0.0,0.0,0.0,0.0,0.0,0.0,0.0,0.0,0.0,0.0,0.0,0.0,0.0,0.0,0.0,0.0,0.0,0.0,0.0,0.0,0.0,0.0,0.0,0.0,0.00195662752091082,0.07086498056230485,1.0,0.0,0.0,0.0,0.01904274990599166,0.0,0.0,0.0,0.0,0.0,0.0,0.0,0.0,0.0,0.0,0.0,0.0,0.0,0.0,0.0,0.0,0.0,0.0,0.0,0.0,0.0,0.0,1,STAD
TCGA-BR-6566-01,0.7410763556974751,0.0,0.0,0.0,0.0,0.0,0.0,0.0,0.0,0.0,0.0,0.0,0.0,0.0,0.0,0.0,0.0,0.0,0.0,0.0,0.0,0.0,0.0,0.0,0.0,0.0,0.05725978596524165,0.0,0.0,0.0,0.0,0.0,0.0,0.0,0.0,0.0,1.0,0.0,0.0,0.0,0.0,0.0,0.0698846744573121,0.0,0.0,0.0,0.0,0.06342510170584978,0.0,0.0,0.0,0.005092072969677551,0.05660898260865455,0.0,0.0,0.032553071624717905,0.0,0.0,0.0,0.0,0.0,0.0,0.0,0.0,0.0,0.0,0.0,0.0,0.0,0.0,0.0,0.0,0.01976288839611427,0.0,0.0,0.0,0.0,0.024758008685915413,0.0,0.0,0.0,0.0,0.001866948175413043,0.0,0.0,0.0,0.025537054991293988,0.0,0.0,0.0024045219788328743,0.0,0.0,0.0,0.0,0.0,0.0,0.0,0.0,0.0,0.0,1,STAD
TCGA-CG-4472-01,0.43990943478295474,0.0,0.0,0.0,0.008045830202039082,0.07525168383427645,0.0,0.0,0.0,0.0,0.0,0.03661893841881401,0.0,0.0,0.0,0.0,0.02175982962161516,0.0,0.0,0.0,0.0,0.026897384364355913,0.0,1.0,0.0010641397682827503,0.0,0.0,0.0,0.0,0.015225805787411706,0.0,0.0,0.0,0.0,0.0,0.0,0.005867218307907056,0.0,0.6523121020297326,0.0,0.0,0.0,0.0,0.0014242319532928377,0.0,0.0004434652339754753,0.019974205477493987,0.0,0.0,0.0,0.0,0.0,0.0,0.0,0.0,0.010695432603986024,0.0,0.0,0.0,0.0,0.0,0.0011102823050995016,0.0,0.018933751140017264,0.1422874812365402,0.004440475714475757,0.01191556128118518,0.0,0.0,0.0,0.0,0.0,0.00017273643598933615,0.0,0.0,0.0,0.0,0.0,0.0,0.0,0.0,0.0,0.0,0.0,0.0,0.0,0.0,0.0,0.0,0.0,0.0,0.0,0.0,0.0,0.0,0.0,0.0025055469444208293,0.0,0.0,0.0,1,STAD
TCGA-BR-4368-01,0.5778055923659026,0.0,0.0,0.0,0.0,0.0,0.0,0.0,0.0,0.0,0.0,0.0,0.0,0.0,0.0,0.0,0.0,0.06439799821300149,0.0,0.0,0.0,0.0,0.007436217199255466,0.12876525293293947,0.0,0.0,0.0,0.0,0.008135516298192135,0.0,0.0,0.0,0.0,0.0,0.0,0.0,0.0,0.008802177523838647,0.0,0.0,0.0,0.0,0.046574292728647854,0.9999999999999999,0.0,0.0,0.0,0.0,0.0,0.0,0.007265917539552261,0.0,0.0,0.0,0.0,0.0,0.0,0.0,0.0,0.0,0.0,0.0,0.0,0.0,0.0,0.0,0.0,0.00780385507558815,0.0,0.0,0.0,0.0,0.0,0.0,0.0,0.0,0.0,0.0,0.0,0.0,0.0,0.0,0.052620054816270904,0.0,0.0,0.0,0.0,0.0,0.0,0.014385575003769328,0.0,0.0,0.0,0.0,0.0,0.0,0.0,0.0,0.0,0.0,1,STAD
TCGA-CG-4441-01,0.6445234527441419,0.0,0.0,0.0,0.0,0.0,0.03870897655666806,0.0,0.0,0.0,0.0,0.0,0.0,0.0,0.0,1.0,0.0,0.0,0.0,0.0,0.0,0.0,0.0,0.0,0.0,0.0,0.0,0.0,0.0,0.0,0.0,0.004171367209996777,0.0,0.0,0.0,0.0,0.0,0.03056708433031035,0.37784520661549365,0.0,0.0,0.0,0.0,0.0,0.0,0.03714396517077424,0.0,0.0,0.0,0.0,0.0,0.0,0.00565450662663226,0.0,0.0,0.0,0.0,0.0,0.0,0.0,0.0,0.0,0.0,0.0,0.0,0.0,0.0,0.0,0.0,0.0,0.0,0.0,0.0,0.0,0.0,0.0,0.0,0.0,0.0,0.0011031849269909117,0.0,0.0,0.0,0.0,0.008389605652282748,0.0,0.0,0.0,0.0,0.0,0.0,0.0,0.0,0.0,0.0,0.0,0.0,0.0,0.0,0.0,1,STAD
TCGA-CG-4437-01,0.5988593636775325,0.0,0.0,0.0,0.4366412195873555,0.0,0.0,0.0,0.0,0.0,0.0,0.0,0.0,0.00974969302171791,0.0,0.0,0.0,0.0,0.0,0.0,0.0,0.0,0.0524278527525228,0.0,0.0042906486537334955,0.0,0.03281619474244923,0.0,0.15908803264281815,0.0,0.0,0.13690084572240258,0.0,0.0,0.0,0.0,0.004161638142085275,0.0,0.1868071421140853,0.0,0.0,0.0,0.022917330337446442,0.0,0.0,0.0,0.0,0.01842992236801936,0.0,0.0,0.0,0.010675047609793022,0.015519149854150843,0.0,0.0,0.0,0.13721946598364318,0.0,0.0,0.0,0.0,0.13271561848015498,0.0,0.0,0.0,0.0,0.0,0.0,0.0,0.0,0.0,0.015341296119993781,0.06162199071021588,0.0,0.0,0.0,0.0,0.0,0.0,0.0,0.0,0.0,0.025719939320280598,0.05860829750077406,0.0,0.0,0.0,0.0,0.0,0.0,0.0,0.0,0.0,0.0,0.0,0.0,0.0,0.0,0.0,0.0,1,STAD
TCGA-CG-5720-11,0.5611821969376664,0.0,0.0,0.0,0.0,0.0,0.0,0.0,0.0,0.018365180474554228,0.0,0.0,0.0,0.0,0.0,0.0,0.0,0.0,0.03535131392977818,0.0,0.0,0.0,0.0,0.0,0.0,0.0,0.0,0.0,0.0,0.0,0.0,0.009075821036979653,0.24128788701606038,0.0,0.0,0.0,0.0,0.0,0.3914741607025368,0.08005209023773076,0.0,0.0,0.0,0.0,0.0,0.06598453491808966,0.0,0.0,1.0887976064868291e-05,0.0,0.5288195770716672,0.0,0.0,0.0,0.0,0.0,0.0,0.003335046566909921,0.0,0.0,0.0,0.0,0.060607645670367305,0.0,0.0,0.0,0.0,0.0,0.06362702138273194,0.0,0.0,0.0,0.0,0.0,0.0,0.0004718476093972748,0.0,0.0,0.0,0.0,0.0,0.0,0.029059727742363765,0.30084407151431547,0.0,0.0,0.0,0.0,0.0,0.0,0.0,0.0,0.0,0.0,0.0,0.0,0.0,0.0,0.0,0.0,0,STAD
TCGA-CG-4305-01,0.6152669515445359,0.0,0.0,0.0,0.0,0.0,0.08757860790299828,0.0,0.0,0.0,0.006499675147679594,0.0,0.0,0.0,0.0,0.0,0.0004670269213645369,0.0,0.0,0.0,0.0,0.01734091878618328,0.0,0.0,0.0,0.0,0.0,0.0,1.0,0.0,0.0,0.0,0.0,0.0,0.0,0.0,0.029229523097670337,0.029125154314845168,0.7462872676445784,0.0,0.0,0.0,0.0,0.0,0.0,0.0,0.10511573422659955,0.0,0.0,0.0,0.07167246066821295,0.0,0.0,0.0,0.0,0.0,0.0,0.0,0.0,0.06805161106507358,0.021704886507264043,0.0,0.0,0.0,0.0,0.0,0.0,0.0,6.508030696823908e-05,0.0,0.0,0.008752196903588897,0.0,0.0,0.0,0.0,0.0,0.0,0.0,0.0,0.0,0.0,0.0,0.0,0.0,0.0,0.0,0.0,0.0,0.049702858290091405,0.0,0.0,0.0,0.0,0.0,0.0,0.0,0.0,0.0,0.0,1,STAD
TCGA-BR-6802-01,0.18575748566417483,0.0,0.0,0.0,1.0,0.0,0.061818314640921385,0.0,0.0,0.0,0.02353283961959913,0.04207977672438331,0.0011154507784322434,0.0,0.0,0.0,0.0,0.0,0.0,0.0,0.0,0.0,0.0,0.0,0.0,0.0,0.0,0.0,0.0,0.0,0.0,0.0,0.0,0.003551578651179991,0.0,0.0,0.0,0.0,0.0,0.0,0.0,0.0,0.0,0.0,0.13542995711694988,0.0,0.0,0.0,0.0,0.0,0.0,0.0,0.0,0.0,0.0,0.0,0.0,0.0,0.0,0.0,0.10493000212558305,0.0,0.0,0.0,0.0,0.0,0.0,0.0,0.0,0.0,0.0,0.03177971707144565,0.0,0.0,0.01902225388608316,0.0,0.0,0.0,0.0,0.0,0.03212259517166273,0.0,0.0,0.0,0.0,0.0,0.0,0.0,0.0,0.0,0.0,0.0,0.0,0.0,0.0,0.0,0.0,0.0,0.0,0.0,1,STAD
TCGA-CG-4440-01,0.5874545487980248,0.0,0.0,0.0,0.0,0.0,0.0,0.0,0.0,0.0,0.0,0.0,0.023018135339978686,0.0,0.0,0.005071912799516588,0.0,0.0,0.0,0.0,0.0,0.0,0.0,0.0,0.008767719484414866,0.0,0.0,0.0,0.0,0.0,0.0,0.0,0.0,0.0,0.0,0.0,0.0,1.0,0.0,0.0,0.0,0.0,0.026864685127819126,0.0,0.0,0.0,0.0,0.0,0.0,0.0,0.0,0.0,0.0,0.0,0.0,0.008756881760970558,0.0,0.0,0.006725094043839707,0.0,0.0,0.0,0.0,0.0,0.0,0.0,0.0,0.0,0.0,0.0,0.0,0.0,0.0,0.0,0.0,0.0,0.0,0.0,0.0,0.0,0.0,0.0,0.0,0.0,0.0,0.0,0.006926254021383512,0.0,0.0,0.0,0.0,0.0,0.0,0.0,0.0,0.0,0.0,0.0,0.0,0.0,1,STAD
TCGA-BR-6452-01,0.6580213415932524,0.0,0.0,0.06719419154728698,0.0,0.0,0.0,0.07438072482429936,0.0,0.0,0.0,0.0,0.17447653906056668,0.0010164587348007947,0.0,0.08047798821523602,0.0,0.0,0.0,0.0,0.0,0.0,0.0,0.0,0.03168236477505947,0.0,0.016411350695459053,0.020352418051855253,0.2837510230373403,0.0,0.0,0.0,0.0,0.0,0.0,0.0,0.0,0.0,0.0,0.0,0.16350851050501,0.0,0.0,0.0,0.0,0.0,0.0,0.0,0.0,0.0,0.0,0.3572738909921133,0.0,0.0,0.0,0.006616473499164802,0.0,0.0,0.0,0.0,0.0,0.11092275900723815,0.0,0.0,0.0,0.0,0.0,0.0,0.0,0.0,0.0,0.0,0.0,0.0,0.0,0.0,0.0,0.0,0.0,0.0,0.0,0.0,0.0,0.0,0.0,0.0,0.0,0.0,0.0,0.0,0.0,0.0,0.0,0.0,0.0,0.0,0.0,0.0,0.006528842588532291,0.0,1,STAD
TCGA-D7-8570-01,0.7975668459866911,0.0,0.0,0.0,0.018442314635669383,0.0,0.0,0.0,0.003142224542933651,0.0,0.0,0.0,0.0,0.0,0.0,0.0002257828594917493,0.0,0.0,0.0,0.0,0.0,0.0,0.0,0.0,0.0,0.0,0.0,0.0,0.0,0.0,0.0,0.0,0.0,0.0,0.0,0.0,0.0,0.0,0.0,0.0,0.0,0.0,0.0003362427183614737,0.0,0.0,0.0,0.0,0.0,0.0,0.0,0.0,0.0020224352942535555,0.0,0.0,0.0,0.0,0.0,0.0,0.003746027931807483,0.0,0.01361665812033599,0.0,0.0,0.0,0.0,0.0,0.0,0.0,0.0,0.0,0.0,0.0,0.0,0.004461209807420426,0.0,0.9999999999999999,0.0,9.213941577147669e-05,0.0,0.0,0.0,0.0,0.007804135830591027,0.0,0.0,0.0,0.00044771158870852626,0.0,0.0,0.0,0.0,0.0,0.0,0.0,0.0,0.0,0.0,0.0,0.0,0.0,1,STAD
TCGA-BR-6454-11,0.5779504170466463,0.0,0.0,0.0,0.061524743978518745,0.0,0.010447193459550768,0.0,0.0,0.0,0.0,0.0,0.0,0.0,0.0,0.0,0.0,0.06155465581562046,0.0,0.0,0.0,0.0,0.0,0.0,0.0,0.0,0.0,0.0,0.0,0.00026085024140063714,0.0,0.0,0.0,0.0,0.0,0.0,0.0,0.0,0.6910856074665812,0.12392998427804465,0.0,0.0,0.0,0.025570975987385555,0.0,0.04122191196922156,0.0,0.0,0.0,0.0,0.02461288723761828,0.0,0.0,0.0,0.0,0.00014691135906690542,0.0,0.0,0.0,0.0,0.0,0.0,0.7125558829524702,0.009910169372350173,0.0,0.0,0.0,0.0,0.0,0.0,0.0,0.0,0.0,0.0,0.0,0.0,0.0,0.0,0.0,0.0,0.0,0.0,0.08031583232078043,0.12729327681421493,0.0,0.0,0.023177823154576033,0.0,0.0,0.0,0.0,0.0,0.0,0.0,0.0,0.0,0.0,0.0,0.0,0.0,0,STAD
TCGA-HU-A4G6-01,0.266328252316898,0.0,0.0,0.0,0.0,0.0,0.0,0.0,0.0,0.0,0.0,0.0,0.0,0.0,0.0,0.0,0.0,0.0,0.0,0.0,0.0,0.0,0.0,0.0,0.0,0.0,0.0,0.0,0.0,0.0,0.0,0.0,0.0,0.0,0.0,0.0,0.0,0.0,0.0,0.0,0.0,0.0,0.0,0.0,0.0,0.00059280288936739,0.0,0.0,0.9999999999999999,0.0,0.0,0.0,0.0,0.0,0.0,0.0,0.0,0.0,0.0,0.0,0.0,0.0,0.0,0.0,0.0,0.0,0.0,0.0,0.0,0.0,0.0,0.0,0.0,0.0,0.0,0.0,0.0,0.0,0.0,0.0,0.0,0.0,0.0,0.0,0.0,0.0,0.0,0.0,0.0,0.0,0.0,0.0,0.0,0.0,0.0,0.0,0.0,0.0,0.0,0.0,1,STAD
TCGA-BR-4191-01,0.6311966497414054,0.0,0.0,0.0,0.0,0.0,0.05133677637210298,0.0,0.0,0.0,0.1897807047457922,0.0,0.05800686322853991,0.0,0.0,0.0,0.0,0.0,0.0,0.0,0.0,0.0250605652850769,0.0,0.036578334214738134,0.0,0.0,0.0,0.0003161538256543443,0.0,0.0,0.0,1.0,0.0,0.0,0.0,0.0,0.0,0.0,0.0,0.0,0.003750030104813608,0.0,0.0,0.0,0.3551761905842964,0.0,0.0,0.0,0.01777742799401526,0.0,0.0,0.0,0.0,0.03389347143090315,0.0,0.0,0.0,0.0,0.0,0.0,0.0,0.0,0.0,0.0,0.0,0.0,0.0,0.0,0.0,0.0,0.0,0.04951240020374729,0.0,0.0,0.03862106204120309,0.0,0.0,0.0,0.0,0.0,0.0,0.0,0.0,0.0,0.0,0.0,0.07094925857566446,0.0,0.0,0.0,0.0,0.0,0.0,0.0,0.0,0.0,0.0019117550401765906,0.0,0.0,0.0,1,STAD
TCGA-CG-4304-01,0.47619783237206376,0.040444733213190406,0.0,0.0,0.0,0.5225079152094041,0.0,0.0,0.0,0.0,0.0,0.32108820545122885,0.0,0.0,0.0,0.0,0.0,0.0,0.0,0.0,0.0,0.0,0.010223558728845807,0.0,0.0,0.0,0.0,0.0,0.0,0.0,0.0,0.8149679560563214,0.0,0.007725783044459608,0.0,0.0,0.0,0.0,0.0,0.0,0.0,0.0,0.0,0.0,0.0,0.0,0.0,0.0,0.0,0.0,0.0,0.008875653672412059,0.0,0.0,0.0,0.0,0.0,0.0,0.0,0.0,0.012579701442051347,0.0,0.0,0.0,0.04542603974256538,0.0,0.0,0.0,0.0,0.0,0.0,0.0,0.0,0.0,0.0,0.0,0.0,0.0,0.0,0.0,0.0,0.018300412260309443,0.0,0.0,0.0,0.0,0.0,0.05413895045092231,0.0,0.0,0.0,0.0,0.0,0.0,0.0,0.0,0.0,0.0,0.0,0.0005252804694585577,1,STAD
TCGA-CG-5734-11,0.6941735943482173,0.0,0.0,0.0,0.0,0.0,0.0,0.0,0.0,0.002099945509698612,0.0,0.0,0.0,0.0,0.0,0.0,0.0,0.0,0.0,0.0,0.0,0.0,0.015637328866499683,0.0,0.0,0.058608878864133955,0.0,0.0,0.0,0.0,0.0,0.0,0.0,0.0,0.0,0.0,0.0,0.0,0.6808595682060236,0.24096309406536026,0.0,0.0,0.0,0.0,0.10509933549017719,0.0,0.0,0.0,0.0,0.0,0.8497156260164616,0.0,0.0,0.0,0.0,0.0,0.007605670015582824,0.0,0.0,0.0,0.0,0.013916558399284726,0.0,0.0,0.0,0.0,0.0,0.0,0.0,0.0,0.0,0.0,0.0,0.0,0.0,0.0,0.0,0.0,0.0,0.0,0.0,0.0,0.0,0.053569399971563396,0.0,0.0,0.0,0.0,0.0,0.0,0.0,0.0,0.0,0.0,0.0,0.0,0.0,0.0,0.0,0.0,0,STAD
TCGA-CG-5724-01,0.21373414941380692,0.0,0.0,0.0,0.0,0.0,0.00658044214056048,0.0,1.0,0.0,0.0,0.0,0.0,0.0,0.0,0.0,0.0,0.0,0.004439449315378528,0.0,0.0,0.0,0.0,0.0,0.0,0.0,0.0,0.0,0.0,0.0,0.0015606235028400655,0.0,0.0,0.0,0.0,0.0,0.0,0.0,0.2078880050042172,0.0,0.0,0.0,0.0,0.0,0.0,0.0104870622757529,0.0,0.0,0.0,0.0,0.0,0.0,0.0,0.0,0.0,0.0,0.0,0.0,0.0,0.0,0.00959697940506346,0.0,0.0,0.0,0.0,0.0,0.0,0.0,0.0,4.889728047247659e-05,0.0,0.0005403301940612532,0.0,0.0,0.0,0.0,0.0,0.0,0.0,0.0,0.0,0.0,0.0,0.0,0.00014732910151704816,0.0,0.0,0.0,0.0,0.0,0.00022039187859589033,0.0,0.0,0.0,0.0,0.0,0.0,0.0,0.0,0.0,1,STAD
TCGA-BR-4257-01,0.8626949420057283,0.013096417177254408,0.0,0.0,0.0,0.0,0.0,0.0,0.0,0.0,0.0,0.0,0.0,0.0,0.0,0.0,0.0,0.0,0.0,0.0,0.0,0.0,0.0,0.0,0.0,0.012158500077892008,0.0,0.0,0.0,0.0,0.01457462089238573,0.0,0.0,0.0,0.0,0.0,0.0,0.0006566938063321601,0.007694123737660907,0.0,1.0,0.0,0.0,0.0,0.0,0.0,0.0,0.0,0.0,0.0,0.0,0.0,0.0,0.0,0.0,0.0,0.0,0.0,0.0,0.0,0.0,0.0,0.0,0.0,0.0,0.0,0.0,0.0,0.0,0.0,0.0,0.0,0.0,0.0,0.0,0.0,0.0001311381873383504,0.0,0.0,0.0,0.0,0.0,0.0,0.0,0.004556010037660104,0.0,0.0,0.0,0.0,0.0,0.0,0.0,0.0,0.0,0.0,0.0,0.0,0.0,0.0,0.0,1,STAD
TCGA-D7-6820-01,0.5995767577654382,0.015688951388020064,0.0,0.0,0.010635632473228573,0.0,0.0,0.0,0.0029632735273077532,1.0,0.0,0.0,0.0,0.0,0.0,0.0,0.0,0.0,0.0,0.0,0.0,0.0,0.0,0.0,0.0,0.0,0.0,0.0,0.0,0.0,0.0,0.0,0.0,0.0,0.0,0.0,0.0,0.0,0.029168895767969532,0.0,0.0,0.0,0.0,0.0,0.0,0.0,0.0,0.0,0.0,0.0,0.0,0.0,0.0,0.0,0.0,0.0,0.0,0.0,0.0,0.0,0.0,0.0,0.0,0.0,0.0,0.0,0.0,0.0,0.0,0.0,0.0,0.0,0.0,0.0,0.0,0.0,0.0,0.005917212446828484,0.0,0.0,0.0,0.0,0.0,0.0,0.0,0.0,0.0,0.0,0.0,0.0,0.007643479471366929,0.0,0.0,0.0,0.0,0.0,0.0,0.0,0.0,0.0,1,STAD
TCGA-CG-4449-01,0.7825284017803956,0.0,0.0,0.0,0.0,0.0,0.0,0.0,0.0,0.0,0.0010344695956635544,0.001846905766991035,0.0,0.0,0.0,0.0,0.0,0.0,0.0,0.0,0.0,0.0,0.0,0.0,0.0,0.0,0.0,0.0,0.0,0.0,0.0,0.0,0.0,0.0,0.0,0.0,0.0,0.0,0.0,0.0,0.0,0.0,0.0,0.0,0.0,0.0,0.0,4.8377466183371584e-05,0.0,0.0,0.0,0.0,0.0,0.0,0.0,0.0,0.0,0.0,0.0,0.0,0.0,0.0,0.0,0.0,0.0,0.0,0.0,3.5969641060080813e-05,0.0,0.0,0.0,1.7840041664106222e-05,0.0,0.0,0.00010663984627454735,0.0,9.37439189959071e-05,0.0,0.0,0.0,0.0,0.0,0.00011990372760292547,0.0,0.0,0.0,0.0,0.0,1.2657294557299246e-05,0.0013600296744977459,0.0,0.0,0.003972896214538034,0.0,0.003657448835110201,0.00026534623369729265,0.0,1.0,0.0,0.0,1,STAD
TCGA-D7-6519-01,0.607456136469478,0.0,0.0,0.0,0.0,0.0,0.0,0.0,0.0,0.0,0.0,0.0,0.0,0.0,0.0,0.0,0.0,0.0,0.0,0.0,0.0,0.0,0.0,0.0022697534171525363,0.0,0.006615315889241322,0.01826727523146755,0.0,0.0,0.0,0.045541785005343616,0.0,0.0,0.0,0.0,0.0,0.0,0.0,0.0,0.0,0.0,0.0,0.0,0.0,0.0,0.0,0.0,0.0,0.0,1.0,0.0,0.0,0.0,0.0,0.0,0.0,0.0,0.0,0.0,0.0,0.0,0.0,0.0,0.0,0.0,0.0,0.0,0.0,0.0,0.0,0.0,0.0,0.0,0.0,0.0,0.0,0.0,0.0,0.0,0.0,0.0,0.0,0.0,0.0,0.0,0.0014475144421331341,0.0,0.0,0.0,0.0,0.0,0.0,0.0,0.0,0.0,0.0,0.0,0.0,0.0,0.0,1,STAD
TCGA-CD-5813-01,0.6887121331246907,0.0,0.0,0.0,0.0,0.0,0.0,0.0,0.0,0.0,0.0,0.0,0.0,0.0,0.0,0.0,0.0,0.0,0.0,0.0,0.0,0.0,0.0,0.0,0.0,0.0,0.0,0.0,0.0,0.0,0.0,0.0,0.0,0.0,0.0,0.0,0.0,0.0014335755480157965,0.0,0.0,0.0,0.0,0.0,0.0,0.0,0.01674128511829644,0.0,0.0,0.0,0.0,0.0,0.0,0.0,0.0,0.0,0.012350982181792062,0.0,0.0,0.0,0.0,0.0,0.0,0.0,0.0,0.0,0.0,0.0,0.0,0.0,0.0,0.0,0.0,0.0,0.0,0.0,0.0,0.0,0.0,0.0,0.0,0.0,0.020981244482785207,0.0,0.0,0.0,0.0,0.0,0.0,0.0,0.0,0.0,0.0,1.0,0.0,0.0,0.0,0.0,0.00014128294173619974,0.0,0.0,1,STAD
